customer_id,account_age_days,monthly_orders,avg_order_value,days_since_last_order,customer_ltv,app_engagement_score,num_favorites,review_count,used_scheduling,used_group_order,discount_pct,offer_duration_days,channel,offer_send_hour,offer_day_of_week,previous_offers_sent,previous_offers_accepted,converted
CUST_00000,430.8622901764626,3,30.656103088220707,7.037531099654359,1320.85587844765,12.398972654779618,3.0,0.0,0,0,10,30,in_app,5,1,3,0,0
CUST_00001,269.0036514388058,8,17.573118648866366,37.36062361921941,1260.5954889899801,111.22358718771599,2.0,1.0,1,0,10,14,push,18,3,5,1,0
CUST_00002,248.81104518677165,0,44.71405401943831,64.64562317998517,0.0,14.653859316661844,2.0,3.0,1,0,20,7,email,5,4,2,0,0
CUST_00003,248.81441297972412,3,43.41061398584673,22.121731318270385,1080.1186435977854,8.104748529966322,1.0,0.0,0,0,30,14,sms,18,6,4,1,0
CUST_00004,836.9485942015172,2,49.31491527289745,14.63894111945555,2751.6032673878967,20.39521133515913,3.0,2.0,0,0,20,14,email,8,5,2,1,0
CUST_00005,516.00712157356,1,17.88230120658688,2.4360487140524203,307.5798257574098,20.234037658800506,6.0,1.0,0,0,20,14,sms,5,6,4,0,0
CUST_00006,203.59404031336183,3,37.670186604069094,40.55945406483601,766.9425490080705,35.996199994095015,5.0,3.0,0,0,20,7,push,17,6,3,1,0
CUST_00007,444.5666052176184,7,22.891596546950478,22.499786026658978,2374.595851807464,31.128679703281115,0.0,4.0,0,0,10,7,sms,11,4,3,1,0
CUST_00008,359.81284753163646,6,58.72337230990468,,4225.884761497451,40.470450329278925,1.0,1.0,0,1,30,14,email,12,5,4,0,0
CUST_00009,38.86468982830537,6,42.76022606201631,9.480835809704145,332.3725845776967,48.47350116495044,4.0,4.0,0,1,30,7,push,20,2,3,1,0
CUST_00010,120.82361088378713,4,22.33352703673382,1.0509463973543922,359.78898404651557,32.021348457606045,6.0,3.0,0,0,10,30,sms,9,6,1,0,0
CUST_00011,379.1098147226694,5,61.82731896220185,,3906.557239426622,8.232579551853483,1.0,0.0,0,0,10,7,email,7,3,1,0,0
CUST_00012,785.7318361470351,3,44.89859957452273,2.0075087534591756,3527.825908412023,17.79975407638592,1.0,0.0,0,0,30,14,push,9,3,1,1,0
CUST_00013,250.5333932926463,5,14.408211741207614,15.813102344284484,601.6230298006153,37.05784970731083,3.0,2.0,0,0,50,30,push,14,2,2,0,0
CUST_00014,190.44493902977464,7,12.147054242342147,16.70072710600695,539.780501067317,56.07767065356929,5.0,3.0,1,0,10,30,push,6,3,2,0,0
CUST_00015,326.5213574649898,8,14.752145173225477,5.8873977939370885,1284.5041246619146,32.85324672855051,,2.0,1,1,10,30,email,18,1,4,2,0
CUST_00016,180.95120652925758,5,89.07770065456477,44.540059321655114,2686.4529013825886,41.570662956451,4.0,2.0,0,0,20,14,push,21,5,3,0,0
CUST_00017,237.19344860505393,2,18.006313103507793,22.641344027655272,284.73196677889234,22.48856966014234,3.0,0.0,1,0,20,14,push,21,4,3,0,0
CUST_00018,296.87444620924765,7,102.07257956540498,10.299536042496063,7070.6394573800935,45.023408840619965,6.0,4.0,0,0,10,14,sms,14,5,5,1,0
CUST_00019,115.22471487189904,11,17.454698198858054,37.62002314556279,737.4446284841052,7.925270542213554,1.0,2.0,1,0,20,14,push,22,0,4,0,0
CUST_00020,534.610816958365,6,16.37377495531479,29.05281189883664,1750.7194411106516,27.575340487061478,1.0,3.0,0,0,10,14,push,5,2,2,0,0
CUST_00021,96.33266033022721,0,56.1469010240353,17.675464084755973,0.0,14.157085254281569,2.0,3.0,0,0,20,30,in_app,13,0,0,0,0
CUST_00022,85.10281989024121,0,57.70327820480293,2.490204510026237,0.0,29.820420641455602,,3.0,0,1,10,14,push,10,3,1,0,0
CUST_00023,348.1110752198643,15,46.22381327650877,-25.0,8045.5106702238545,18.021486158252472,2.0,4.0,0,0,20,30,push,23,6,2,0,0
CUST_00024,506.4036854362291,1,49.68316663703776,,838.6579563046074,35.97881165322154,2.0,2.0,0,0,50,14,email,4,1,4,1,0
CUST_00025,341.6104033842727,3,20.471362019049124,14.081555755031635,699.323023715285,42.04281644745992,,2.0,1,0,20,7,email,10,4,8,2,0
CUST_00026,273.92025187522813,3,54.58733615459333,11.828738200935684,1495.257686866395,18.498457669738514,4.0,2.0,0,0,20,30,email,5,5,2,0,0
CUST_00027,235.32865829702536,2,38.24443284069707,46.591312061157446,600.0007378487958,17.147705533401435,5.0,0.0,1,0,20,14,sms,9,5,0,0,0
CUST_00028,205.18376952359708,8,26.597966520019792,0.25029771180575955,1455.325608597358,26.929989971160133,3.0,3.0,0,0,20,7,email,20,0,3,0,0
CUST_00029,618.8038740935009,4,35.04987119815532,0.18179295974599452,2891.866144519564,8.095324376058137,1.0,2.0,0,0,10,14,in_app,6,0,4,0,0
CUST_00030,381.78790909018596,6,62.57635498692106,33.498757018087865,4778.179145788365,37.878841099919605,4.0,2.0,0,0,30,30,push,11,5,2,6,0
CUST_00031,219.11738645855775,1,41.89264865504375,0.589491298152137,305.98025617066,15.204096848819276,1.0,3.0,0,0,10,30,email,6,1,0,0,0
CUST_00032,168.58917527608028,1,9.073143120375537,6.064220693237298,50.98779052753178,43.4680524373672,0.0,3.0,1,0,30,7,sms,23,5,5,3,0
CUST_00033,465.77141220741726,5,56.52803573465778,38.66035922498844,4388.190505573817,49.89800902624545,2.0,2.0,0,1,10,30,in_app,3,1,3,1,0
CUST_00034,609.0195012123992,2,53.98915689050064,17.62361932764769,2192.029960022044,12.39746190335278,2.0,2.0,1,0,20,7,email,20,6,2,0,0
CUST_00035,572.6177607245199,7,26.378814111817086,15.66863463638891,3524.4947423646486,19.93635191412896,0.0,2.0,0,0,50,14,email,22,5,0,0,0
CUST_00036,144.18846867804245,0,35.51833265245734,16.05029879618397,0.0,20.83423628282231,4.0,2.0,1,0,10,7,sms,18,2,1,0,0
CUST_00037,233.72960423177236,5,35.433009262108726,5.733034000333464,20704.358078933492,32.72115470770587,4.0,0.0,1,0,20,14,push,9,4,2,1,0
CUST_00038,201.85829415361775,9,10.09786741390035,11.34237793869086,611.5014872277984,27.01166176270605,3.0,3.0,1,0,20,7,push,9,1,2,0,0
CUST_00039,258.8918608414779,1,26.023443752638336,14.912692141804662,3368.628889312036,46.912841591536754,6.0,2.0,1,0,20,30,in_app,1,4,0,0,0
CUST_00040,531.1959342053862,2,26.634670070646592,5.473098135806444,943.2152300286238,11.735575307192356,3.0,2.0,0,0,10,14,email,6,6,2,2,0
CUST_00041,738.4072422972979,5,30.10718593632139,23.797831146319556,3705.2273567618445,32.48377576742493,1.0,3.0,1,0,30,14,in_app,22,1,2,0,0
CUST_00042,392.12768525552974,4,24.154998639422395,5.8235536145768245,1262.9124938436232,5.608195306632503,3.0,3.0,1,0,20,30,in_app,17,2,4,2,0
CUST_00043,173.6720321565991,5,49.2892035202925,1.1118712948109755,1426.6926897915662,46.194330722645894,58.0,2.0,0,0,30,7,email,12,0,4,1,0
CUST_00044,291.75155368000276,3,20.379360751923546,3.3744513526148894,594.5710162378964,28.033963621301304,0.0,3.0,0,1,30,30,push,23,0,5,0,1
CUST_00045,830.2571163132452,0,57.17097271799288,7.874132383016626,0.0,22.702473390802297,5.0,1.0,1,0,10,7,email,18,3,5,0,0
CUST_00046,320.68594827969355,2,47.915797419686434,35.79861549527477,15365.92293310984,23.85345125643572,4.0,5.0,1,0,30,30,push,14,2,4,0,0
CUST_00047,235.7432464636039,5,74.9072763010299,8.0616947628952,2943.147416491828,56.766099954235926,6.0,3.0,0,0,20,7,push,11,1,3,0,0
CUST_00048,251.79347012423014,0,93.71698290585711,1.4114265006640345,0.0,24.529260893870113,2.0,4.0,0,0,20,7,push,11,1,3,1,0
CUST_00049,390.8724055286422,2,94.09181800861049,,2451.859683039253,21.973000279637642,7.0,0.0,0,0,10,30,push,20,2,1,0,0
CUST_00050,148.61371221094728,3,16.258717417227253,11.794322769234192,241.6268351162927,18.866225248631977,2.0,3.0,1,0,10,14,push,11,6,4,0,0
CUST_00051,197.85548126220527,12,40.711536377255904,2.933947285565201,3222.000249138298,9.36781466800528,1.0,2.0,1,0,10,14,sms,10,6,4,0,0
CUST_00052,566.9590308433651,3,21.52743667961637,0.9913696859873542,1220.5174636417205,14.758785945877273,,3.0,0,0,30,14,push,7,2,2,3,0
CUST_00053,383.06297075815155,4,237.02834990023635,18.81996605853707,12106.23784889162,119.63901796265152,6.0,2.0,0,1,20,30,email,14,2,4,0,0
CUST_00054,323.1289512861984,8,47.86778903085219,23.01129716358913,4124.658258647536,44.465908529566185,5.0,2.0,1,0,20,14,email,1,4,3,1,0
CUST_00055,586.0824416422262,2,77.4619767834836,28.52025733397454,3026.6069658465003,35.082666934902406,3.0,2.0,0,0,50,14,push,7,6,2,0,0
CUST_00056,164.64344108067456,3,43.00092822545633,27.86215977296773,707.9820792702234,23.51916772001888,5.0,0.0,0,0,10,14,push,12,2,1,0,0
CUST_00057,230.11828510157648,2,6.812329611891728,7.152634316458494,104.50944052234749,17.437398133076513,8.0,0.0,0,0,20,14,email,8,2,6,1,0
CUST_00058,374.20745486065096,5,20.6943554814295,19.890410743382006,1290.6636824478824,39.881366605152294,4.0,3.0,0,0,10,30,push,11,2,1,0,1
CUST_00059,364.84462630752535,1,21.947434108655738,13.139431827132611,266.91344652605125,18.946772898452323,6.0,2.0,0,0,10,30,in_app,7,0,3,0,0
CUST_00060,76.65220337371436,9,26.204177207565046,0.35462361755310395,602.5823761665379,17.963976139689134,2.0,0.0,0,0,30,7,push,20,2,5,0,0
CUST_00061,212.48305444892065,2,41.08902195691953,7.702390401243123,582.048059315002,8.223376660067833,2.0,4.0,0,0,20,7,push,4,6,1,0,0
CUST_00062,264.05970666508915,3,44.73694340438273,0.8149256850910901,1181.3224152454,34.42042314718927,3.0,0.0,0,0,10,14,push,6,6,2,0,0
CUST_00063,404.0289975657182,3,6.845545413734135,1.3055424757485643,276.5798851301602,25.513105247802763,4.0,1.0,1,0,10,14,push,11,3,5,0,0
CUST_00064,363.9174554731679,3,28.727310667574088,0.8644755772934718,1045.4369800730753,26.945470967733122,,2.0,0,0,30,14,email,10,3,4,0,0
CUST_00065,283.0307335202356,4,24.74131027014924,48.64235638055588,933.6734925349435,31.359235602599504,5.0,1.0,0,0,10,30,email,15,0,4,1,0
CUST_00066,38.53891474308011,8,75.83978281538637,27.887827575087094,779.4087797482367,48.29666326827181,4.0,2.0,0,0,30,7,sms,16,2,4,0,0
CUST_00067,293.8808150012629,2,47.244996891924934,8.673309378095906,925.6265460887355,41.01822660151173,5.0,1.0,1,0,10,14,email,15,5,2,0,0
CUST_00068,314.2150250013402,8,29.670505944719213,4.275233815554406,2486.111671259296,71.787817105977,1.0,3.0,0,1,50,30,email,14,4,6,1,0
CUST_00069,1313.6396019809167,0,37.871865234469155,1.1281420787161676,0.0,26.66532131150706,2.0,0.0,0,0,20,7,email,10,5,1,0,0
CUST_00070,257.482759073514,1,12.034604128830328,8.463297154724193,103.29010251495785,23.71315795303443,3.0,3.0,1,0,50,14,push,10,5,2,1,0
CUST_00071,375.6707140435195,3,49.245166806758974,13.757599858318226,1849.9966977487372,14.653014648298493,4.0,,0,0,20,30,email,4,6,4,0,0
CUST_00072,651.6382965985737,2,26.11935597326694,23.9258761554181,1134.6915089780966,54.10793305929473,2.0,,1,0,30,14,email,0,4,1,0,0
CUST_00073,510.8530853650249,13,20.40077185865435,0.7940668375961327,4516.11214072267,9.86319161834476,2.0,0.0,1,0,10,7,email,20,5,2,0,0
CUST_00074,758.3048245100663,5,72.85994989574978,8.11592277879896,138125.12879877188,10.547591449566905,0.0,1.0,1,1,10,7,email,0,5,4,0,0
CUST_00075,77.92419949338355,6,39.02289376851757,56.49123263730389,608.1655517654154,35.00883101020156,8.0,0.0,1,0,10,30,push,21,3,2,0,0
CUST_00076,123.6711409488586,6,22.2144158754446,1.9297874571497324,549.4564313657343,18.83480473347772,3.0,1.0,0,0,20,14,push,6,3,2,1,0
CUST_00077,186.70806799960084,7,23.043047850352124,7.669871094201093,1003.8753538243733,11.30294199430937,5.0,3.0,1,1,20,14,sms,13,5,1,0,0
CUST_00078,64.67709507340585,10,41.24557374139169,4.82489903211811,889.2146314097207,12.123271044279743,1.0,4.0,1,0,20,7,sms,22,0,1,0,0
CUST_00079,316.21631284946653,8,39.366010955306656,2.1587372474143063,3319.5132895676734,20.904597003872738,4.0,1.0,0,0,50,7,email,9,2,2,0,0
CUST_00080,133.05198790269304,2,33.70529783720889,27.390204461489486,298.9704586728655,7.14450385493026,7.0,2.0,0,0,10,14,sms,19,5,3,1,0
CUST_00081,823.5375744027763,2,16.086592592782814,,883.1942296177351,21.876639477314523,4.0,2.0,0,0,10,14,sms,13,6,2,1,0
CUST_00082,152.31615848015204,11,17.579291464287525,7.954115053452254,981.7903863691745,25.878792989945904,6.0,2.0,0,0,10,30,push,10,0,2,0,0
CUST_00083,231.21057921653514,12,21.1367157895295,6.908340763177085,1954.8129201729596,30.550514356872004,3.0,2.0,0,0,30,30,push,5,3,4,0,0
CUST_00084,531.5331887467655,1,29.438759062079775,26.382017507843738,521.5892492338335,26.54091944364323,5.0,2.0,0,0,20,30,push,5,1,2,0,0
CUST_00085,95.24485025414883,10,32.304720405478456,1.4275862926593492,1025.6194191739805,46.929581430439406,4.0,1.0,0,0,10,30,push,8,3,3,0,0
CUST_00086,60.0449696837984,4,30.084719485360853,,240.85814259254286,29.01934359083551,4.0,4.0,0,0,10,30,in_app,21,5,3,0,0
CUST_00087,344.9829138799702,4,30.92153984316357,35.55493247533183,1422.3203889000222,13.451049622836505,,4.0,0,0,10,14,email,6,4,1,0,0
CUST_00088,364.53428743495556,4,102.3857311597088,25.49098532009635,4976.414606908183,12.149345400421259,4.0,1.0,0,0,10,14,email,18,5,3,0,0
CUST_00089,520.8218351682895,7,55.12206291840991,,6698.713925733238,15.817018114644373,0.0,1.0,0,0,30,14,email,4,0,0,0,0
CUST_00090,438.36789960499465,2,67.55418752205061,14.671531598029082,29613.58729356326,44.61343050990272,5.0,4.0,0,0,30,14,push,19,0,2,1,1
CUST_00091,374.44026070265204,5,43.75292181595742,5.189205802107819,2730.475908544975,17.295167697254215,2.0,2.0,0,0,50,7,in_app,3,0,2,0,0
CUST_00092,168.09865505176074,2,34.585745015171376,40.95135585537699,387.58781473422977,29.30132902070942,3.0,0.0,1,0,20,14,in_app,6,4,5,0,0
CUST_00093,357.27208409465,2,42.35027623599504,10.155234597093386,1008.7047635212051,18.192594119194936,4.0,2.0,0,0,30,14,in_app,7,1,3,0,0
CUST_00094,373.3873668289265,9,37.92050912425603,4.940473459961312,4247.7117152154715,36.33563532486426,0.0,2.0,1,0,30,14,in_app,19,5,4,1,1
CUST_00095,162.7351727055332,6,53.77383040717585,6.825533730832651,1750.1787156699627,9.932634341189045,3.0,1.0,1,1,10,30,in_app,13,0,3,1,0
CUST_00096,975.9735935601168,7,18.44725760255964,0.25476656438410233,63014.12702794762,23.53829062544608,3.0,0.0,0,1,50,14,push,14,1,3,0,0
CUST_00097,424.12924273825973,3,51.154387035762085,4.418768838114674,2169.6071436217626,18.991946948404355,3.0,0.0,0,0,20,30,push,19,1,1,0,0
CUST_00098,125.72311418467137,2,36.606843407146314,3.123013303540112,306.8217569078027,11.82689018572221,1.0,4.0,0,0,20,7,email,18,2,2,0,0
CUST_00099,522.5900229364071,0,11.19814094433276,2.185042440621105,0.0,11.130343150990111,5.0,3.0,0,0,20,14,email,0,3,2,0,0
CUST_00100,584.1711252727019,7,34.86324115063879,0.490017348271069,71281.3458476778,31.477895446885913,9.0,1.0,0,0,10,7,in_app,8,0,1,0,0
CUST_00101,406.50810277705483,3,15.123794820705129,3.8597266406205737,614.794513935429,25.727470283623155,2.0,3.0,0,1,10,14,email,8,2,1,0,0
CUST_00102,246.51357086500744,12,24.022752352861456,1.6391679781085957,2368.7737858038545,58.028034733728816,,,1,0,20,7,email,18,1,3,1,0
CUST_00103,156.72336228831776,5,30.09880903856728,0.692864133002662,786.1977588997121,32.06498530846424,2.0,1.0,0,0,20,14,email,0,4,2,0,0
CUST_00104,282.43749534337763,3,13.406489472173693,2.215711123496834,378.6495307868099,71.09444338122604,6.0,4.0,0,0,10,14,email,0,5,3,1,0
CUST_00105,386.46467023001435,8,32.0646856893622,3.392284161044267,3304.4981815915794,35.12795324719966,1.0,2.0,1,0,10,30,sms,6,6,1,0,0
CUST_00106,303.03152094449683,0,34.50419277082441,8.066846796620748,0.0,36.167770386818894,3.0,8.0,0,0,50,7,in_app,7,1,3,1,0
CUST_00107,780.3948990577708,3,52.093711405164754,13.145081440409415,4065.3666653578193,26.621372832172646,1.0,0.0,0,0,20,14,email,5,0,2,0,0
CUST_00108,470.14431045247005,10,25.22260937834188,5.8350029313989165,3952.7554313308488,38.05089409447608,3.0,1.0,1,0,10,30,push,4,5,1,0,0
CUST_00109,141.64560978802774,0,39.04383551886675,,0.0,61.070143313892565,1.0,4.0,0,0,10,7,sms,15,4,3,0,0
CUST_00110,113.61377786926028,8,31.272913845020163,42.28233730472653,947.4757031767027,24.40574014661667,3.0,0.0,0,0,20,30,push,5,3,1,0,0
CUST_00111,426.66320070311247,3,25.765530158946643,10.84957213856155,1099.3203565428748,41.278639946469134,3.0,3.0,0,0,30,14,email,14,2,5,0,0
CUST_00112,251.01045467448313,4,12.153942745103437,,406.7688926048065,30.756307008185914,3.0,3.0,0,0,20,7,push,10,4,0,0,0
CUST_00113,498.38618631408474,2,30.970644852197776,17.78389829047213,1029.022771704986,26.785190738121166,4.0,1.0,0,0,30,30,push,20,6,1,0,0
CUST_00114,423.9550131455686,11,51.76465075428876,-14.0,8046.823836703762,20.840140367835478,4.0,3.0,1,0,10,14,email,7,1,0,0,0
CUST_00115,283.39233829672685,1,18.911494761799077,12.310001930186626,178.64575737441805,11.03000852033246,3.0,,0,0,20,14,email,23,2,0,0,0
CUST_00116,143.11092259081022,3,29.059041764591758,13.825735651874306,415.86662765356124,7.084604171151125,3.0,,1,0,10,14,email,12,4,2,0,0
CUST_00117,67.71595044357396,1,31.744122946050215,6.503132113817221,71.65278187631517,34.19298171822083,1.0,4.0,0,0,30,14,push,23,0,3,1,0
CUST_00118,352.55173350560216,3,64.1654163277807,16.664823786122362,2262.1628757467756,25.343565277823554,3.0,0.0,1,1,30,30,in_app,15,6,0,0,0
CUST_00119,93.6452760514258,7,33.7191084947738,23.458119338211926,736.7815520802494,39.554129672403256,2.0,3.0,1,0,20,14,email,7,4,4,0,0
CUST_00120,137.9167432930255,10,39.36402882040706,6.793317375370624,1809.6528859344457,21.01621275203316,5.0,2.0,1,0,30,14,push,8,2,3,0,1
CUST_00121,337.15913039759664,5,32.9439084644471,0.22541586427312585,1851.2232549618345,29.469813803319372,3.0,1.0,1,0,20,14,sms,5,3,2,1,0
CUST_00122,313.7307975934726,0,24.64604656866057,6.446427047875501,0.0,52.61974025268658,8.0,,1,0,20,7,in_app,10,5,3,1,0
CUST_00123,105.06995216522677,4,16.765373353117706,1.8633190587585327,234.87159683256598,38.13566161130299,3.0,6.0,0,0,30,14,sms,8,5,1,0,0
CUST_00124,628.6187814342396,6,27.90920999097223,2.537074589960485,3508.8507150634537,14.369719549832055,5.0,2.0,0,0,10,14,email,7,4,3,0,0
CUST_00125,617.5545174807136,16,41.9305879253171,,13810.359463414312,147.36063260975544,3.0,2.0,0,0,20,14,email,6,2,3,1,0
CUST_00126,436.3045575076556,1,35.65344659253624,3.490733853286028,518.5253746393118,20.708422644113632,5.0,2.0,0,0,10,14,sms,19,2,3,1,0
CUST_00127,435.93200173763654,3,80.4559764011575,40.974915859886984,3507.3334844312635,37.37995516679512,3.0,3.0,0,0,20,7,sms,19,0,2,0,0
CUST_00128,436.30826204353167,3,58.4114085109379,15.867940696530633,2548.5380130922067,22.12220152765922,3.0,2.0,1,0,20,7,in_app,12,1,2,0,0
CUST_00129,580.7807904342714,4,69.70936988123216,10.95850451996776,5398.1150587062675,63.46503058855162,2.0,1.0,0,0,30,30,sms,14,5,6,1,0
CUST_00130,478.25556494908477,6,9.78288112488635,0.1465789930528791,935.7434678424519,29.557674980489523,4.0,5.0,1,1,20,30,push,10,6,2,0,1
CUST_00131,153.86360593455652,4,85.42173284915286,1.640824967165605,1752.4394455132024,39.77188594516805,2.0,0.0,1,0,30,30,sms,14,6,0,0,0
CUST_00132,248.26472652677762,2,38.864722291682845,23.301383134700153,643.2493100855867,19.29424616691013,2.0,1.0,0,1,10,30,push,18,6,1,1,0
CUST_00133,1223.3757956804077,2,42.324041325646334,7.408145241368436,51778.20773317303,14.954944973412127,1.0,3.0,0,1,10,30,in_app,11,3,2,1,0
CUST_00134,41.66717743282864,2,56.69105325672374,0.6984076143978225,157.47707832678972,17.383907301766722,4.0,1.0,0,0,20,14,push,18,2,2,0,0
CUST_00135,203.15334770450232,3,33.541731669726914,26.192538616036366,681.4115076511149,25.009952707544258,8.0,4.0,1,0,10,7,email,21,1,3,1,0
CUST_00136,630.8662600850932,5,17.422660238387156,5.406931876773774,1831.8947508874273,3.3905402637656348,2.0,0.0,0,0,20,14,email,23,2,2,0,0
CUST_00137,162.5880287224506,8,78.92078121111636,7.32362903687713,3421.75313129366,55.50046202964979,3.0,4.0,0,0,30,14,email,23,3,3,0,1
CUST_00138,487.2562719028602,1,20.885742808629086,,339.22363922848604,70.38256077735599,,3.0,0,1,30,14,sms,7,4,4,0,0
CUST_00139,310.7150349114339,3,18.330559265242922,0.23451483924665634,569.5580362046063,26.83627258902189,3.0,1.0,0,0,30,14,push,14,4,3,0,0
CUST_00140,172.6280850653356,1,28.77248219374072,19.165603095996612,165.56461678939755,7.214705960637173,1.0,,1,0,50,7,push,9,3,3,1,1
CUST_00141,32.58201908180855,0,26.269212846338906,44.60491752735327,0.0,50.586278112306395,4.0,0.0,0,0,20,14,sms,16,5,7,1,0
CUST_00142,345.44745358838423,2,33.191177429662105,0.9898469235391151,764.387181645135,31.4759796775942,6.0,4.0,0,0,30,30,email,6,1,2,0,0
CUST_00143,150.94967786691197,0,31.22050318083471,30.157356794883082,0.0,41.0667156268167,,,0,0,30,14,sms,7,5,2,0,0
CUST_00144,274.1197275494654,8,74.31240236016772,8.074023609175242,5432.132130270779,82.49285690342397,2.0,0.0,0,0,20,14,in_app,23,0,2,0,0
CUST_00145,433.31417458663964,6,43.623393709466434,31.555585137088265,3780.5269675770915,23.28692881342584,3.0,1.0,0,0,50,14,push,14,3,6,1,0
CUST_00146,549.506213702474,5,19.792870805209446,5.528493189748414,1812.7175824121468,5.780104890725105,3.0,1.0,0,0,20,14,in_app,6,3,4,0,1
CUST_00147,202.61382403932427,1,21.49235831887614,60.8234431727178,145.1549635536959,23.205343907578847,,2.0,0,0,10,30,sms,9,1,0,0,0
CUST_00148,172.35029075835018,2,26.23480098903583,15.621408038792472,301.4383718965185,13.443613945885675,9.0,4.0,0,1,10,30,push,9,3,0,0,0
CUST_00149,92.03509402709341,1,26.297645149620458,14.796287128044398,80.67687480121519,28.1760830781575,3.0,5.0,1,1,20,14,push,7,0,1,0,0
CUST_00150,567.833233031355,10,24.316460744551918,24.590988262616722,4602.564840152982,21.344835490160683,1.0,1.0,1,0,30,30,email,2,6,2,1,1
CUST_00151,1112.7106755915497,2,17.097885299645203,,1268.3333001970025,13.160274638218924,4.0,2.0,1,0,20,7,in_app,23,6,1,0,0
CUST_00152,609.5657489759402,11,39.4187378208643,4.489633686509426,8810.381229269167,7.417799471468767,2.0,2.0,0,0,50,7,push,9,6,5,1,0
CUST_00153,701.2081894756861,12,25.19479179805113,4.5760900968354274,7066.717736371321,41.558913348058354,3.0,0.0,1,0,30,7,push,12,1,1,0,1
CUST_00154,163.77013719401683,2,18.707399196789765,,204.24755553343334,28.357789195077764,5.0,1.0,0,0,20,14,in_app,10,6,4,0,0
CUST_00155,415.4042997100212,5,44.31331149175262,14.409621462384083,3067.990021343922,17.728560537460623,1.0,2.0,0,0,20,14,email,16,3,3,0,0
CUST_00156,518.4125098129399,2,55.07485165984915,,1903.4328051038506,8.627345015956017,2.0,0.0,0,0,50,30,push,17,2,4,0,0
CUST_00157,119.36494753763783,14,28.577444171109597,10.384549403824801,1591.8677246473267,18.94111826110285,5.0,0.0,0,0,20,14,sms,21,0,3,1,0
CUST_00158,861.6873863278731,7,96.43718065620793,7.7488387828825465,19389.69716704457,22.501099980399232,3.0,3.0,0,0,50,14,sms,8,2,3,1,0
CUST_00159,75.278418048177,5,125.12489762067972,23.687103759732167,1569.8673918874792,36.27469029884126,2.0,4.0,0,0,10,7,email,23,0,1,0,0
CUST_00160,775.0182628612412,0,44.6178539640217,5.130340221025239,0.0,39.79001867370878,4.0,,0,0,30,14,email,18,3,2,0,0
CUST_00161,74.75078298544575,11,24.995943919451097,17.521136677549872,685.1043391277291,16.194185238359836,1.0,2.0,0,0,10,30,in_app,6,1,2,0,0
CUST_00162,124.8367787900595,5,38.914702387573215,1.6774748044795846,809.6643489397463,7.563424979786978,3.0,2.0,0,0,20,14,email,11,3,2,0,0
CUST_00163,420.7050887645408,4,15.884347030793391,1.8026842965805445,891.0167503408939,8.676796413910864,4.0,2.0,0,0,50,14,push,9,5,2,0,0
CUST_00164,316.5146348889503,6,19.626522405471587,15.49470590823142,1242.416314661528,29.774571617457408,2.0,2.0,0,0,20,30,in_app,11,1,4,0,0
CUST_00165,219.073793971862,5,12.065938909283433,1.2956366462706137,440.5551691149053,37.741839079866764,116.0,2.0,0,1,30,30,push,8,5,6,3,0
CUST_00166,840.0858849701713,19,22.71262666289697,2.527188037677776,12084.352811061373,8.076899474418877,,4.0,1,0,10,7,push,7,0,2,0,1
CUST_00167,94.49508385837042,1,15.80755278029734,14.687222289211864,49.79120085232713,47.60336209583584,1.0,3.0,1,0,20,30,push,17,6,4,0,0
CUST_00168,266.0925961007388,3,48.155436485475406,-24.0,1281.3805110784388,23.033026612019082,1.0,0.0,0,0,20,14,email,11,4,1,0,0
CUST_00169,458.53111628980287,2,21.126007927424073,12.358970779733712,645.7954665139323,23.9607040879581,3.0,1.0,0,0,20,14,push,12,2,3,0,0
CUST_00170,370.1485638369057,2,39.0941474776674,56.546731153910294,964.709502885785,11.047952810845098,1.0,1.0,1,0,10,14,email,10,4,3,1,0
CUST_00171,177.3161228163527,6,51.87016993006818,14.993497068490427,1839.4834843650106,11.112610992846363,1.0,1.0,0,0,30,14,email,21,6,5,1,0
CUST_00172,182.82790511377863,3,66.8736786760016,13.405131115114672,1222.6374579585342,56.061141182606676,9.0,6.0,0,0,50,14,email,2,0,2,0,0
CUST_00173,543.9059860065792,3,26.787765583673167,7.173878065078081,1457.002605270086,43.46869805215546,0.0,,1,0,20,30,email,18,6,0,0,1
CUST_00174,561.3644373958386,3,39.900246401936364,14.94940453620021,2239.8579373378343,58.14407817525732,6.0,1.0,1,0,10,14,email,19,1,1,1,1
CUST_00175,377.2257899091942,0,40.67041403974705,0.1962713850057377,0.0,34.180288046935175,3.0,3.0,0,0,20,14,push,9,2,2,0,0
CUST_00176,145.65094868979415,4,71.04083332038365,12.223630212641222,1379.621969176989,18.568150067694873,3.0,5.0,0,0,50,30,email,3,0,1,0,0
CUST_00177,187.746100544104,2,52.99167615032144,1.070786419260153,663.2653705679231,63.27762311595427,4.0,3.0,1,0,30,14,email,18,6,3,0,1
CUST_00178,295.169073923435,8,72.38557167481227,3.7302331963963855,5697.595241779405,38.91714317756892,4.0,2.0,0,0,20,7,push,10,2,0,0,0
CUST_00179,328.09870330528,3,12.19723302799096,12.421485226558016,400.1896340396168,26.407509844501014,3.0,1.0,0,0,50,30,email,14,4,4,1,0
CUST_00180,445.938501326056,1,22.229881425069077,,330.4386669117078,13.640345230171679,4.0,,0,0,50,7,in_app,19,0,2,0,0
CUST_00181,255.4249000757723,3,61.50325501803218,7.287033559059201,1570.946276731561,12.326650570369186,3.0,2.0,1,0,30,14,in_app,5,4,3,1,0
CUST_00182,535.5922018503998,0,46.91892452866831,8.144549320847988,0.0,23.992188282728343,,2.0,0,0,50,30,push,9,1,3,0,0
CUST_00183,531.5306091614124,6,30.72180529193979,10.33799690072821,3265.915976272612,18.49510916353939,3.0,0.0,0,0,30,14,email,16,6,1,1,0
CUST_00184,717.1116629541344,4,24.917492577688787,21.349019536852808,2382.483271871161,15.65135277101956,2.0,0.0,0,0,50,14,email,9,3,5,0,0
CUST_00185,304.90736926265237,1,53.15492308672616,0.2667748667345588,540.24425872441,25.482598915687117,1.0,1.0,0,0,30,30,email,9,6,2,0,0
CUST_00186,381.810391564795,2,10.097155566831931,8.887803726166032,257.01326137751664,16.246090310634784,1.0,3.0,1,0,10,30,sms,17,0,2,3,0
CUST_00187,270.76233719053766,0,53.26687795057486,0.21564668323595276,0.0,47.906908942114,3.0,2.0,1,0,10,14,push,17,4,3,1,0
CUST_00188,147.2030428530598,3,34.96728673223025,5.766019601530959,514.7291007299718,19.974812516899636,3.0,1.0,0,0,10,7,email,14,4,5,0,0
CUST_00189,1096.2173195703233,1,24.697358372793595,11.004807788031957,902.4557331963825,29.71771770362373,5.0,,1,0,10,30,push,10,5,2,5,0
CUST_00190,657.6150110416272,4,44.76669917984917,1.2494081646526773,3925.233783393829,25.693062678195638,5.0,1.0,0,0,20,7,email,9,3,2,0,0
CUST_00191,524.131727121339,6,26.26850125864432,9.960046225887336,2753.630986716463,17.736904639895478,1.0,1.0,0,0,20,14,email,8,1,3,0,0
CUST_00192,297.1630966845942,3,33.69708182353564,38.769029371298004,1001.3529183916005,12.309672597997103,6.0,3.0,0,0,10,30,email,3,5,3,0,0
CUST_00193,136.0706587579729,2,32.20921267233416,17.344050262487542,292.1819190933439,19.876741066885536,2.0,0.0,0,1,10,14,push,2,0,1,1,1
CUST_00194,588.4369037195765,4,51.76519200564478,22.866299005679743,4061.4065739001317,8.68143201713405,4.0,1.0,0,0,20,30,email,22,1,1,0,0
CUST_00195,267.10808232651084,3,36.43424367509837,13.02730932303539,973.1880959072333,14.98962893978507,7.0,4.0,1,0,10,14,push,4,5,1,0,0
CUST_00196,406.5509371900166,5,10.533158243478558,34.00233123048594,713.7108925761595,69.33289740334176,2.0,1.0,0,1,30,14,sms,14,2,2,0,0
CUST_00197,187.14428137016517,4,14.364267778112044,2.382637649474258,358.425409432453,47.63849952307629,2.0,3.0,0,0,10,7,email,7,3,2,0,0
CUST_00198,360.60151529609755,6,17.279144915255042,8.961720688070601,1246.1771678923653,20.347288808704718,3.0,2.0,0,0,50,14,email,14,6,2,1,0
CUST_00199,196.94377127164412,3,43.550744570639004,13.633517818296186,857.7047877429725,19.41422946121857,3.0,0.0,0,0,10,14,sms,16,1,4,1,0
CUST_00200,203.3135135580065,9,46.252312046966786,31.009770923401,2821.1160217350384,39.12795586001286,3.0,3.0,0,0,10,14,push,18,4,2,1,0
CUST_00201,357.2188880850318,2,90.21667805901565,5.522761935827438,2148.47342819779,63.02803793769175,5.0,2.0,0,1,20,14,push,4,5,2,0,0
CUST_00202,73.63178551690355,12,18.01746839017985,0.016929216172158104,530.6633472253249,14.81027760163266,3.0,2.0,0,0,30,14,email,4,3,5,1,1
CUST_00203,77.39443414946172,5,72.64261854774028,54.9857143813864,937.022392939592,47.34527280142441,3.0,,0,0,50,14,push,19,0,6,1,0
CUST_00204,162.10339882252586,6,10.352963435649299,0.39481010849167264,335.6501121608171,7.2838524576448975,1.0,0.0,0,0,30,14,push,22,6,1,0,0
CUST_00205,253.08272781919058,6,33.4701760282779,2.4796079714434667,1694.1446899650105,11.794649945855722,2.0,2.0,1,0,10,14,email,7,0,1,0,0
CUST_00206,546.6947243195317,7,38.36409668358272,8.223923524157128,4893.804827379794,15.724786457699077,4.0,3.0,0,0,10,30,in_app,8,1,4,1,0
CUST_00207,264.3473369403006,4,38.28101777755225,10.288695542843346,1349.2646806480323,65.99380351332104,6.0,1.0,0,0,20,7,push,21,5,2,0,1
CUST_00208,295.71846736311153,3,27.501558872695956,26.978676150381922,813.271883993003,33.37449404224175,4.0,1.0,0,0,10,30,email,18,4,1,0,0
CUST_00209,237.79701780865543,1,35.54279115072864,8.908162292999645,281.73232467463794,38.3789861636644,1.0,2.0,0,0,30,30,in_app,7,4,1,0,0
CUST_00210,381.4154153529573,3,15.781971711105635,,601.9487295279979,54.667983347124824,4.0,1.0,1,0,20,14,push,13,1,3,1,0
CUST_00211,145.90432057081043,3,55.65082442503473,3.3471508481905876,811.9695726940154,16.803170778902015,1.0,2.0,1,0,20,14,push,8,2,2,0,0
CUST_00212,275.4295081201949,0,38.46982855143545,12.630232022195418,0.0,28.95172063013555,5.0,7.0,1,1,10,14,email,10,5,5,1,0
CUST_00213,403.366462663064,4,41.15477865519831,6.424491797815741,2213.3943317104945,21.898181467067946,0.0,0.0,0,1,50,30,sms,16,2,2,0,1
CUST_00214,355.1455454818686,12,28.01079924301558,1.559293956161204,3979.164230617552,35.859499345362366,3.0,0.0,0,1,20,7,email,7,5,5,0,0
CUST_00215,302.93573393566487,2,27.199870850592557,43.91070368807375,549.3208559386369,6.792151816468516,1.0,2.0,0,0,30,14,push,3,1,0,0,0
CUST_00216,305.73177075833695,2,45.369430284469594,1.2782104777209469,924.7250839445205,52.26305257395758,4.0,0.0,0,1,30,14,push,23,6,0,0,0
CUST_00217,431.2422588261191,8,85.96878884495378,16.992417172525695,9886.233250678277,19.524059585957126,4.0,0.0,0,1,10,7,push,10,4,2,0,0
CUST_00218,1130.0758554382105,7,14.351024675872097,35.82102595941135,3784.140846966907,20.9111393214185,4.0,1.0,1,0,10,30,push,17,0,6,0,0
CUST_00219,154.68063000339038,1,13.92321923602017,2.96222212397131,71.78841077009746,26.26724280029109,2.0,4.0,0,0,20,30,sms,23,5,5,1,0
CUST_00220,1150.80341882131,9,38.85058705201061,4.059772120502592,13412.81652080062,15.779291231030193,4.0,2.0,0,0,20,7,email,1,0,5,0,0
CUST_00221,148.64213003927148,7,27.13108037925555,8.345369092357327,940.9917014958206,61.965192542265676,3.0,2.0,0,1,50,14,push,10,5,0,0,0
CUST_00222,27.63242915021659,2,35.67547446783338,5.232939555591029,65.7200013755178,26.576050605642887,1.0,2.0,0,0,50,14,email,0,4,2,0,0
CUST_00223,193.66020170156852,3,32.64613301667722,21.34643796344634,632.2256704785946,17.39177407490541,98.0,3.0,0,0,30,14,email,15,3,4,0,0
CUST_00224,386.63086695036316,3,48.09631777813471,6.190821524152489,1859.5521039680389,22.257598636274086,4.0,5.0,0,0,10,14,email,5,3,2,0,0
CUST_00225,981.2874268764368,1,27.890941030851867,63.85528947166908,912.300991910902,19.975747370684466,0.0,0.0,0,0,30,7,email,22,5,2,0,0
CUST_00226,135.91155030338675,1,16.039796672186753,29.362313050398917,72.66645440893352,29.191739798770293,129.0,1.0,0,0,20,7,email,20,6,3,2,0
CUST_00227,429.44545720850124,4,20.616415416477135,33.856166641331086,1180.4834592705888,21.952614679793868,2.0,1.0,1,0,20,30,push,15,3,1,0,0
CUST_00228,85.90319003698906,4,30.076044980120898,0.9867179583760736,344.4837609984475,15.345896019917129,4.0,3.0,1,0,20,30,email,5,6,4,0,0
CUST_00229,958.5701438940376,2,15.59605064897826,2.9093874468629153,14949.90851476979,25.806235612230488,3.0,3.0,0,0,20,7,push,9,1,2,1,0
CUST_00230,666.0143659818993,4,32.3912283416872,,2876.403120981831,34.846406226273366,5.0,1.0,0,0,10,7,sms,23,2,5,2,0
CUST_00231,203.6476547742259,2,34.344874495454604,16.71950844680295,466.28354296763035,44.93506286857038,7.0,1.0,0,0,20,30,push,8,1,4,1,0
CUST_00232,737.404702394097,10,26.717474849770973,0.17974324508131037,6567.197196772378,23.778204225684316,2.0,3.0,0,0,20,14,in_app,23,3,1,0,0
CUST_00233,274.1627479160172,3,37.54473969102604,24.63144665628313,1029.3369003483258,51.09359726189653,4.0,0.0,0,0,20,14,push,19,3,3,0,0
CUST_00234,689.3677102805412,2,12.571506339277027,11.879471168808555,577.7593693256475,29.307736177760397,4.0,1.0,0,0,20,30,in_app,12,4,2,0,0
CUST_00235,301.220176228623,3,18.691883587032823,12.531484140921814,563.0372468130934,34.46157316165036,3.0,0.0,1,0,10,30,push,20,0,3,1,0
CUST_00236,311.050269482003,1,16.682840366880708,11.561326543788143,172.97339972811605,24.64890457097717,1.0,0.0,0,1,20,14,email,23,4,3,1,0
CUST_00237,207.096998274437,2,56.14367570912747,11.496929985823071,775.1457807635816,37.47962279090735,1.0,3.0,0,0,50,30,push,8,1,2,0,0
CUST_00238,469.26153746578126,4,132.11838828135822,3.3075694443731747,8266.41040165483,20.05388146407989,3.0,3.0,0,0,20,14,email,4,1,3,1,0
CUST_00239,328.83143050193576,1,19.521340504564954,4.993951917728465,213.97434411438246,36.661772393932665,1.0,1.0,1,1,10,14,email,4,1,3,0,1
CUST_00240,436.1266700678218,0,28.7562362803359,10.030256703798598,0.0,71.80888712220212,2.0,0.0,1,0,20,7,email,14,3,4,1,0
CUST_00241,66.06967292873506,4,21.844353223411552,16.990813845907415,192.43323637474143,29.945356070879875,103.0,3.0,0,0,20,30,push,8,2,3,0,0
CUST_00242,705.6235333070128,6,37.8161078133364,4.760860745165128,5336.787122233073,37.36047355234795,5.0,,1,0,10,30,push,9,6,3,1,1
CUST_00243,824.0924086760924,7,22.98759701705126,24.60889277342733,4420.244312273331,8.968203225709981,1.0,,0,0,10,30,sms,5,0,1,0,0
CUST_00244,327.6911859896103,1,39.23887348878951,24.957870388784116,428.6077663479237,67.50973214622077,4.0,1.0,0,0,20,30,in_app,4,2,2,0,1
CUST_00245,1078.8671955428804,5,49.35385952588683,4.800587581585215,8874.376669318466,9.20158969676402,1.0,2.0,1,0,20,7,email,8,3,1,0,0
CUST_00246,920.7074981540062,0,15.89023925303305,12.31691346202349,0.0,9.214126008136097,1.0,2.0,1,0,20,30,email,5,6,2,0,0
CUST_00247,476.3505314759393,4,38.974539098840445,6.436907111619343,2475.405655168323,28.481290517896774,5.0,3.0,0,0,10,30,push,3,2,5,0,0
CUST_00248,743.6690337665266,8,11.286037994626998,3.173519652487281,2238.1538588044177,66.90725436489068,0.0,4.0,1,0,30,7,push,1,6,1,0,0
CUST_00249,619.2943646861696,3,28.391210883478006,24.59845338093575,1758.2516906754577,24.349200192963156,2.0,2.0,0,0,30,7,in_app,2,4,2,1,0
CUST_00250,48.803346162664745,3,27.270124020261715,71.48222913135211,133.08733024596313,4.742938789572134,2.0,2.0,1,0,20,7,push,17,4,2,1,0
CUST_00251,241.64933741027036,10,28.861766757799725,,2324.8089378373566,19.68404556296283,4.0,2.0,1,0,10,7,push,14,4,1,0,0
CUST_00252,499.5415392407526,7,27.460915142415598,36.79182695604531,3200.835824480462,37.623072438065904,5.0,3.0,0,0,20,30,email,16,2,8,2,0
CUST_00253,859.906313708138,2,24.607314291317167,15.415408998617444,1410.665661500275,19.811633967611208,3.0,3.0,0,0,50,14,in_app,19,4,5,1,0
CUST_00254,79.99990529658346,2,28.234106371825334,12.511114727083022,150.58172239197935,17.194841861882594,3.0,4.0,1,0,20,14,email,14,6,4,0,0
CUST_00255,52.738032956684044,2,38.20179924149808,9.813076825545156,134.31251649351688,33.71016686327447,1.0,1.0,0,0,20,14,sms,11,2,0,0,0
CUST_00256,287.27612896624146,16,38.851796761545515,4.032217187226375,5952.6366810879745,5.872892438382846,2.0,3.0,1,0,20,14,push,19,6,2,0,1
CUST_00257,30.395312171262717,8,35.48533834551097,1.3202645037893397,287.62344973724936,11.033072441851013,4.0,1.0,0,1,10,14,email,14,1,3,1,0
CUST_00258,279.7632619614033,13,23.47278220361962,8.759977522382588,2845.6229171908208,33.634537377677354,4.0,3.0,0,0,20,30,email,16,2,2,1,0
CUST_00259,393.50781305476846,5,63.32004773950251,12.359431029355024,4152.8222514158615,4.867951817394722,4.0,,0,1,50,14,push,10,1,4,0,0
CUST_00260,130.30664319413845,5,82.69945816504318,10.683410452434787,1796.0481312434772,15.656853753141437,1.0,2.0,0,1,20,14,email,10,2,1,1,0
CUST_00261,285.66914255445005,0,15.286214527555215,17.83974285792568,0.0,43.532315348574876,5.0,3.0,0,0,10,14,in_app,10,1,0,0,0
CUST_00262,581.1925817189497,9,36.54562549632885,3.199732272383174,6372.013929823572,24.148705927429994,1.0,2.0,0,0,10,14,email,8,2,1,0,0
CUST_00263,192.87973386019536,0,25.005976104590314,6.559050501260781,0.0,14.148433860947648,2.0,0.0,0,0,10,14,in_app,14,5,5,0,0
CUST_00264,150.89792358613062,1,57.70586597762133,8.056703950821587,290.25651182542,38.77485354440719,4.0,1.0,0,0,20,14,push,10,1,2,0,0
CUST_00265,275.8093902973285,1,32.866157445469305,3.0965700189357785,302.1598282150298,8.24881969079485,4.0,3.0,0,1,10,14,email,2,6,6,1,0
CUST_00266,118.00560667310263,2,34.18909620239603,35.541167616596326,268.96700259792084,10.225392230127358,4.0,3.0,1,0,30,30,email,16,6,1,0,0
CUST_00267,1027.333799915789,7,44.566421488061756,17.162531664839264,10683.071265061804,6.4874888909012665,3.0,1.0,0,0,20,14,sms,11,4,2,1,0
CUST_00268,308.2693465016308,2,27.70122469084556,1.4453896638986539,569.29589551612,21.769372039872373,2.0,2.0,0,0,20,14,email,6,1,1,0,0
CUST_00269,165.00627131101234,7,90.60311971883286,18.71354425284585,3488.3526892549685,40.029997580154955,4.0,3.0,1,1,20,14,sms,2,5,3,0,0
CUST_00270,352.52227648109886,0,44.96317570009683,,0.0,18.317908151077905,4.0,1.0,0,0,20,7,push,6,0,3,0,0
CUST_00271,274.6470565449023,2,57.914309576268515,11.133185442135048,1060.3996437968262,17.798018989669902,5.0,3.0,0,0,50,30,email,11,6,1,1,0
CUST_00272,251.52524283502032,0,29.010755554639825,68.7596089940065,0.0,16.60282831560564,,1.0,0,0,30,30,push,3,5,4,0,0
CUST_00273,192.83758104557072,7,30.76219813925902,14.442907777397492,1384.158504591162,21.519899157842268,3.0,,0,0,10,14,in_app,14,0,3,0,0
CUST_00274,185.1000137847432,9,53.89161585082919,,2992.6016510611703,26.377409582555067,2.0,1.0,0,0,30,7,in_app,7,5,2,0,0
CUST_00275,67.68633397358792,6,50.739736496935606,,686.8773500526862,16.562858895331516,0.0,,0,0,20,30,in_app,23,0,1,1,0
CUST_00276,742.9213228991061,6,15.655133472313247,1.604070251227383,2326.106493882607,46.46535543403829,2.0,0.0,0,0,30,7,push,18,1,1,1,0
CUST_00277,454.9145238632818,7,35.751047088134754,0.1259612428935113,3794.8564648662705,32.953731572568486,3.0,3.0,0,0,20,7,push,4,3,1,0,0
CUST_00278,378.29630820221644,11,44.004978152142556,8.571030982050281,6103.8709517407315,7.644461121392259,,1.0,0,0,20,7,email,16,5,3,0,0
CUST_00279,271.24560378018856,2,30.625090531832207,21.99858021353066,553.7947448086509,49.28832127383225,5.0,0.0,0,0,20,7,in_app,19,5,4,0,0
CUST_00280,128.23053761895696,2,41.569076580322736,26.07577930161945,355.3616692145585,44.46038446182181,5.0,1.0,1,0,10,14,email,20,6,3,0,0
CUST_00281,156.3295917567152,3,31.41242298992786,23.23177912754457,491.0691262104677,20.82880073969174,3.0,2.0,0,0,20,7,push,12,3,3,0,0
CUST_00282,76.00997230710281,5,8.601610331904315,8.893772005835745,108.96802718742273,13.035448527631813,1.0,3.0,1,0,20,14,email,20,2,3,0,0
CUST_00283,173.43758509103404,11,15.08144433259155,20.792262683472554,959.0860710674981,34.28579653795187,,2.0,1,0,20,30,push,18,5,2,0,0
CUST_00284,112.32258366943785,0,59.44138259679141,19.029084590060066,0.0,37.97487321240098,4.0,5.0,0,0,30,14,push,13,6,2,0,0
CUST_00285,887.6423767365915,6,28.59900279032021,5.649213051046348,5077.137361819248,48.15438600491295,4.0,1.0,0,0,30,14,push,10,6,1,0,0
CUST_00286,555.0507004654389,6,37.107332705988206,2.7718390707785026,4119.290202172569,24.42996528928275,,3.0,1,0,10,14,in_app,0,4,2,0,0
CUST_00287,318.34031284232503,3,33.04287359897076,14.569867191244834,1051.8878718705753,13.16909045249032,6.0,2.0,0,0,10,30,push,14,3,3,0,0
CUST_00288,141.0649512328379,9,20.182603504516948,16.955556893871456,854.117393734916,8.720808252497632,3.0,3.0,0,0,10,30,push,7,3,0,0,0
CUST_00289,117.75579903195336,3,25.02193691989167,12.588927717393497,294.64781753289776,18.03696231485479,2.0,0.0,0,0,50,14,push,6,2,3,0,0
CUST_00290,257.9074074508428,5,40.3410550490861,3.5963279548191465,1734.0428202569215,24.355937787176266,2.0,1.0,0,0,20,14,email,5,2,1,1,0
CUST_00291,570.7951789770667,1,42.88824081221009,4.8584147970921725,816.0133696805666,15.325628703355301,3.0,0.0,1,0,20,30,in_app,16,3,1,0,0
CUST_00292,78.23523509936697,4,123.10598884961178,18.490022671593078,1284.1634639719234,105.31327519406673,1.0,2.0,0,0,30,7,push,15,1,2,0,0
CUST_00293,450.75966947568827,5,24.862352032597776,49.30024083488947,1867.82426410033,19.466088406612002,6.0,2.0,0,0,10,14,push,10,3,4,1,0
CUST_00294,172.78210769703324,3,90.23194258159967,43.46156234242565,1559.0465220846472,27.87956275852508,4.0,3.0,0,0,20,7,push,11,6,1,0,0
CUST_00295,200.44285147191792,4,19.761805710593332,10.998858504100667,528.1483582487144,30.89902094184293,2.0,2.0,0,0,10,14,push,18,2,4,0,0
CUST_00296,311.41725823675785,1,44.39647685810931,32.64714879216612,460.86096995080237,18.872489162548593,,6.0,0,0,10,7,email,5,2,4,0,0
CUST_00297,145.37048101548908,0,36.845134392387685,0.44840391889114645,0.0,17.071352848546923,4.0,5.0,0,0,20,14,in_app,6,5,2,0,0
CUST_00298,247.82880953625835,1,30.706693780988143,29.615645176914985,3805.0016822683597,27.58794903414763,3.0,2.0,0,0,20,14,email,22,5,2,0,0
CUST_00299,134.6613190636135,2,33.00321328115648,9.698272006120275,296.2837489185533,22.068348018543418,2.0,2.0,0,1,10,7,email,23,4,2,0,0
CUST_00300,184.93954323360737,1,22.792487928628972,22.816415622415512,140.5077435559384,33.637710575511406,2.0,4.0,0,0,20,14,email,11,5,4,1,0
CUST_00301,511.9998844304496,4,56.95962783452035,0.08397828413208644,3888.443049130112,20.303794360898447,4.0,2.0,1,0,20,14,sms,11,4,1,0,0
CUST_00302,323.679817522295,1,19.973990968272815,30.438161591655675,215.50592506008377,31.024572254421674,4.0,1.0,0,0,50,14,push,4,4,2,0,0
CUST_00303,510.6722086625965,7,40.06549748854707,13.55726847048613,4774.078421849811,34.98468589968895,5.0,0.0,0,0,30,30,email,15,2,3,0,0
CUST_00304,170.86196844580093,7,52.11824086970287,4.121100708865916,2077.839219616959,20.641453226766625,0.0,1.0,0,0,20,30,email,11,3,1,1,0
CUST_00305,453.0894678876072,1,75.98392889617143,,1147.58393038587,3.536585140417551,3.0,2.0,0,1,20,7,push,12,6,1,0,0
CUST_00306,58.46409854763811,2,59.326831925964974,,231.23264988258526,23.608280688399876,3.0,2.0,0,0,20,30,push,22,3,1,0,0
CUST_00307,311.3132357151317,7,46.68662251414385,8.28528460838763,3391.30482121411,42.17339641370122,3.0,2.0,0,0,10,30,push,22,6,5,1,1
CUST_00308,474.20829105254575,0,22.58669061835576,6.007298528233073,0.0,21.547771334903505,2.0,3.0,0,0,30,14,push,21,1,4,0,0
CUST_00309,55.85004998862529,8,20.666931454639094,11.469750109792194,307.79977462748957,44.84235495879504,0.0,,1,0,20,30,sms,4,0,2,0,0
CUST_00310,172.59018595237626,4,16.724131374691762,25.293524298612407,384.85612584666944,25.363862492975226,1.0,1.0,0,0,20,14,email,9,3,5,1,0
CUST_00311,311.14980381992655,0,15.791007909073503,60.49191251280107,0.0,13.872179503398016,1.0,1.0,1,0,10,14,email,15,5,4,0,0
CUST_00312,599.8609108972747,6,33.08756649138908,4.344412267632989,3969.58755497976,39.71995141263978,3.0,4.0,1,0,30,14,email,5,1,4,0,0
CUST_00313,184.91925485051212,2,21.403404080932326,1.6892728797469885,263.8601022606944,12.958550499029503,3.0,2.0,0,0,10,14,push,22,3,3,0,0
CUST_00314,440.72485916634906,2,68.0018819612424,7.554454829785232,1998.0079900276835,39.84461043273415,2.0,,0,1,10,7,email,13,5,1,1,0
CUST_00315,775.1474813652992,2,23.397356480513693,2.3244649939411004,1209.0934630984168,10.560965760135842,3.0,2.0,1,0,10,14,email,13,3,3,1,0
CUST_00316,455.0725510486491,2,35.04221587193395,26.95823308574999,1063.1167047492295,5.0158797459685465,2.0,1.0,0,1,50,30,email,4,3,1,0,0
CUST_00317,255.2469339469518,4,28.253398152315448,10.430992112140308,961.5457669281321,32.542506557567364,2.0,2.0,0,0,10,30,email,0,0,6,1,0
CUST_00318,394.77547147596493,3,14.26323913586524,14.512275562497,563.0776954635634,37.900652069562504,2.0,0.0,1,0,30,30,push,15,6,1,0,0
CUST_00319,180.39661925337225,5,63.66688055962835,2.4485976207328357,1914.2150018942004,45.5929280346798,6.0,2.0,0,0,10,14,push,6,0,4,1,0
CUST_00320,320.57486838815754,1,50.26400682013916,20.77096271086526,537.1125790342521,6.6707532337691555,1.0,1.0,1,0,30,30,push,19,6,3,0,0
CUST_00321,265.25852052024214,2,53.855969589972254,54.50553846275706,952.3836543079462,11.56817059077805,1.0,3.0,0,0,10,7,sms,2,5,7,1,0
CUST_00322,385.4890045872322,0,47.321654196007024,9.877860632634421,0.0,9.816947556571803,0.0,0.0,1,0,20,30,sms,5,4,3,0,0
CUST_00323,214.10618337591438,2,20.995517845264132,49.23414682100243,299.68467959002703,27.525982391657898,3.0,1.0,1,0,10,14,push,18,6,3,0,0
CUST_00324,401.31487715539026,8,21.24179325174043,0.5299952645886837,2273.2393731686425,19.43205411658222,3.0,1.0,0,0,10,14,email,0,5,4,1,0
CUST_00325,212.4204375271567,7,43.43183009924395,0.5456457669149284,2152.688615533525,29.020256497885054,,1.0,0,0,10,30,push,7,4,5,1,0
CUST_00326,551.3762830911279,10,83.57561070852154,48.2879796893116,15360.536529845225,23.193221607745787,,4.0,1,1,10,7,email,17,6,2,0,0
CUST_00327,230.43750818077228,2,41.74531956170098,18.07287781841194,641.3124945338949,47.85612226192613,4.0,2.0,1,0,10,14,in_app,16,3,2,2,0
CUST_00328,31.900120333292435,2,59.565706019745924,3.1365707594577548,126.67687931782777,45.81880197840108,3.0,2.0,0,0,20,14,in_app,6,3,2,0,0
CUST_00329,121.4259248836006,1,24.15464257180698,6.785398173646155,97.76666048381519,17.0588850748015,3.0,3.0,0,0,30,14,push,18,4,3,0,0
CUST_00330,304.3004310189488,1,63.98895856038618,10.631621909126869,649.0622556793056,13.757575138845219,4.0,1.0,0,0,20,30,sms,10,6,4,1,0
CUST_00331,882.5255871768592,2,25.747021865674178,18.192062068573783,1514.8270393373023,12.407847153575426,4.0,2.0,0,0,20,14,email,16,4,3,1,0
CUST_00332,536.9576133188706,0,38.24816413873418,27.679925436912423,0.0,16.056835171877935,5.0,2.0,0,0,20,14,push,11,4,5,1,0
CUST_00333,23.700542748935504,5,26.583835491284614,,105.00855491530997,18.838092289190605,1.0,2.0,0,1,20,30,in_app,0,5,2,1,0
CUST_00334,70.88802877928232,2,56.4578139890795,16.031759692659648,266.81220952488235,39.98621375064403,2.0,2.0,0,0,10,30,email,0,2,4,0,0
CUST_00335,652.0013111938434,0,56.92059312938001,9.714332650954775,0.0,20.642794145492864,6.0,1.0,0,0,50,14,push,23,3,1,0,0
CUST_00336,472.37840894845124,4,13.652618734532988,13.655460272963861,859.8936421064681,28.689059413624285,6.0,1.0,0,0,20,14,push,6,2,3,1,0
CUST_00337,1197.4829041064559,4,73.34532012181485,10.65536471841916,11710.63559227847,7.34612162688265,0.0,2.0,1,0,30,30,sms,20,0,1,0,0
CUST_00338,205.41437051127272,5,137.80580936751915,8.986468307614185,4717.882264004233,18.607065332185563,66.0,1.0,0,0,20,14,email,6,4,1,0,0
CUST_00339,142.67855552852112,3,26.757114221302576,3.4508759863221186,381.7666407207102,22.83439695525996,4.0,2.0,0,0,30,7,in_app,10,0,4,0,0
CUST_00340,316.93968709093144,7,30.689453365956485,9.58943093077584,2269.564674252862,8.460511707588148,4.0,2.0,0,0,20,7,push,23,2,2,1,0
CUST_00341,202.1290639964972,2,69.66220209929618,3.15443049629733,938.7170470843706,8.636706773516279,4.0,1.0,1,0,30,14,in_app,5,0,4,3,0
CUST_00342,611.4594929319966,8,34.46900357820799,0.6845580204585956,5620.373186613929,20.667363345206684,3.0,2.0,0,0,10,30,push,12,5,1,0,0
CUST_00343,196.40482958362128,6,33.03657939149502,,1297.7087490824706,45.165673121102806,3.0,2.0,1,0,10,14,push,9,5,5,0,0
CUST_00344,241.55517964794234,1,103.35619645280252,0.3790861929046397,832.207486729491,35.93862072249359,0.0,4.0,0,0,20,14,email,13,2,1,1,0
CUST_00345,125.19264662719594,5,14.693742210094946,12.401720266314737,306.5914126899216,27.432076837776716,5.0,2.0,1,0,20,14,push,12,6,4,1,0
CUST_00346,512.5301869399715,4,20.627437806601225,1.1271980692584276,1409.6246073479947,12.07325763837953,2.0,2.0,0,0,30,14,sms,5,0,3,0,0
CUST_00347,132.68188957185623,4,42.550593198541215,8.631892702748507,752.7590810647763,15.263545335356326,3.0,1.0,1,0,10,30,email,13,5,3,0,0
CUST_00348,406.6942216658777,7,12.531847995088505,58.78785749122675,1189.2137054927757,62.06797163005344,3.0,4.0,0,0,10,14,in_app,9,6,5,0,0
CUST_00349,981.6074801224186,13,26.47483052005403,0.14896000307449206,11261.41972516528,56.830989607551885,3.0,3.0,0,0,20,14,sms,7,1,2,0,1
CUST_00350,47.432726213155505,3,26.32978010451843,6.855826984331227,124.88932509502115,11.19030869166042,1.0,2.0,0,0,30,30,email,5,6,1,1,0
CUST_00351,799.2291026426612,1,58.972090648632744,16.77898908295816,1571.0737030022806,17.49023999126974,4.0,5.0,0,0,10,14,in_app,15,2,3,0,0
CUST_00352,369.8750970746076,3,50.184781366281186,2.5959722766617395,1856.210087952121,18.493363401314124,139.0,4.0,0,0,30,14,email,16,0,1,0,0
CUST_00353,107.10130581384706,1,12.062043853574822,12.33973966317651,43.06202158339171,11.2423603025233,3.0,1.0,0,0,50,30,push,19,2,1,0,0
CUST_00354,326.1458467554623,3,21.848362916162905,4.479939250924733,712.5752823512594,21.670207812409434,1.0,3.0,0,0,30,30,push,19,1,1,0,0
CUST_00355,502.2312825545793,2,21.888606045603865,3.7802591803174312,732.8761791743699,18.15816322886075,3.0,1.0,0,1,20,14,email,23,6,1,0,0
CUST_00356,151.2506953066779,7,29.080111123164905,33.80457422298115,1026.2903062939683,58.82086646453889,1.0,2.0,1,1,20,14,email,7,3,3,1,1
CUST_00357,423.4374707806155,12,17.140973117953138,3.408788708235199,2903.252121513839,46.07085975561438,4.0,3.0,1,0,10,14,email,13,1,2,0,0
CUST_00358,843.4003221081189,2,43.42297874599142,7.087341803594766,2441.530284084211,5.565892959712107,4.0,4.0,1,0,20,30,in_app,13,0,3,2,1
CUST_00359,196.19478298754763,1,21.834422940896253,2.7876714277178403,142.79332901824904,15.451756778220124,3.0,1.0,1,1,20,30,email,12,5,0,0,0
CUST_00360,123.79107810865851,4,47.142416651346075,5.0087750438697975,778.1080775890274,41.53503460362779,5.0,3.0,0,0,20,14,email,9,0,5,2,0
CUST_00361,271.70882457425563,1,33.058788747035415,5.203132735994968,299.4121544101874,24.913818133063927,0.0,1.0,0,0,10,14,sms,5,4,3,0,0
CUST_00362,313.13650896491663,1,18.470131550875426,5.935091187093333,192.78908379879638,22.418439351848818,2.0,4.0,0,1,10,30,email,13,4,2,0,0
CUST_00363,632.8673834592229,3,76.16990077055695,,4820.544579901102,23.815196899963922,3.0,2.0,1,0,10,14,push,5,2,3,1,0
CUST_00364,264.7599007804231,15,77.52775339449028,20.356436867664687,10263.120148227179,13.106630665798605,7.0,2.0,0,0,20,7,push,0,6,3,1,1
CUST_00365,211.33374740795028,7,39.41739392750706,10.720763959789558,1943.7193000762716,29.41242615732355,4.0,2.0,1,0,10,30,sms,15,3,1,0,0
CUST_00366,120.91573564193176,1,28.687924132699457,14.142446236961124,115.62738168484275,26.28686080532462,2.0,2.0,0,0,10,7,push,10,5,2,0,0
CUST_00367,56.3564203386172,5,17.570551878433687,25.171272681915372,165.03556787374816,6.047520831911718,2.0,2.0,0,0,20,14,email,23,0,3,0,0
CUST_00368,88.9956761047089,10,62.970604478555465,115.9536001224961,1868.0371734304183,12.75545465064962,5.0,1.0,0,0,20,30,sms,9,2,2,0,0
CUST_00369,88.46772870548752,3,54.248954536260904,9.146048803701078,479.9281792470256,15.189978806084008,2.0,1.0,1,0,20,30,push,23,2,2,0,0
CUST_00370,243.62934655632162,7,20.31993518503166,41.33526508967072,1155.1242572790836,21.18663286212342,3.0,3.0,0,0,20,7,push,0,0,5,1,0
CUST_00371,68.72925857521076,0,21.93124560151549,10.111057339447417,0.0,45.97279493081016,3.0,0.0,1,0,10,14,email,2,5,3,2,0
CUST_00372,287.5590625894198,1,43.56056543166526,22.848886212504997,417.5411787131582,32.954357849922346,3.0,2.0,1,0,10,30,push,15,6,5,0,1
CUST_00373,967.417941371507,12,16.35827280916412,12.77240634307767,6330.114642174021,34.57948698565159,9.0,2.0,0,1,20,14,email,14,2,2,0,0
CUST_00374,645.3223268485508,1,22.750523264057588,32.31754940485737,489.38068699279097,67.54272927199312,5.0,1.0,1,0,10,14,sms,12,6,2,0,0
CUST_00375,241.75358978127792,6,17.7371374231363,8.9322294119726,857.6033288974093,4.77812512596973,4.0,2.0,1,0,10,14,sms,6,5,1,0,0
CUST_00376,1383.3262753286206,5,18.083494103324966,17.851788214527204,4169.2287571465995,35.46298091386087,2.0,,1,0,50,30,push,4,4,2,0,0
CUST_00377,313.9726022950669,17,21.498030009734993,9.419248687168446,3824.8823749452317,15.137920045213345,1.0,0.0,0,0,20,30,email,2,1,0,0,0
CUST_00378,348.4251294434474,4,57.03142847880394,29.176534272335374,2649.4910466762635,22.63712623894146,3.0,2.0,1,0,10,30,sms,18,3,5,0,0
CUST_00379,267.68853181378444,1,11.556778082333848,77.69116880637148,103.12056524525569,46.38750136545915,5.0,2.0,0,0,10,14,email,20,3,4,1,0
CUST_00380,292.4530129513608,1,42.952315907414025,4.18212326584628,418.71780667872974,9.794751755392793,0.0,,1,0,20,14,sms,19,5,4,0,0
CUST_00381,190.60941344905518,5,38.658566742091935,9.646480360709617,1228.1144552485493,67.91547350835286,3.0,2.0,0,0,20,14,email,5,2,3,0,0
CUST_00382,244.5638489761906,8,59.20501543285319,1.2712274845352534,3861.1750541208908,24.46714488460045,4.0,1.0,0,0,20,7,in_app,18,3,3,0,0
CUST_00383,802.7840613332946,1,38.637735102950536,2.279715804779675,1033.9252635555545,1.26792897611634,5.0,2.0,0,0,30,14,in_app,23,1,5,1,0
CUST_00384,692.7191585281959,5,26.382381111151624,39.70789327683265,3045.930140547854,14.930717625383952,3.0,2.0,1,0,10,14,sms,14,5,1,0,0
CUST_00385,30.09589992568925,4,20.30392393656773,11.766237698618372,81.47531505249987,43.28129088016583,2.0,1.0,0,0,20,7,sms,9,0,1,0,0
CUST_00386,77.38992147514955,4,59.99414681293109,7.540779050255758,619.0589747761775,74.67930183495722,3.0,1.0,0,0,20,14,email,4,6,5,1,0
CUST_00387,153.12160814270302,5,44.61940484227623,16.6974788885612,1138.699170636608,6.153443320004548,3.0,4.0,1,0,10,14,in_app,8,0,1,0,0
CUST_00388,574.1918851958844,0,24.633778348969752,12.320207754522905,0.0,48.07274029929952,1.0,1.0,1,1,20,30,email,13,6,3,1,0
CUST_00389,703.1105529693253,10,57.131009025466454,5.110288707860276,13389.805115863746,31.595965405479358,2.0,1.0,0,0,10,14,push,10,6,1,1,1
CUST_00390,500.8909711788717,1,25.34225272434539,3.8546648469448854,423.12351929859227,122.21343081492114,2.0,0.0,0,0,50,14,sms,11,4,0,0,0
CUST_00391,106.68520543496959,2,33.09674306465795,13.382745696601374,235.39552220542922,57.03531298739358,4.0,1.0,0,0,10,30,push,16,3,0,0,0
CUST_00392,193.87459807146897,7,23.041795785589038,3.128729648129461,1042.3510759143865,21.998402510070942,2.0,2.0,0,0,30,30,push,10,3,3,0,1
CUST_00393,428.694832613654,9,45.61812623274331,2.2479101893028277,5866.876496848329,17.979167871774184,3.0,1.0,0,0,20,30,email,6,4,6,2,0
CUST_00394,247.54712434858243,1,18.237596221981686,5.7494108411898175,150.4888166594046,3.929087713466331,,2.0,0,0,20,30,push,3,4,0,0,0
CUST_00395,221.05702459146337,7,27.68378290792549,29.63607079148726,1427.9287584478045,42.59399141199799,1.0,1.0,0,0,20,30,sms,10,5,0,0,0
CUST_00396,223.6939618636881,1,22.359867668599588,,166.72557951789426,12.219969435396273,4.0,2.0,0,0,50,30,push,21,0,3,0,0
CUST_00397,658.0931063214477,2,38.792509621383296,26.87035607905262,1701.9388772493855,26.52027203455504,4.0,3.0,0,0,20,30,sms,15,4,7,2,0
CUST_00398,460.0078087585189,5,41.808210803422746,14.552250638825845,3205.3505732994554,40.48936896949447,2.0,5.0,1,0,30,14,push,7,0,3,0,0
CUST_00399,233.6638818248192,2,17.073088360787207,0.6181553856878415,3989.3641011196787,40.31255598628572,2.0,1.0,1,0,30,7,sms,11,4,1,1,0
CUST_00400,382.34736087002864,2,42.2607531266899,13.821015875228127,1077.2191617579795,75.46466194349351,5.0,1.0,0,0,20,30,in_app,6,3,3,0,0
CUST_00401,93.07171458382165,5,13.653091367311696,-22.0,3176.791557313184,6.272419202007069,1.0,2.0,1,1,20,30,email,5,5,1,0,0
CUST_00402,194.186944971182,1,123.36949822808938,27.594809485368753,798.5581987846776,25.16313871793883,1.0,2.0,1,0,30,14,push,18,5,3,0,0
CUST_00403,615.7539805315397,3,24.364232079356793,35.659421183539784,1500.2372885458176,28.687311011161317,4.0,1.0,0,0,10,30,in_app,10,3,2,0,0
CUST_00404,64.179932886004,0,62.150346861649616,5.063448858667355,0.0,22.33833541086238,2.0,2.0,0,1,20,30,push,2,0,6,0,0
CUST_00405,464.0081447567357,2,37.36370712451358,22.998963902561453,1155.8042949386383,13.747173334761026,2.0,4.0,0,0,20,14,email,19,4,1,0,0
CUST_00406,29.669509129526855,1,38.2857322476895,5.561669514053544,37.863962748448145,13.79648398134794,2.0,1.0,0,0,10,14,email,22,5,2,0,0
CUST_00407,892.1109873066262,11,16.45049625925558,5.256888608469388,5381.078435160434,116.70850122973437,2.0,5.0,0,0,30,30,email,9,2,3,0,0
CUST_00408,190.35289041673727,8,54.9302674050792,3.209753374807983,2788.302712512297,37.64305593175947,0.0,0.0,1,0,10,14,push,11,3,1,0,0
CUST_00409,402.6377875708983,6,34.09627971765231,17.02085413856978,2745.6901259828037,23.746789087849375,3.0,2.0,1,0,30,30,email,17,1,6,1,1
CUST_00410,327.3346807849325,6,43.90744137899891,4.550780474851714,2874.4856615755493,8.526544364887672,8.0,3.0,0,1,50,30,push,1,3,3,0,0
CUST_00411,336.2999441341066,2,31.361198313918386,9.378356788034008,703.1179493966262,24.172194272425713,3.0,1.0,0,1,20,14,email,21,6,2,0,0
CUST_00412,377.36177377040735,5,35.802790516241934,25.079922970707727,2251.7674225232295,28.873871338737743,1.0,1.0,0,0,30,30,push,23,3,8,2,0
CUST_00413,52.244726130081936,7,19.447082201440786,23.54697385194835,237.06841285014178,23.56260545379566,3.0,1.0,0,1,10,30,push,11,4,2,1,0
CUST_00414,341.4829997255678,2,30.21279027922621,29.011180241607516,687.8102836419761,58.151417950653894,4.0,3.0,0,0,10,30,in_app,12,4,2,1,0
CUST_00415,259.24496794178856,1,25.740521828201672,2.6343220284510127,222.4366918719017,15.508687354943252,2.0,,0,0,20,14,push,11,5,1,0,0
CUST_00416,191.2395601307909,6,21.685791604967758,13.260720963525907,829.4362495244063,19.281915328957496,3.0,1.0,1,0,20,7,email,19,0,1,0,0
CUST_00417,153.04918811468494,1,35.89921553335644,36.94832425512066,183.14485971114297,43.29280448369464,3.0,0.0,1,0,20,14,push,12,3,4,0,1
CUST_00418,347.85043685709235,4,41.18327278253596,0.6443967679572639,1910.0825904813246,45.886790293590586,4.0,0.0,0,0,10,7,push,15,6,2,0,0
CUST_00419,125.24338485855462,6,38.49249186715038,23.736593036457503,964.1859946164598,59.80152319649721,6.0,3.0,0,0,50,30,email,15,6,1,0,0
CUST_00420,608.3327900968824,2,31.14468245940797,4.240163522231668,1263.0887718142055,53.29067646357299,5.0,1.0,0,0,10,30,email,12,3,4,2,0
CUST_00421,423.7677114579177,9,42.379528744563785,16.614201955839658,5387.72277262465,9.542124755379973,6.0,1.0,1,0,10,14,sms,22,3,3,0,0
CUST_00422,363.51567468208947,2,38.29420300614805,18.95610986314727,928.0362028128538,27.785506478031692,3.0,0.0,0,0,20,14,email,20,5,6,1,1
CUST_00423,591.1980854196422,0,35.1110649908113,38.97149807543727,0.0,7.970493391276366,1.0,3.0,1,0,30,14,in_app,3,1,4,0,1
CUST_00424,43.333666604171704,4,36.58691313986646,10.663540894513247,211.3926794771683,18.740800077990937,2.0,1.0,0,0,20,14,email,10,1,4,1,0
CUST_00425,90.07330340106323,6,67.34319065339447,28.280945447309115,1213.1647287437693,14.993634205573322,4.0,3.0,0,0,10,14,email,13,2,4,1,0
CUST_00426,437.08767186945295,0,16.070027052405216,0.6956548716584382,0.0,25.45380980550155,2.0,1.0,0,0,10,7,in_app,18,6,3,1,0
CUST_00427,160.98068079923306,8,27.353440005067725,8.184951624479474,17613.50157686712,9.781439853745091,2.0,1.0,1,0,20,7,push,9,2,1,0,0
CUST_00428,179.15244930758524,7,40.5649650868024,8.684397121229527,1695.706331988044,12.07701304840719,0.0,2.0,1,0,10,14,push,14,6,1,0,0
CUST_00429,77.47004863751481,0,12.811695420914248,,0.0,47.84683910340003,2.0,2.0,0,0,20,14,email,10,2,3,0,0
CUST_00430,125.56811177849794,1,75.91017170610654,9.84761447759004,317.72989753057857,10.827380203853107,3.0,2.0,1,0,10,14,email,4,5,4,2,0
CUST_00431,617.4942571471394,12,38.58604665258229,51.61226439248475,9530.664885592465,9.592740510692698,3.0,1.0,0,0,10,14,push,23,4,1,0,1
CUST_00432,429.8584358355647,3,58.79995318049882,1.2269316685785667,2527.565590137366,12.233997434101948,3.0,,0,0,10,14,email,15,3,2,1,0
CUST_00433,345.03450684698237,4,64.83574859779527,4.618611739763712,2982.742739132696,58.92462592325693,1.0,2.0,0,0,30,30,push,8,2,2,0,0
CUST_00434,185.13040037637182,2,42.41371417002775,51.92796619623125,523.4711923830822,25.941665763875438,0.0,1.0,0,0,20,30,push,15,6,0,0,0
CUST_00435,329.255081765921,2,8.67498656157352,8.839986632650698,190.41889397661035,8.778072693713886,3.0,,0,0,10,14,push,7,0,5,0,0
CUST_00436,654.1556238713982,0,36.18398193921625,,0.0,26.095212004300127,3.0,0.0,0,0,10,14,email,16,0,2,0,0
CUST_00437,164.46852369492956,6,37.60481678282413,1.2674542916732885,18554.426100268185,42.7240318446455,2.0,1.0,1,0,20,14,email,7,4,3,0,0
CUST_00438,291.9426400206184,7,17.251169644503715,5.012192639197162,1175.1488022073256,43.43145659499199,1.0,3.0,0,0,20,14,in_app,23,3,1,0,0
CUST_00439,928.315311998661,1,11.315754134382752,0.606888696405698,350.1529276586554,19.789498740364145,1.0,5.0,1,0,20,30,email,12,2,4,0,0
CUST_00440,496.35219944708723,7,43.68485968098036,2.2188861685646764,5059.384443211463,23.00814280503125,5.0,6.0,1,1,10,14,sms,19,5,3,0,0
CUST_00441,187.3577508328806,2,15.650232884422879,15.048774197961768,195.47949554908374,34.71228539956551,4.0,,1,1,20,14,email,16,0,4,1,0
CUST_00442,468.93596593783116,13,114.07433820340522,21.634875340880004,23180.542655457488,26.9920372831974,3.0,2.0,1,0,20,14,sms,20,0,0,0,1
CUST_00443,63.056464943144604,1,38.77913596304769,30.613109114805077,81.5091742459785,0.7709496238639258,3.0,1.0,1,0,20,14,push,19,0,3,0,0
CUST_00444,283.03352469074815,3,74.50803936498515,4.344547327111837,2108.827299926876,56.51899538384526,6.0,5.0,1,0,30,30,email,3,4,3,0,0
CUST_00445,468.5799202446275,9,33.7404710981349,6.071416775575306,4743.0321768540625,31.507306559265174,6.0,2.0,1,0,20,7,email,8,6,2,1,0
CUST_00446,397.3068216868791,10,51.98334073576402,12.638578888845267,6884.445296130825,9.870536893646916,4.0,4.0,1,0,20,14,push,12,1,1,0,0
CUST_00447,465.4317071598382,9,34.19086006322901,1.3109404393126203,4774.053110547544,52.90339898152365,2.0,1.0,1,0,30,14,sms,19,5,4,0,0
CUST_00448,538.5063188474436,5,60.54238863053203,24.65409544155097,5433.743139276521,41.178212223656494,0.0,1.0,0,0,10,14,push,20,3,2,0,0
CUST_00449,419.85454664929637,0,9.747402693183412,9.904162118365091,0.0,25.59819148903233,4.0,1.0,0,1,30,14,push,9,1,2,0,0
CUST_00450,411.31804108608003,1,56.42366746206068,50.50522346394285,773.602412379573,40.52479121419233,8.0,3.0,1,0,20,30,in_app,17,1,2,0,0
CUST_00451,350.8965689100516,11,49.4646610563633,1.8718203532383921,6364.225943891394,34.31301000101828,1.0,1.0,0,0,50,14,push,15,3,1,1,1
CUST_00452,112.38192103163797,3,30.1899475126608,2.1457692662564316,339.28042973171415,25.12282068463684,2.0,0.0,1,0,20,14,push,21,2,1,0,0
CUST_00453,617.3104256037128,5,25.90670120960262,6.428947715184361,2665.4127916146695,26.3748477414948,1.0,5.0,0,0,50,14,email,20,5,1,0,0
CUST_00454,290.90176989287943,3,27.67525381134078,3.4744834143093626,805.078031595369,40.563130037674306,0.0,1.0,0,0,20,30,email,7,3,3,0,0
CUST_00455,487.8675369211159,2,39.23856958414123,17.8900611484275,1276.21495302152,38.75603093308299,7.0,2.0,0,1,10,30,push,9,6,2,1,0
CUST_00456,575.1257110871525,3,68.60899295603907,44.008402099359316,3945.879586081541,15.866794794909733,1.0,0.0,1,0,30,14,email,7,3,5,1,0
CUST_00457,195.35051780533348,6,24.034408121079053,1.4130862629177667,939.0268143195011,52.29219846328246,3.0,8.0,1,0,10,7,push,11,0,5,0,0
CUST_00458,209.93583235039452,6,11.928610345637583,4.16075590595473,500.8485483389907,11.347239470871177,2.0,4.0,0,1,50,7,email,3,0,0,0,0
CUST_00459,233.73752416809114,2,147.04645989430455,,2291.3516982251504,24.97593887593982,4.0,,0,0,10,14,sms,9,6,1,0,0
CUST_00460,696.6526308381476,11,49.54814081642175,10.671899530511164,189848.13459094564,14.923191036532806,5.0,1.0,1,1,30,30,email,22,5,1,0,1
CUST_00461,136.4341081484076,1,26.187259963658704,9.022896312704372,119.0945152664092,13.526766959598024,2.0,3.0,0,0,10,7,sms,18,4,4,2,0
CUST_00462,777.5167758825014,3,67.57972630912894,19.466902751485918,5254.43709148958,18.480189528349218,2.0,3.0,1,0,20,30,push,8,6,0,0,0
CUST_00463,348.0324428337599,3,57.98685466135302,19.78689567210924,2018.130668003689,8.186329596658274,4.0,5.0,0,0,10,30,push,10,6,1,0,0
CUST_00464,366.4341721281429,15,44.4946707779571,12.755946059732622,8152.183925317489,5.681893222432855,2.0,2.0,0,0,20,14,email,16,0,2,1,0
CUST_00465,557.8540080698343,5,24.87265444183908,13.411418218090471,2312.5516619526497,53.05500746108124,1.0,3.0,1,0,20,14,email,22,0,0,0,0
CUST_00466,319.530187438065,9,49.42189335749326,27.70747081814901,4737.536054419164,35.112111578360036,1.0,0.0,0,0,10,7,in_app,18,6,3,2,0
CUST_00467,621.9564403607833,0,63.671388033016335,7.585990166716205,0.0,11.229623330702594,2.0,5.0,1,0,10,7,email,23,0,3,1,0
CUST_00468,195.13347030728485,0,11.7983107049475,0.18629632728236745,0.0,32.22928678089776,4.0,1.0,0,1,30,14,email,23,1,3,1,0
CUST_00469,761.1340440953034,4,37.89036996555419,3.593482764740845,3845.2867365532647,21.90303298053167,4.0,4.0,0,1,20,14,sms,6,3,2,0,0
CUST_00470,207.92632012524348,1,39.60302173016212,0.5400373845208406,274.4836858064221,16.177250218284545,1.0,1.0,0,1,10,30,push,1,5,1,0,0
CUST_00471,780.3291466235146,2,38.84758826855734,7.500664841265797,2020.9270267990003,24.51434134500337,2.0,0.0,0,0,10,14,email,19,3,3,1,0
CUST_00472,212.56772543771726,10,34.045918920137474,6.643664593609545,2412.3545150968553,33.90752742276831,1.0,3.0,0,0,20,30,email,21,0,2,0,0
CUST_00473,239.16778709445245,16,67.46735459182362,1.5575906731900262,8605.876212716374,1.334555304334135,6.0,1.0,1,0,20,14,email,10,3,3,1,1
CUST_00474,121.928300486322,4,29.17201444106877,21.099022896198314,474.2525523415944,43.57329770303959,3.0,0.0,0,0,10,14,email,3,4,0,0,0
CUST_00475,154.61340073467287,1,33.06015333375102,12.079988457875814,170.38475785803257,21.755148441241108,1.0,4.0,0,0,50,30,in_app,5,4,1,1,0
CUST_00476,292.01192753279753,1,40.020794872787015,3.8369712972415977,389.55164840657454,11.551082444264672,1.0,2.0,0,0,20,7,push,4,1,4,0,0
CUST_00477,357.78432584072397,6,29.759793872603886,21.352224281203195,2129.5175575736976,32.421044046835554,0.0,3.0,0,0,20,14,email,5,6,3,0,0
CUST_00478,591.7941797011297,6,14.416872844344164,16.53619617981007,1706.3642877548295,45.86329107211895,3.0,2.0,1,1,30,30,push,4,5,3,0,0
CUST_00479,252.97035888506417,0,37.65546235578253,3.190384220199684,0.0,16.793442837917144,,2.0,0,0,50,14,email,4,1,0,0,0
CUST_00480,397.9270102760054,1,37.912232847028704,61.019919442186776,502.8767156568633,38.03448186836669,1.0,4.0,1,0,30,7,sms,16,3,2,0,0
CUST_00481,340.36619321313987,3,26.599726962059172,2.9297536626761893,905.3647806584997,5.420085468698253,2.0,2.0,1,0,20,30,push,1,1,6,0,0
CUST_00482,429.60252777065705,7,30.588100172818688,22.156438224562834,3066.169202587162,48.32575520590737,0.0,0.0,0,1,10,14,sms,20,3,3,0,0
CUST_00483,174.8659415013196,5,4.913948806789721,51.76518433004599,143.2137140980951,138.66760466310959,1.0,2.0,1,0,50,30,email,19,2,2,1,0
CUST_00484,192.75178003542888,4,68.37748676590881,19.392179408210843,1757.3176384637206,64.41565523622666,5.0,1.0,1,1,50,14,push,14,0,4,2,0
CUST_00485,174.92316383507327,2,56.86147833904654,16.439205774306497,663.0926460937005,18.92322193878968,2.0,2.0,0,0,10,14,email,21,4,2,0,0
CUST_00486,669.8086580931423,6,14.839629805550885,35.04545532427624,1987.9425053310074,14.223453587698634,3.0,1.0,0,0,50,30,email,4,2,5,1,0
CUST_00487,765.9670097666691,9,22.08104731400415,,5074.006135087229,16.115829041450244,1.0,3.0,0,1,30,7,email,7,5,2,0,0
CUST_00488,185.9555326715012,3,78.97353660181771,4.868422537917083,1468.556606574331,23.083235699791988,6.0,2.0,1,0,20,30,push,11,0,3,0,0
CUST_00489,189.10236135990004,0,16.561646885294824,15.373196332746659,0.0,11.125619207499456,3.0,0.0,0,0,30,7,push,5,6,2,0,1
CUST_00490,472.42557271011106,4,44.12714886429028,32.073584418385465,2779.572476570221,58.81748347857059,3.0,2.0,0,0,50,14,push,14,6,2,0,0
CUST_00491,822.4313556144211,12,24.650321952376274,14.410464839189054,8109.279079849897,30.112119359914757,4.0,3.0,0,1,20,14,in_app,19,4,1,0,0
CUST_00492,940.7447326826334,3,42.35494477451988,56.6157472895585,3984.5191199693404,14.952839289860748,3.0,1.0,0,1,20,14,email,20,2,2,1,0
CUST_00493,178.94310118322076,2,34.1267937113683,3.782838128203069,407.1169533434853,54.26433721298317,6.0,0.0,0,1,10,14,push,8,3,4,1,1
CUST_00494,218.62411089192463,2,27.940043268055216,26.220124221700598,407.2244745173651,4.19417165978627,3.0,2.0,0,0,10,14,email,5,2,2,0,0
CUST_00495,371.452888975396,15,41.809062571039384,39.31370993036686,7765.048538682838,37.445210065657626,1.0,2.0,0,1,30,14,email,18,0,3,0,1
CUST_00496,384.62561411783275,2,24.635086037764694,8.353106207765984,631.6856730747261,4.881898944839173,3.0,5.0,0,1,10,14,push,9,4,2,0,0
CUST_00497,260.7311895097986,4,11.35275307543846,49.04564103162674,394.6689084760125,16.70793418593744,3.0,4.0,0,0,50,14,email,15,6,3,0,0
CUST_00498,150.1020834374244,7,18.979636452324037,3.387475300264486,664.739360688369,49.275662146739826,2.0,3.0,0,0,20,14,in_app,3,2,4,2,0
CUST_00499,292.36764319663206,6,17.659693246620805,45.81120854999363,1032.6245788180008,27.4504956998162,,3.0,0,0,30,7,email,11,2,2,0,0
CUST_00500,940.0878203718943,3,12.64837192421244,34.96601230746362,1189.0580393485936,17.26976502198464,3.0,1.0,0,0,20,14,email,8,4,3,0,0
CUST_00501,195.07715478309092,0,41.332124883029316,1.0265254949466858,0.0,40.69091422165537,1.0,2.0,0,0,10,14,push,15,0,4,1,0
CUST_00502,355.06635888651266,4,29.854631461249856,11.05120820457932,1413.3833718459616,16.710750618031824,2.0,3.0,0,0,20,14,email,14,3,0,0,0
CUST_00503,1353.6523489894203,2,40.95052535856996,11.28833290156155,3695.518322931937,25.19118826563028,2.0,2.0,0,0,20,14,sms,10,1,7,2,1
CUST_00504,192.7739599031613,4,45.26122987377896,0.8799122613631666,1163.3582017140843,9.864576325940364,1.0,3.0,0,0,20,30,push,22,5,3,1,0
CUST_00505,487.99313043191796,10,52.13733537782842,0.6050060827262284,8480.887167801759,17.055867190267886,3.0,1.0,1,1,10,30,push,12,1,4,0,0
CUST_00506,966.2777799852064,0,42.27318855102868,0.07664720556889014,0.0,25.6180212025755,0.0,0.0,0,0,50,14,sms,0,4,2,0,0
CUST_00507,459.2522749482532,2,18.397868985889204,11.151104929749595,563.2842123979686,37.80716641013984,1.0,3.0,1,0,10,30,email,12,4,1,0,0
CUST_00508,638.430547440719,6,46.885821445476715,9.349157319418536,5986.6681305287,30.254457071131558,2.0,0.0,1,0,20,7,push,3,5,3,0,0
CUST_00509,533.9065678344526,3,37.82925872386122,42.316652613943894,2019.7289688978271,37.88098413531223,1.0,2.0,0,1,20,30,email,23,2,4,2,0
CUST_00510,433.99353028883115,5,123.23127414623606,6.285239725015892,8913.595951452628,38.718495984870536,7.0,1.0,1,0,10,14,email,17,5,2,0,0
CUST_00511,749.4416353545581,4,33.2731579350976,16.104144934162814,3324.8386528386714,23.07074939741822,5.0,,1,0,50,30,in_app,0,4,3,0,0
CUST_00512,477.4057564887737,2,41.66826764765556,0.1138824345979635,1326.17805586038,65.99276666179765,1.0,0.0,1,0,20,14,sms,11,3,6,1,0
CUST_00513,262.81687256235796,4,31.283932738598043,16.339070826468596,1096.2593818412665,18.20698140151791,,4.0,1,0,30,14,sms,22,3,2,0,0
CUST_00514,335.4009820332134,9,34.10136832843308,36.70723232737222,3431.289727809833,19.136520343487394,3.0,,0,0,10,7,push,18,3,1,0,0
CUST_00515,394.0859029848898,4,32.74767566659108,6.572179046624988,1720.719644763313,28.886312682149473,,1.0,0,0,10,14,push,7,5,2,0,0
CUST_00516,217.56498823922485,9,25.51396257516125,5.654413402086446,1665.2834902802942,31.963730675689746,4.0,1.0,0,0,10,7,sms,15,0,5,2,0
CUST_00517,346.63457965246613,6,36.833663448525755,14.753690060345921,2553.564289308026,21.851431583025352,6.0,0.0,1,0,20,30,push,18,5,3,1,0
CUST_00518,310.92077692776303,3,48.08913486792661,5.974782031121813,1495.1911174919721,18.742070254165625,3.0,1.0,0,0,30,14,push,15,1,1,0,0
CUST_00519,476.38476341110777,1,25.746430403088155,7.722965916384387,408.84023854185676,141.66925324131032,0.0,0.0,0,0,10,14,sms,21,1,3,2,0
CUST_00520,1135.7518325958595,3,54.67157780985962,4.78483677149386,6209.334468845518,37.85159126320548,2.0,1.0,0,0,20,14,sms,7,1,1,0,0
CUST_00521,361.76315640901794,1,50.83505612353594,6.344263603981088,613.008345315998,38.1266643916646,4.0,,0,0,10,7,email,17,6,4,0,0
CUST_00522,836.1385541424611,1,19.527869471639395,17.063912117039912,544.2668181833089,11.520035755860606,4.0,0.0,0,0,10,30,push,14,5,3,1,0
CUST_00523,464.59471443025234,4,18.574434846117494,38.3380221053542,1150.611233738038,33.3277420503695,0.0,1.0,0,0,10,30,email,23,4,2,0,0
CUST_00524,345.48697645359175,4,43.33202807831464,13.124190235724754,1996.0868485838755,41.85180593385568,6.0,1.0,0,0,20,14,email,16,3,1,0,0
CUST_00525,207.7569133263241,1,23.277297492030435,0.15126184830871076,161.20064925076093,21.623605120597233,3.0,2.0,0,1,10,30,email,10,3,1,0,0
CUST_00526,347.4004508101837,10,17.68246749447219,4.595687926346941,2047.6323930053527,18.900962842078883,7.0,2.0,0,0,20,14,push,4,3,1,0,1
CUST_00527,331.97235672257443,4,92.77140603526686,45.62304004894205,4106.338973065921,34.23686661380929,2.0,1.0,1,0,20,14,in_app,14,5,7,1,0
CUST_00528,164.9446122812242,5,18.54506028023538,36.172907526820914,509.8179629425593,1.8906386219723892,4.0,4.0,0,1,10,14,push,22,6,2,0,0
CUST_00529,187.9602682575163,4,13.274471187320394,,332.676422046055,29.409398803349134,5.0,1.0,0,0,20,30,email,8,0,4,1,0
CUST_00530,396.47061283536175,1,20.69276178598946,35.857654540223315,273.4690648849132,16.035396290436026,7.0,4.0,0,0,10,30,email,15,3,4,0,0
CUST_00531,830.6604473866257,11,38.05334215155,50.08560700904203,11590.11561259305,32.66794782308933,2.0,1.0,1,0,30,30,push,18,1,0,0,0
CUST_00532,284.97893800764865,1,34.609605059004245,5.88612840966459,328.7669498193058,20.139472320199992,4.0,2.0,0,1,10,7,in_app,20,3,4,0,0
CUST_00533,73.63820250981829,1,102.75300082906153,18.110017196621282,252.21820945139868,45.50016642381288,2.0,0.0,0,0,20,14,email,18,2,0,0,0
CUST_00534,119.76197752340555,20,20.883601449120356,12.314108821899728,1667.3742715715412,34.485968857479264,4.0,2.0,0,0,10,14,push,10,0,4,0,0
CUST_00535,496.5487336476786,2,38.15641303749358,6.165827870644997,1263.101238287014,51.51063923818009,2.0,2.0,0,0,10,7,in_app,0,2,2,0,0
CUST_00536,89.99752990740855,2,65.17613230905341,2.4967664773573315,391.04606111555006,23.368847808540387,2.0,1.0,1,0,20,30,email,13,6,1,0,0
CUST_00537,551.8410601243371,5,22.300085017527636,6.857382547641298,2051.0170928225493,16.937087443227405,4.0,0.0,0,0,20,30,email,12,4,2,1,0
CUST_00538,477.87826893227043,7,50.51319174497491,39.42401620814424,5632.469880177575,19.428554993908907,2.0,1.0,1,0,20,14,email,10,3,1,0,0
CUST_00539,277.5387256391031,1,11.03086595758891,25.00984926984164,102.04974935216637,30.883521609186023,4.0,3.0,0,0,30,14,push,14,6,2,0,0
CUST_00540,166.22877522083013,3,95.13079399901657,6.02227253814194,1581.3475372241621,5.571213559624029,3.0,3.0,1,0,20,30,email,2,5,3,0,0
CUST_00541,247.3610005641375,4,60.15079485644279,11.900326638040724,1983.8614400557153,44.892602067210795,3.0,0.0,0,0,30,7,push,21,5,2,1,0
CUST_00542,389.47219054412346,3,22.012159421983338,7.812171716152415,857.3123948686317,35.252019332976246,2.0,2.0,1,0,30,30,in_app,8,0,4,0,1
CUST_00543,93.02637142981628,9,54.48310571323636,9.41707421207833,1520.5096886188412,25.09428162466992,3.0,0.0,0,0,10,14,in_app,4,5,2,1,0
CUST_00544,776.1087558874018,4,72.8141088766541,21.482604708475552,7534.888993507979,2.359196795417393,6.0,3.0,0,1,10,14,email,6,0,2,0,0
CUST_00545,386.8976982582825,8,15.283882621245956,11.746281855003796,1576.8797350959535,31.047671085571416,1.0,0.0,0,0,10,30,push,13,3,8,2,0
CUST_00546,419.1493394973881,5,23.105559524222265,2.9958822972435586,1614.1133355492245,29.143075217271928,3.0,2.0,0,0,10,7,email,18,3,2,1,0
CUST_00547,475.51188213862747,8,74.26576276668101,4.700858383002257,9417.13403510541,16.620059297948544,2.0,2.0,0,1,10,14,push,5,0,2,0,0
CUST_00548,726.9916799564235,8,34.483596033213445,12.582789494528361,6685.143309633201,28.950243767085006,2.0,3.0,0,0,10,14,push,16,4,2,0,0
CUST_00549,348.0238206044492,1,43.02148746717103,17.70479927070412,499.083414547043,20.638177305919953,1.0,3.0,0,1,20,14,email,5,3,1,0,0
CUST_00550,496.7592396582383,12,34.540009133939854,10.642820453309515,6863.227470065827,13.477057856145317,,0.0,0,0,30,30,in_app,16,0,1,0,0
CUST_00551,168.6730123950003,0,56.536887781089234,14.52207318406857,0.0,17.87950157131225,4.0,2.0,1,0,10,14,push,16,0,1,0,0
CUST_00552,943.2674719525875,4,45.04936931677972,23.36527865338046,5665.813961132969,36.26246398413319,3.0,2.0,0,0,20,14,email,20,5,2,1,0
CUST_00553,330.7642765692473,5,35.29461343383296,11.824793782700953,1945.6995465388325,25.86505398128854,6.0,4.0,1,0,30,14,sms,15,4,3,1,0
CUST_00554,167.93651293073333,12,9.38379636901935,56.7092972341446,630.3528161060747,17.535308491271344,2.0,2.0,0,0,30,30,email,3,5,3,0,0
CUST_00555,207.80242327179639,2,48.61860994591974,4.029345858845934,673.5376641912255,32.409653888009615,2.0,1.0,0,0,10,14,push,20,0,3,0,0
CUST_00556,40.29426944767331,5,51.29250222287866,37.82759020971521,344.4656508690091,1.4289134915308532,1.0,3.0,0,0,20,14,email,15,4,0,0,0
CUST_00557,206.69053006221435,2,15.741124401191122,4.268499851987066,216.9027564171633,27.46096956609338,2.0,4.0,1,0,20,7,email,6,4,3,0,0
CUST_00558,15.713866148423563,7,16.39605332670843,11.377917288563157,60.11725704560593,12.743610675591668,4.0,1.0,0,0,10,30,push,22,1,2,0,0
CUST_00559,522.1580207411133,3,45.17569212801957,9.129520044127567,2358.8849987176595,10.811451166964817,1.0,3.0,0,1,20,7,email,20,4,1,0,0
CUST_00560,410.1259490166681,8,37.21065112570162,,4069.614295055073,18.2041869758737,1.0,2.0,0,0,10,14,email,10,2,1,0,0
CUST_00561,126.72853823100549,3,10.126176976679107,49.34537756470418,128.32756061230057,36.48763727856661,2.0,3.0,0,1,20,14,push,13,3,4,1,0
CUST_00562,289.04890429074527,4,20.222320659630487,4.768028228429797,779.3652838509724,37.20695921854547,2.0,2.0,1,0,20,30,email,15,3,2,0,0
CUST_00563,299.1636240217233,9,39.977062788052706,16.852911328039063,3587.9048944253473,14.62887391791049,5.0,3.0,0,0,20,7,email,20,1,3,0,0
CUST_00564,103.3025054660416,4,49.70005906345236,24.44985807261217,684.552083075317,25.88251000967369,0.0,4.0,0,1,10,14,push,9,3,0,0,0
CUST_00565,251.5263638905755,11,23.322264636384155,3.291136351717701,2150.9269546172695,110.08169294039816,4.0,2.0,1,0,20,30,push,15,5,4,0,0
CUST_00566,306.2911756595119,5,30.311467519371117,54.26397682293372,1547.3558370788812,26.834343278969584,4.0,1.0,0,0,30,30,sms,16,2,1,0,0
CUST_00567,246.14898143609028,1,19.538536312809363,11.866047246159436,160.3130270716696,35.84065026744621,7.0,3.0,0,0,30,30,email,9,4,4,0,0
CUST_00568,167.7893572944756,7,73.28487211908038,36.88694532155502,43037.47557293916,21.751986026256628,,1.0,0,0,20,7,in_app,10,4,2,0,0
CUST_00569,122.24998604044666,5,36.77259867193771,16.354352888438676,749.2416123858886,39.97757516498244,2.0,5.0,0,0,10,7,email,10,2,2,1,0
CUST_00570,239.30453602299374,2,22.18434877953817,15.722788419658842,353.9210194439766,32.846235765802334,0.0,1.0,1,0,20,14,push,10,3,3,1,0
CUST_00571,185.88244432791774,3,16.547237023993432,6.360228549689605,307.58408648933187,50.139445982778376,1.0,2.0,0,0,20,7,email,12,5,2,1,0
CUST_00572,453.69666860432847,10,15.48493442573893,22.083676626803065,2341.821054171411,33.24353853798879,4.0,2.0,0,0,30,14,push,2,2,1,0,0
CUST_00573,756.8229487866813,13,98.1927939743601,0.4535841029821582,32202.975950287255,17.94154605220259,1.0,1.0,0,0,30,30,sms,23,0,1,0,0
CUST_00574,570.244490818756,6,29.84128667325682,,3403.3658648735736,44.24222225156162,4.0,3.0,0,0,30,30,email,8,5,3,2,1
CUST_00575,314.0712875700651,3,26.057023445559818,0.4900029353973156,818.3762903790346,70.35515168935834,1.0,1.0,0,0,30,7,email,12,5,3,1,0
CUST_00576,173.37890779044744,1,29.13830732153953,5.4981061367523445,168.39892994236405,40.55634051024969,1.0,2.0,0,1,10,7,in_app,8,4,3,0,0
CUST_00577,559.8109037119458,5,22.688861660504237,1.5187974394182953,2116.9120250603664,40.657236728437645,4.0,5.0,0,0,20,14,email,22,6,1,0,0
CUST_00578,473.13048068368397,4,31.056052103508566,36.38672737871041,1959.1419813160724,41.017258173384,0.0,4.0,0,0,50,7,email,23,4,4,2,1
CUST_00579,722.0731241413524,8,33.81677706335942,14.843423697165935,6511.516230008417,26.977846527349364,6.0,0.0,1,0,20,14,in_app,23,5,3,0,0
CUST_00580,348.30057705088177,6,33.41490705036825,16.562392449582198,2327.686281548968,30.147331559107375,1.0,1.0,0,0,30,14,email,10,4,0,0,0
CUST_00581,911.2308400029902,7,15.524839984255072,28.570068790299732,3300.899695278444,12.613798041110774,1.0,3.0,0,0,50,14,in_app,14,5,2,1,0
CUST_00582,348.38046145483975,0,56.56885609114553,19.809423872638543,0.0,33.753922233210474,3.0,1.0,0,0,10,14,in_app,19,6,1,0,0
CUST_00583,172.6574011782026,0,23.765247871423473,1.9891871012138886,0.0,10.671163773769287,0.0,2.0,0,0,50,7,push,5,3,1,0,0
CUST_00584,201.01874633121355,1,22.304802001474503,14.416902726145782,149.45611118341156,33.522893047028084,3.0,1.0,1,0,10,30,email,9,4,1,1,0
CUST_00585,438.6354445198039,6,21.708510879463656,57.3675535080197,1904.424463895308,44.47755110883124,4.0,2.0,1,0,20,30,email,8,6,2,0,0
CUST_00586,185.4569909852368,7,17.610881607076074,3.6141891202645815,762.0809260039688,46.731343552273046,1.0,1.0,0,0,30,14,email,11,4,3,0,0
CUST_00587,907.1329443423493,6,38.88772309622988,14.502472449582319,105829.00425315897,77.26583898311901,4.0,,1,0,10,14,in_app,18,3,0,0,0
CUST_00588,413.2441130195484,5,56.65550641702994,12.438432390337741,58531.38624244717,36.3709975309311,5.0,1.0,0,0,20,14,sms,14,5,3,0,0
CUST_00589,308.91814957938124,0,21.46033760315976,,0.0,49.24294460359711,6.0,1.0,1,0,10,14,email,4,4,2,1,0
CUST_00590,328.76614127174406,1,10.958599919305682,46.395342805535094,120.09388697369917,17.265948776959227,3.0,3.0,0,0,30,14,push,6,3,3,1,0
CUST_00591,244.07761606301065,3,17.88086669481456,6.610176945259484,436.43193160108234,36.89212639981849,2.0,3.0,0,0,30,14,push,5,2,4,1,0
CUST_00592,55.31655726638168,5,25.305668712629807,1.4754498429097598,233.30374541771164,75.17812288884295,6.0,2.0,0,0,30,14,email,6,2,3,0,0
CUST_00593,201.1432182706807,2,15.817846266301421,49.268418569176866,212.1101669409826,29.215035468574733,5.0,1.0,1,0,20,14,email,1,2,3,0,0
CUST_00594,834.544198385717,8,23.121455283210025,19.59674039538116,5145.56703062339,27.884989295972268,3.0,5.0,0,0,30,30,email,21,4,2,0,0
CUST_00595,355.23899850373385,3,23.78568443624035,6.288514245521537,844.9602717855871,27.636366102905374,8.0,1.0,0,0,30,7,push,20,1,1,1,0
CUST_00596,615.0370746467872,2,32.809102322702095,4.938223649451633,1345.2542876227874,40.103430157968965,5.0,1.0,0,0,20,30,email,12,0,4,2,0
CUST_00597,626.9572314855158,5,13.832588866607628,39.47189355548895,1445.4069366809479,34.26263766397986,,1.0,0,0,30,30,in_app,18,4,3,0,0
CUST_00598,291.1401195842351,2,46.90236139673944,4.793783825589336,910.3439403886488,12.32431116373003,3.0,0.0,0,0,30,30,email,23,2,4,1,0
CUST_00599,478.5510627628054,5,89.708299621258,11.555532430127,7155.000353732865,35.422713202632636,3.0,3.0,1,0,10,14,sms,13,5,5,1,0
CUST_00600,62.55117168608609,2,78.05941935562784,3.6302149305851823,325.51387612200455,47.20947912326149,5.0,2.0,1,1,30,14,email,14,1,2,0,1
CUST_00601,790.5506733022717,3,23.326114142612386,80.13282856274913,1844.0475240967864,47.89610585518352,5.0,1.0,0,0,10,14,email,20,2,1,1,0
CUST_00602,748.5573794355706,4,49.4614261799639,22.013125018133465,4936.628741922627,51.730660042968765,0.0,1.0,0,0,10,14,email,12,0,4,2,0
CUST_00603,430.0688417299093,3,46.06955333478236,12.577275024717608,1981.307944170413,20.584752258204148,3.0,2.0,1,0,20,7,email,2,3,3,0,0
CUST_00604,364.74362746931416,7,32.26183337322894,20.54606961529642,2745.7028977844907,21.954526956326692,2.0,1.0,0,0,10,30,in_app,9,3,5,0,0
CUST_00605,294.10086497829474,7,36.82597301612834,37.21992986479213,2527.1284541324935,27.854355067067193,2.0,3.0,0,0,30,14,sms,16,1,3,0,0
CUST_00606,663.3639019524301,1,49.89028418634675,49.50299427509192,1103.180452912353,26.72609608437649,2.0,2.0,1,0,30,7,email,16,1,2,0,0
CUST_00607,517.430872942229,4,56.26234494104574,23.128012692493215,3881.58323421628,43.8817230180012,3.0,4.0,0,1,20,14,email,23,0,4,0,0
CUST_00608,223.4122776942491,4,20.348285179186757,,606.140898540566,35.66792662675356,4.0,5.0,0,0,30,7,push,17,6,5,0,0
CUST_00609,107.78326514622705,1,51.86347753075935,7.607333614319199,186.33383167010746,79.2906523321067,3.0,,0,0,30,30,sms,3,3,5,1,0
CUST_00610,88.50863788717098,1,90.00610614561978,7.459339695371598,265.5439285492312,57.328166097001365,5.0,2.0,0,0,20,7,in_app,22,5,0,1,0
CUST_00611,658.6805784747833,3,56.222047554626236,24.777092522605567,3703.237080631798,8.969933050336856,4.0,3.0,0,0,10,7,sms,1,3,5,0,0
CUST_00612,289.22820178139943,6,83.25246592760806,21.383334791503046,4815.792202821861,20.477210580302042,5.0,1.0,0,0,20,30,in_app,15,4,5,1,1
CUST_00613,425.0689451244319,2,7.0279031236805025,34.686759510220845,2987.343367219571,4.995396989303315,4.0,1.0,0,0,30,7,sms,7,3,1,0,0
CUST_00614,318.2082316632791,4,47.34330603289939,2.1409122530499554,2008.6706258429824,18.21946752024772,3.0,5.0,0,0,50,14,email,7,3,3,0,0
CUST_00615,89.71791915640146,6,38.80506432472778,17.607140865331875,696.3019247889772,13.415953646247255,3.0,1.0,0,1,10,14,email,13,6,0,0,0
CUST_00616,64.18386254352549,3,61.32887759131162,15.64687899923665,393.63242492694457,31.092689702960353,3.0,4.0,1,0,20,30,sms,1,0,4,0,0
CUST_00617,211.10678517145755,2,16.854611610781575,24.030965486042962,237.20819149770801,12.236599046395996,7.0,2.0,1,0,20,14,email,8,2,1,0,0
CUST_00618,226.05520658062932,1,24.44230261634834,0.37288231397081273,184.176992241496,22.6060946168891,4.0,0.0,0,0,20,14,email,7,5,2,1,0
CUST_00619,225.9387004668894,3,56.84464609591674,26.25227805615622,1284.3405467411665,12.11233082305329,4.0,3.0,1,0,10,7,in_app,10,0,0,0,0
CUST_00620,231.2938942522191,6,17.534999683197952,,811.1476724876566,28.794989547420563,2.0,2.0,0,0,20,7,push,2,2,3,0,0
CUST_00621,1087.6181107314385,2,38.297650684342216,17.42913539310224,2776.8812321837904,24.331606203322075,4.0,2.0,1,0,30,14,email,8,0,5,2,0
CUST_00622,608.7527572236852,3,32.78059912360062,14.37856510209975,1995.5280099936197,18.739346006296774,2.0,0.0,0,0,50,14,email,5,1,2,0,0
CUST_00623,358.98111371282636,5,29.442570401424568,8.702590534729334,1761.5544522119483,18.723769640244964,3.0,5.0,0,1,50,14,in_app,6,2,2,0,0
CUST_00624,283.6670797058196,4,46.6941638259477,20.55794128482742,1766.0796122415607,20.125384367796485,2.0,0.0,0,0,20,30,push,19,5,2,0,0
CUST_00625,291.4331972541478,14,16.957318788617336,48.74734573080752,2306.231961331472,112.27987512220473,4.0,3.0,0,0,10,14,push,23,2,4,1,0
CUST_00626,504.48660766012216,17,20.7372153902455,5.8617877119119886,5928.266885240597,27.337578946690282,1.0,2.0,0,0,30,30,sms,10,1,4,1,1
CUST_00627,281.63135610418806,4,30.461108010718025,20.7008607635441,1143.8404209992887,58.638668986677835,4.0,4.0,0,0,20,7,push,4,0,1,0,0
CUST_00628,567.2878604714394,1,16.1075898618475,5.664912330867519,304.58800633596394,22.828898443305707,,2.0,0,0,30,14,push,18,1,1,0,0
CUST_00629,387.9347097918529,2,69.30749694711953,28.02829310496321,1792.4522476387033,63.97222171903015,6.0,,1,0,20,30,email,19,1,2,0,0
CUST_00630,1094.006715097446,12,20.506455059725468,8.624414483253938,8973.679815273465,22.878478536918525,6.0,4.0,0,0,10,14,push,8,1,2,2,0
CUST_00631,268.7173718345367,5,53.07986998391214,8.947542932022474,2377.2471932326303,36.21413636107101,3.0,3.0,0,0,30,30,push,10,0,4,1,1
CUST_00632,638.2303521266394,4,19.583708386652336,22.16829030300728,1666.522279941139,14.978937822950725,3.0,1.0,0,0,20,7,email,9,2,3,1,0
CUST_00633,117.4247634247191,9,50.52752936481617,10.282736593805922,1779.9549546297258,11.376759634545643,4.0,2.0,1,0,20,14,push,23,3,1,0,0
CUST_00634,177.14115342948304,20,12.612530391774177,4.651872934673888,1489.4654541755249,30.465267023452608,2.0,5.0,1,0,30,30,push,20,5,2,0,1
CUST_00635,1000.8019037064064,3,77.10508568815145,81.17878846674398,7716.6916542147555,32.28689084948935,3.0,1.0,1,0,20,14,sms,7,4,2,2,1
CUST_00636,551.0078303522048,1,65.43647358377412,14.522660122326657,1201.866977843158,9.89005313745172,1.0,1.0,0,0,30,30,push,15,1,1,0,0
CUST_00637,430.557011136538,1,23.770608846738668,15.540882973313806,341.153409931585,7.128634894717399,3.0,4.0,1,1,20,30,push,14,1,3,0,1
CUST_00638,1276.779748410585,3,20.178458424498665,15.601553311929454,2576.3447070544853,16.834918910118002,3.0,2.0,1,0,20,7,push,11,0,7,0,0
CUST_00639,286.80880924794144,2,43.583625047285196,32.229825059335475,12500.167602520622,45.4291842361431,1.0,,0,1,30,7,email,16,0,2,0,0
CUST_00640,637.2096275547158,11,13.25448872708866,3.04776120749624,3096.8255359126592,19.73683239147916,3.0,1.0,0,0,10,14,in_app,19,0,0,0,0
CUST_00641,669.0205096435585,3,33.81319977281536,0.9145973519346016,2262.172414468839,18.7173741055866,1.0,,0,0,30,14,push,22,0,2,1,0
CUST_00642,862.1665240988425,1,20.398205658180082,7.333528513885971,586.2216690055487,54.77099835023984,4.0,2.0,0,0,10,30,push,11,2,2,1,0
CUST_00643,104.68074209674663,12,28.429118830647745,12.482869437062,1190.3925025395197,20.054318730969623,4.0,1.0,0,0,20,7,push,15,2,2,0,0
CUST_00644,285.3410562541817,7,22.503947479511428,,1498.3033668615649,40.90245038982816,2.0,2.0,0,0,10,30,email,17,6,4,1,0
CUST_00645,383.06606153164427,0,20.511358795168707,17.529422965734163,0.0,61.0825235588065,5.0,2.0,0,0,10,7,email,11,4,2,0,0
CUST_00646,852.9365621490698,8,92.10014287608324,1.1518546944491663,20948.154463510557,36.74090772570197,2.0,2.0,1,0,10,7,push,19,3,2,0,0
CUST_00647,418.2151918623945,3,52.89591369302979,23.46047852683519,2212.187469386711,39.36306271125049,4.0,,1,0,10,14,in_app,0,5,1,1,0
CUST_00648,669.9888786499649,8,13.627396441483471,18.992299334551262,2434.7210828661423,38.62781128981104,4.0,4.0,0,0,20,7,email,16,1,4,0,0
CUST_00649,95.59746202613583,11,19.5800650064361,3.610923655417783,10294.924865071256,10.15856791014449,,0.0,0,0,20,7,push,5,0,2,0,0
CUST_00650,236.02907496249412,10,55.39389657739509,5.31703721900695,4358.190055910211,46.61567880757333,3.0,5.0,0,0,20,14,email,9,1,2,1,0
CUST_00651,746.6845667000819,5,59.21720391135145,24.676135277275858,7369.428707289642,26.95408704527185,3.0,1.0,0,0,20,14,in_app,19,5,3,0,0
CUST_00652,261.5522028613536,4,14.424820701453136,22.264419980192077,503.0458173793497,19.02136572656173,0.0,2.0,0,0,20,30,email,19,6,3,0,0
CUST_00653,303.6348254391014,8,50.35827268356931,25.21128264407575,4077.47342285073,19.26612678122143,3.0,2.0,1,0,30,30,email,10,1,1,0,0
CUST_00654,844.0107521209611,0,38.823179175242636,5.834493502641313,0.0,26.919235508399314,3.0,4.0,0,0,10,14,email,1,1,4,0,0
CUST_00655,143.08714180325939,7,10.329439486981984,,344.8689936117949,32.305265266722245,3.0,3.0,0,0,30,14,email,9,3,3,0,0
CUST_00656,174.6679061893441,4,25.999605607497138,18.84680359823359,605.5062230947007,41.79445436988199,2.0,3.0,1,1,20,30,email,9,3,1,0,0
CUST_00657,85.61512966050077,5,30.51755250930653,1.0113527795029493,435.4607025009032,23.18629191119797,50.0,1.0,1,0,20,30,email,6,3,5,0,0
CUST_00658,866.2047553063976,0,34.093102231281506,9.743698163262849,0.0,21.359407670498374,1.0,1.0,1,0,20,7,email,5,2,3,0,0
CUST_00659,601.1616808337704,10,14.994003096667894,,3004.6067013398765,14.952809945832591,2.0,1.0,0,1,20,14,push,8,1,1,0,0
CUST_00660,590.8601008007029,5,20.951090499366174,2.7705693729428926,2063.1939073900244,46.20184682869476,3.0,0.0,0,0,10,14,in_app,10,6,5,0,0
CUST_00661,230.6699394382411,10,22.787992598294778,34.80649026823498,1752.1682908559144,17.684341092554945,0.0,2.0,0,1,30,14,push,17,5,0,0,0
CUST_00662,79.09155318815318,4,24.012981261173937,21.042985729505688,253.22986461656856,49.94251548317023,3.0,1.0,0,0,20,14,in_app,13,0,4,1,0
CUST_00663,57.080397147107305,5,24.254484585540986,1.274086356887191,230.74260212351194,19.026957088437307,5.0,1.0,1,0,10,14,email,13,6,7,1,0
CUST_00664,750.3463649658802,2,30.58226462307301,36.66190294726308,1529.8194061564977,38.053621553186346,1.0,4.0,0,0,20,30,email,20,0,1,0,0
CUST_00665,451.046249151685,4,39.876292288394616,7.772026095044875,2398.140275567554,7.383928184098054,5.0,2.0,0,0,10,30,email,21,2,5,2,0
CUST_00666,513.1747123122929,1,96.01797703411401,9.035056051677557,1642.4665913763267,14.894810819238755,2.0,1.0,0,1,20,30,push,9,2,1,1,0
CUST_00667,370.20191201421727,1,55.84238964987686,22.925347272717026,689.0986473275783,8.269054956494674,1.0,3.0,1,0,20,30,sms,20,5,3,0,0
CUST_00668,156.68893394698904,6,72.97508151061555,15.49227061272656,34303.163179778945,114.3984447839845,6.0,2.0,0,1,10,14,email,19,4,2,1,0
CUST_00669,239.38953447696858,6,24.81743893671689,8.631227399620016,1188.2070307942502,5.006746503019197,,5.0,0,1,30,14,sms,6,6,1,0,0
CUST_00670,123.9216881836801,8,18.131415737909347,4.508970029858892,599.1668393071659,9.378741633235522,2.0,1.0,0,0,20,14,email,2,6,4,0,0
CUST_00671,109.68282322807157,6,53.562819713931255,10.912841591827918,1174.9842572560378,19.476215479086434,1.0,2.0,0,0,20,7,push,22,5,2,2,0
CUST_00672,567.9949132438456,1,32.79491379266568,12.983242348018722,620.9114738168181,38.04254582058908,5.0,1.0,0,0,10,14,sms,23,4,1,1,0
CUST_00673,63.033804076346925,4,51.325652713040434,14.951629681584365,431.36681829392194,25.582449529053264,3.0,0.0,1,1,20,7,email,13,3,2,1,0
CUST_00674,124.71005275654117,2,19.504005705117027,13.935444786533832,162.15637202993494,45.31887830902805,3.0,4.0,0,0,20,14,push,9,2,0,0,0
CUST_00675,250.76904249736478,7,48.86914712715256,14.407695337150464,2859.4694876390745,26.73489834779882,5.0,0.0,0,0,10,30,push,15,6,0,0,0
CUST_00676,325.15933697716525,3,29.810190798444967,,969.3061875185158,10.634695758307444,1.0,5.0,1,0,10,14,email,2,2,1,1,1
CUST_00677,84.5183169243995,1,25.114852628551596,12.379204890646923,70.7555024656504,31.736220347855582,1.0,6.0,1,0,20,14,push,17,4,1,0,0
CUST_00678,414.4394728331962,1,26.574352013251318,5.108611444965611,367.11534797518874,21.81326183618973,3.0,2.0,0,0,10,30,sms,6,3,1,0,0
CUST_00679,355.0991685147674,3,44.44533692349245,2.5863094718934416,1578.250218589086,14.431240413740277,5.0,0.0,1,0,20,14,push,4,5,1,0,0
CUST_00680,741.7590966599864,8,52.6931143653341,14.006730469072258,10422.825843155086,34.06546594548522,4.0,0.0,0,0,30,14,sms,21,6,2,0,0
CUST_00681,329.32621807147706,7,26.579799377106973,0.7220850403786208,2042.4657880576228,39.431347605963076,0.0,3.0,0,0,20,14,email,12,6,1,0,0
CUST_00682,444.7895484621577,12,40.714565253043666,1.0114518838463078,7243.765237893739,22.230883445897778,6.0,2.0,0,0,20,14,sms,11,6,2,1,0
CUST_00683,164.6530063833604,10,40.629314439552914,4.261646833677217,2229.9129232557543,17.933340966284895,2.0,3.0,1,0,30,7,push,14,5,5,1,0
CUST_00684,170.81771940579512,7,51.57319784944152,3.241160123422338,2055.5770757912737,51.72249235691727,3.0,,0,0,10,14,push,23,1,1,0,0
CUST_00685,93.84597436549421,3,59.868417718632784,7.028784680494433,561.8409994525513,13.271324558990047,3.0,0.0,0,1,50,14,in_app,6,0,3,1,0
CUST_00686,166.07250787042375,4,98.17315745902927,6.961249343069041,2173.8483286371984,31.967055508723245,4.0,0.0,0,0,10,30,sms,6,1,4,0,0
CUST_00687,236.54710350080035,3,25.050599718089504,1.8639959250277784,592.5646804272038,34.385717684851556,2.0,1.0,0,0,20,7,sms,16,6,2,1,0
CUST_00688,693.3920099447638,1,79.51979145492193,4.245453824466712,1837.9462675772256,45.084261253285035,3.0,2.0,1,0,50,14,push,19,6,5,0,1
CUST_00689,144.74103878297691,6,35.52528246230348,0.06869460272219473,1028.3932573304955,26.94559809488455,3.0,1.0,0,0,20,30,push,22,2,2,0,0
CUST_00690,1125.562450580166,3,17.16923770057702,6.484002022487208,1932.5049260854846,19.466954969075736,2.0,0.0,0,0,10,7,sms,18,5,0,0,0
CUST_00691,472.6914261398349,5,22.41452773805542,23.876561805732436,1765.8591804587174,23.907981786664607,5.0,2.0,1,0,20,14,email,12,1,4,1,0
CUST_00692,406.79789442785545,0,43.7974708309574,4.641963631539287,0.0,31.78003801085511,3.0,1.0,0,0,10,7,push,16,5,2,1,0
CUST_00693,310.2964670435668,0,51.12412131155841,15.464927580377726,0.0,29.444779029848767,,4.0,1,0,30,30,email,12,4,1,0,0
CUST_00694,267.1199928946676,7,17.997615663140817,1.551355533587198,1121.7553592137976,18.940104906195703,67.0,2.0,0,0,50,7,email,15,4,1,0,0
CUST_00695,188.2036954468834,6,20.940172558595894,0.18541128096302567,788.2035717646334,48.14389722225511,4.0,1.0,0,0,30,30,sms,3,1,5,0,0
CUST_00696,80.99548262864703,6,24.04987997475531,10.349180339521883,389.5863271432679,33.841606464564435,2.0,1.0,0,1,10,30,push,15,5,3,0,0
CUST_00697,149.31591864676932,5,19.72682109860968,9.284073181398652,7363.821035798438,2.1627048081031544,0.0,2.0,0,1,50,7,email,8,1,2,0,0
CUST_00698,864.8397960376127,11,10.71826189515937,3.188975189483061,3398.8457914720275,36.14812023743496,2.0,2.0,0,0,30,7,in_app,12,4,2,1,0
CUST_00699,452.59544723037965,0,8.744384931137516,5.06537878570125,0.0,45.10904991494229,3.0,3.0,1,0,30,30,email,5,3,5,0,0
CUST_00700,859.8036642946744,12,26.33544447970862,0.4672742885774394,9057.32466579297,8.759199075427661,2.0,1.0,0,0,20,7,push,12,3,4,1,0
CUST_00701,184.11439207934828,1,38.52269598764461,23.977460431248474,236.41942510075788,69.30646915544251,0.0,3.0,0,0,20,7,push,15,2,3,0,0
CUST_00702,120.57974002524283,2,49.07507969259728,5.377635723303459,394.49735673676355,64.45776833996801,0.0,5.0,0,0,10,14,push,6,6,2,1,0
CUST_00703,307.9901877289149,2,14.623057380553885,3.716470557735749,300.2505458538324,44.907674102572685,1.0,0.0,0,0,20,14,push,4,0,2,1,0
CUST_00704,154.28863613187335,10,14.772931146530054,24.495028202327706,759.7651327560646,10.485251901048574,0.0,2.0,1,0,30,14,email,9,4,4,0,0
CUST_00705,357.6722718416104,10,24.12485985616717,0.600985767521396,2876.264477538593,16.236465595158595,3.0,0.0,0,0,20,14,push,10,1,4,0,0
CUST_00706,64.24092439313856,1,33.181930699862875,5.022146448097883,71.05459671027513,16.748148799511544,4.0,1.0,0,0,30,30,in_app,14,0,3,1,1
CUST_00707,34.27176338996125,0,60.65905722825019,4.572473559698398,0.0,15.87847057540841,2.0,2.0,1,0,10,14,email,5,6,4,1,0
CUST_00708,395.5882599755794,9,50.9392242896924,4.576953440806233,6045.287730379555,12.809654981197124,4.0,3.0,0,0,10,14,email,11,5,3,0,0
CUST_00709,880.6829512613838,1,26.55725842451088,0.17343519293631998,779.6174908903164,34.063953684823986,2.0,0.0,0,0,20,7,email,21,2,2,0,0
CUST_00710,408.28574872864453,0,41.10349616682618,40.92495364277235,0.0,29.701415544202227,6.0,4.0,0,0,50,14,sms,10,6,1,0,1
CUST_00711,449.34595958455526,11,19.962918078631454,29.94252905009998,49336.41119082784,20.26845156433855,7.0,2.0,0,0,30,14,in_app,5,6,2,1,0
CUST_00712,318.01093342594186,3,34.62609031971919,8.029158563750238,1101.147530346487,64.18721414529166,3.0,,1,1,10,30,push,20,2,2,0,0
CUST_00713,341.1019699102437,22,31.898086516402802,8.84356709531298,7979.0334412157445,33.0853300834481,,2.0,0,1,10,30,push,10,0,4,0,0
CUST_00714,76.80728121229973,6,76.9058059680864,11.139922825583772,1181.3851731698744,32.26649028150165,3.0,1.0,0,0,10,30,email,14,4,2,6,1
CUST_00715,159.48366955306417,5,44.528661045853525,9.76039491464208,1183.599043979551,24.936976662995257,2.0,2.0,0,0,30,30,email,21,2,3,0,0
CUST_00716,688.6706719674822,2,20.853649572974284,22.652965480043754,957.41979095964,17.018105510462796,1.0,,0,0,20,7,email,14,5,3,1,0
CUST_00717,232.31659965615833,10,20.98204568212511,10.053767454777393,1624.8258355671617,15.997672931482034,4.0,1.0,0,1,20,30,push,20,3,1,0,1
CUST_00718,679.4135360611264,3,27.116572714797424,3.139065884770738,1842.3366554019174,30.45442791891237,2.0,4.0,1,0,50,7,push,15,1,2,0,0
CUST_00719,334.1517535023885,3,12.952909015676058,1.8659736089679027,432.82372605450513,39.69902332917815,5.0,2.0,0,0,20,14,email,19,0,1,0,0
CUST_00720,346.87773169166775,0,28.846474173020432,37.56527527754898,0.0,26.52662603114996,3.0,1.0,0,0,50,7,email,10,0,1,0,0
CUST_00721,233.74847581067456,7,30.38060690863924,0.7438841688763529,1656.9981304561236,3.6474238636013587,3.0,2.0,0,0,10,30,push,23,3,2,0,0
CUST_00722,496.46817411604377,12,43.81236692345804,34.177249840125654,8700.578324076545,27.875763869350607,6.0,1.0,0,1,30,7,in_app,12,6,4,1,0
CUST_00723,581.7561241663138,7,47.81193102041399,17.590949379615925,6490.139525180079,6.2417207993289825,5.0,1.0,1,0,10,14,email,16,6,2,0,0
CUST_00724,151.91185746877383,1,35.14034306906254,7.780465060718733,177.94115959037475,27.39108948236646,1.0,3.0,0,0,20,14,email,6,5,1,0,0
CUST_00725,84.79750302991332,1,12.453533376864877,3.108655313940293,35.20095114192753,22.207200227958747,2.0,,0,0,20,14,email,10,6,2,0,0
CUST_00726,43.63303626365381,14,15.916751073813076,5.576441740948594,324.0982158415104,36.70653197146557,1.0,1.0,0,0,10,14,push,11,6,1,0,0
CUST_00727,434.20677304543625,13,23.03320903969437,11.321308414764761,4333.842660336221,12.704300600565036,3.0,1.0,1,0,10,30,push,19,2,5,3,0
CUST_00728,399.66009268021776,8,48.97817884269319,16.043855395609285,5219.899598821077,27.305514934958225,3.0,6.0,0,0,50,14,email,18,5,1,1,0
CUST_00729,1332.2347629103542,2,47.99584202347313,17.63916083066263,4262.781947921636,4.625771792529195,2.0,2.0,0,0,30,14,in_app,12,2,6,1,0
CUST_00730,319.4200167220874,10,28.512341714226054,8.893928142625665,3035.8042223813186,19.95575443377492,2.0,4.0,1,0,30,30,email,19,2,1,0,0
CUST_00731,277.6018771487125,0,136.433626805825,7.025452865824484,0.0,47.55094212147918,6.0,2.0,0,0,10,14,in_app,19,0,1,0,0
CUST_00732,366.52500364116224,2,84.51597341871985,21.93581010338333,2065.1478310021776,36.06305712535608,7.0,3.0,0,0,30,30,push,15,1,1,0,0
CUST_00733,381.1371043604111,3,69.68266922483282,38.9369236884236,2655.8650772457117,32.39450513034291,2.0,2.0,0,1,10,14,email,22,0,1,0,0
CUST_00734,261.15202494667267,0,50.42035147883361,36.88244631984819,0.0,31.01968300490232,3.0,4.0,1,0,10,30,push,20,5,3,0,0
CUST_00735,156.4207376069047,9,43.60296062553672,12.031738676575973,2046.122178867383,19.84088205150554,5.0,1.0,0,0,20,14,push,6,5,5,0,0
CUST_00736,306.59647542207426,3,41.73523022608421,1.2347595498544677,1279.587448824624,47.748019223857256,2.0,3.0,0,0,20,14,email,9,0,4,0,0
CUST_00737,297.88592212191526,0,11.21197633911688,1.1417159423268204,0.0,55.40083125060371,1.0,2.0,0,1,10,30,sms,4,3,0,0,0
CUST_00738,294.2217603058106,6,17.623432100831216,7.731435416253364,1037.0394430672982,6.650093204327169,4.0,1.0,0,0,50,14,email,10,5,5,1,1
CUST_00739,532.9802661529136,2,28.983245682609994,19.79937206497681,1029.8331998595172,34.52315337070998,5.0,7.0,0,0,10,14,email,8,3,3,0,0
CUST_00740,302.4121677885823,13,35.756193441231936,10.31773963090419,4685.680120520029,144.8527844105675,5.0,2.0,1,0,20,14,in_app,18,6,2,0,1
CUST_00741,86.75368718003087,4,30.732664718499926,14.807229843421588,355.4895974930019,63.65050527018931,4.0,1.0,0,1,30,7,push,19,6,3,0,0
CUST_00742,179.48315582085502,2,38.992373227117675,27.80315703492623,466.5649466498465,18.907946515185394,1.0,,0,1,10,30,email,10,3,1,0,0
CUST_00743,258.6155387722969,1,9.374747799935525,0.6175743295990851,80.81518177115768,8.544212788842673,3.0,1.0,0,0,20,14,push,11,1,1,0,0
CUST_00744,313.3577446009797,5,44.85336357054862,38.61917205466834,2342.5248077058104,34.59351706100692,3.0,0.0,0,0,10,14,email,20,4,2,1,0
CUST_00745,440.6913990760451,0,34.373383639581334,6.027267794932303,0.0,28.062452633867114,4.0,2.0,1,1,20,14,push,12,3,4,1,0
CUST_00746,315.2333011323418,6,29.59276852057754,0.7187590590948459,1865.725222077381,24.243375713321978,1.0,2.0,1,0,20,14,sms,22,2,3,0,0
CUST_00747,35.281028851161025,1,57.76524057908553,27.066155585727127,67.9339039821658,13.085392887184009,1.0,4.0,1,0,10,30,email,19,0,5,1,0
CUST_00748,97.55264702080026,10,17.684348272377772,40.806554864457574,575.0516616027226,36.320953138813834,2.0,4.0,0,0,10,14,email,10,4,2,0,0
CUST_00749,462.12072944695694,6,28.727736608522882,21.955538902731718,2655.1365193781285,29.686371768330773,5.0,2.0,0,0,50,14,email,22,3,2,0,0
CUST_00750,253.08361595891995,2,39.277469010044186,24.48410844274815,662.6989255184269,19.150747312315513,1.0,1.0,0,1,20,30,in_app,18,4,2,1,0
CUST_00751,335.8902839785416,1,19.84978577402116,30.75504110942503,222.2450060183061,62.90695712499077,3.0,3.0,1,0,10,30,email,22,3,0,0,0
CUST_00752,228.28812502954685,14,9.954190448860455,11.083580427357528,1060.4642877534425,19.48014909006037,8.0,1.0,1,0,20,14,email,6,0,1,0,0
CUST_00753,178.84202235337267,0,16.579648243870878,17.113227448479226,0.0,58.92195457059972,4.0,3.0,0,1,20,30,in_app,16,6,2,1,1
CUST_00754,235.05877191944327,1,31.85414923073568,5.062574766075065,249.58657329051357,47.27663817943368,3.0,5.0,0,0,50,14,push,22,6,4,0,1
CUST_00755,338.88244157762955,1,28.51950256580435,4.309242580964317,322.15862206930825,13.423596635778113,2.0,2.0,1,0,50,7,in_app,0,0,2,0,0
CUST_00756,300.7083879598525,7,32.75450043490461,,2298.2290389824384,7.876422811803016,2.0,1.0,1,0,20,7,push,4,2,2,0,0
CUST_00757,579.176859086541,5,22.296593156098517,19.89819630411181,2152.2784654132674,17.848210426730628,2.0,5.0,1,0,10,14,sms,4,1,1,0,0
CUST_00758,70.32891452432683,7,15.069030846758375,7.591068103391673,247.28400255675996,38.55809555283618,3.0,1.0,0,1,10,30,push,10,5,6,1,0
CUST_00759,81.27967753565545,8,35.95272765721275,7.669663132997848,779.2602961347983,32.95801481349751,6.0,5.0,1,0,30,30,sms,20,2,4,2,1
CUST_00760,250.74177251729594,2,29.966683163282305,46.26306572203828,500.92661685504095,11.100781385445563,1.0,2.0,0,1,20,30,email,11,1,6,3,0
CUST_00761,444.23524721070004,1,48.55518225690865,-23.0,718.9974464419471,44.370249253024056,2.0,0.0,1,1,10,14,email,4,5,0,0,0
CUST_00762,513.250021999769,1,21.144696768471896,64.3381853011933,361.75053605322154,53.61425372136595,5.0,2.0,0,0,10,14,push,6,3,5,0,0
CUST_00763,184.98346643901863,2,9.850170902024386,29.799398903787562,121.47458389821507,48.21258562651737,1.0,1.0,0,0,20,7,in_app,9,5,3,1,0
CUST_00764,10.878988912964244,5,6.940154336289933,15.310510932996701,12.583643679793152,19.481756132905005,3.0,1.0,1,0,30,14,email,21,1,1,0,0
CUST_00765,190.12556374396624,7,26.026583846682005,0.1376636753848311,1154.6077494420051,40.1083163471275,4.0,3.0,0,0,20,14,in_app,6,6,3,0,0
CUST_00766,400.5682385045589,3,35.75698008700363,5.263059360379831,1432.3110527693634,19.875738795773167,3.0,4.0,1,0,10,30,push,16,0,3,1,1
CUST_00767,296.4563575051793,8,28.806829280390964,8.110094463950132,2277.3247145968667,28.212068642700004,2.0,2.0,0,0,10,14,email,20,5,6,1,0
CUST_00768,455.75376452776754,4,23.592048531018065,15.868458598555222,1433.621990791103,25.549825049806564,,2.0,1,1,10,14,in_app,11,1,2,1,0
CUST_00769,672.8121791109913,3,12.745401655790102,7.550876678060546,857.5261461676976,26.938482165426908,4.0,0.0,1,0,20,30,in_app,14,1,1,0,0
CUST_00770,264.6483799243437,2,10.658766266347284,26.38856102769756,188.05501495873696,30.766718962658064,3.0,0.0,0,0,30,14,sms,12,2,3,2,0
CUST_00771,208.33065650586127,2,41.27945293726513,16.310869421501934,573.3183687082164,4.2335013763142735,2.0,1.0,0,0,20,14,push,18,3,1,0,0
CUST_00772,137.78594075787817,3,28.88837491526333,6.396349999602823,398.04119146658473,38.47447771612241,0.0,0.0,0,0,20,14,in_app,12,6,2,0,0
CUST_00773,80.79198229315172,10,26.62602207653739,23.01732557174182,717.0563680482252,8.009672793841501,4.0,2.0,0,0,10,30,email,22,1,5,2,0
CUST_00774,59.56297698247277,13,13.13065308583256,5.4164917870606155,338.91034125705454,54.80902412461395,0.0,2.0,0,0,10,30,email,20,6,0,0,0
CUST_00775,169.83435142958953,4,18.54584992036558,0.9726642339515272,419.96298572477235,38.18574437434024,2.0,2.0,1,0,20,14,email,17,3,1,0,1
CUST_00776,612.3432934873204,4,34.0238792747097,2.841212907895214,2777.9059056387623,36.94036062428894,3.0,,1,0,30,30,email,8,6,4,1,0
CUST_00777,486.7196529825697,5,39.282124657383285,0.04116382196826784,3186.5636802766066,23.843948159929745,4.0,2.0,1,0,50,30,sms,14,3,2,0,1
CUST_00778,200.3032859050544,3,30.007757175505773,26.788177165139512,601.065236489478,20.118007467858952,5.0,1.0,0,0,30,7,sms,4,6,3,1,0
CUST_00779,1132.3985312100685,9,75.75842472503132,14.797016631037735,25736.618665624203,30.75199367801902,2.0,2.0,0,0,20,30,push,9,1,3,0,0
CUST_00780,180.11040909142997,7,23.446088106402073,12.679423890364355,985.3397214354837,39.78524504792747,1.0,1.0,1,0,20,30,email,12,3,2,1,0
CUST_00781,715.560072811348,2,71.67364830370067,16.27278237966225,3419.120066590067,28.06284664940759,0.0,2.0,0,0,20,14,sms,9,4,3,1,0
CUST_00782,828.8230816575835,3,37.71734456812867,15.902344002895846,3126.100575689732,27.920382368780967,5.0,0.0,0,0,50,14,email,4,0,0,0,0
CUST_00783,420.08487892629176,8,35.33521523425562,12.503387972344795,3958.3438969377953,21.999002191685797,1.0,2.0,1,1,50,14,email,8,2,0,0,0
CUST_00784,168.46365800329417,17,57.946120962736465,27.716382677136046,5531.695452540906,4.907480789286871,3.0,3.0,1,0,10,30,push,22,0,1,0,0
CUST_00785,222.86275946420307,0,22.77181510168983,8.722665241638106,0.0,17.9678712635261,4.0,1.0,1,0,20,30,push,14,2,3,1,0
CUST_00786,344.99476101987244,0,27.179905298848613,24.506685047870143,0.0,42.89593788360666,2.0,2.0,1,1,20,14,push,6,6,6,1,0
CUST_00787,83.2167353445484,5,15.892941190608404,23.171172002915487,220.42644681755527,36.51818556175738,0.0,2.0,0,0,10,30,sms,18,1,3,0,0
CUST_00788,126.12274190233454,8,58.039714727557325,3.337871814088628,1952.0341228450231,35.667016539125854,3.0,4.0,1,0,20,30,in_app,21,3,0,0,0
CUST_00789,116.55588340062468,2,40.500052270491395,9.070545396695417,314.70129134390663,54.433605834350516,1.0,0.0,1,0,20,14,in_app,12,2,3,0,0
CUST_00790,442.7847141211959,1,63.986748750148536,27.02098688331643,944.4118084293103,6.902467167100203,3.0,,1,0,30,14,push,10,5,2,1,1
CUST_00791,668.4946278751725,3,37.44667952779577,26.65500117094823,2503.2904096094676,73.96780662623084,2.0,4.0,1,0,50,14,push,9,1,5,1,1
CUST_00792,500.0023343263527,5,64.18858101813512,0.36449124247874043,5349.073391027296,56.21385096890186,4.0,3.0,0,1,20,30,push,5,1,5,1,0
CUST_00793,596.0902159773243,1,21.14971701362089,3.785691574898739,420.2379794169522,26.548421641427456,3.0,2.0,0,0,10,14,in_app,2,2,0,0,0
CUST_00794,156.26273681087594,2,59.88007392974169,8.271443710406958,623.801615513268,11.23212348014996,7.0,2.0,1,0,20,14,sms,6,1,0,0,0
CUST_00795,231.0898180319069,7,26.083711616808277,,1406.4587065958242,26.32316088729217,3.0,5.0,0,0,10,7,push,11,2,2,0,0
CUST_00796,245.40520999580204,7,33.16579792078255,4.529243013256198,1899.1139074665277,19.360053125196842,3.0,,0,0,20,14,push,2,3,3,0,0
CUST_00797,418.8980454108129,0,51.26525888245216,4.4821531951699685,0.0,32.20738051998537,8.0,3.0,0,0,20,7,email,23,3,4,0,0
CUST_00798,173.93066575352998,3,133.8479890262518,3.622828206582133,2328.026984110715,20.414710899076706,2.0,0.0,0,0,50,7,email,16,0,1,0,0
CUST_00799,571.3886088176689,3,54.16482563388875,7.57909051432825,3094.9164365799306,15.904312007832946,4.0,1.0,1,0,20,14,email,9,5,2,0,0
CUST_00800,813.7966065358947,3,57.31759708199119,25.15056417480282,4664.4866000116135,36.86276319884209,6.0,1.0,1,0,10,7,push,10,4,1,0,0
CUST_00801,434.16051798269416,1,23.873599555354495,4.197963498044212,345.49914496880416,38.00295934033841,6.0,2.0,0,0,10,14,email,23,4,1,0,0
CUST_00802,222.93306722343232,10,36.38653521656764,,2703.9206338209533,15.5699683520189,6.0,2.0,0,0,20,30,sms,9,1,1,0,0
CUST_00803,144.18958880150979,3,31.264386542316508,12.232368562723464,450.79990396680734,34.77670548859892,2.0,2.0,0,0,10,30,push,5,2,1,0,0
CUST_00804,116.8161294661196,0,77.06118222769122,25.549973279675907,0.0,47.09231851487293,5.0,1.0,0,0,20,7,email,10,0,2,0,0
CUST_00805,35.79162499391033,10,30.33916593321592,,361.96268323656125,60.35038008216838,6.0,1.0,1,0,30,7,email,6,1,2,0,1
CUST_00806,251.46656260987032,5,73.48821927574534,3.7957051318611006,3079.971648932016,30.341640456452808,5.0,0.0,0,0,20,14,email,13,3,3,1,0
CUST_00807,240.16240509019113,9,15.165331128778966,33.31793156006061,1092.64271936301,17.04361388887651,3.0,3.0,0,0,20,30,email,9,4,4,1,0
CUST_00808,547.6708540652138,0,76.65128694223475,26.841667939365056,0.0,15.494253298858649,3.0,4.0,1,1,20,30,email,7,3,1,0,0
CUST_00809,183.8801281025903,9,19.750118515009213,14.573233915550915,1089.4962967743702,29.79612015417129,5.0,0.0,1,0,30,14,sms,8,1,2,0,0
CUST_00810,262.816099515228,1,55.27553991275028,1.4681517668059358,484.2433932822445,44.070137357659725,3.0,4.0,0,0,50,14,sms,23,1,3,0,1
CUST_00811,370.57325436395706,9,19.71543285130053,0.24373701352958088,32877.054508052286,40.372701309097934,1.0,1.0,1,0,20,30,email,9,6,1,0,0
CUST_00812,429.16682334106224,9,47.99075337828404,3.024852443913738,6178.8117531307535,15.388345495673988,,1.0,0,0,20,14,email,22,1,0,0,0
CUST_00813,505.22230136319445,1,18.58672662559293,,313.0142933530207,39.30802466114277,1.0,3.0,0,0,10,30,email,12,0,4,2,0
CUST_00814,344.0623692066416,8,61.67561073592105,2.19703371031767,5658.7351338846875,26.170163064776098,2.0,,1,0,10,30,push,13,0,0,0,0
CUST_00815,88.28735659054554,0,54.9897761385057,4.560858677357342,0.0,34.75027727052669,2.0,2.0,0,0,50,30,in_app,4,6,2,0,0
CUST_00816,402.7938360808564,8,23.094339528429344,6.184821011120539,2480.6020294426166,5.271483662245125,2.0,1.0,0,0,10,14,email,23,6,2,0,0
CUST_00817,172.66722677121288,2,46.84530102649476,21.063111682926177,539.2432143671668,44.148583830524075,,4.0,0,1,10,14,email,12,5,4,1,0
CUST_00818,689.5566033946884,5,58.46683024046291,18.543418714868285,6719.36481197791,10.375874099598938,2.0,1.0,0,0,20,30,push,20,2,4,1,0
CUST_00819,304.97026624848354,1,19.029845601059012,1.65357458625101,193.45123598741665,33.0243672809981,2.0,2.0,0,0,20,30,push,16,2,3,1,0
CUST_00820,359.49576991749075,1,17.807118506437725,56.65384403885213,213.38612591612758,21.84071469224231,3.0,1.0,0,0,10,14,email,11,4,5,1,0
CUST_00821,1401.640276773462,3,17.41300187575331,20.92332298910066,2440.676476858768,13.962422386437497,0.0,3.0,0,0,20,14,push,16,1,2,0,0
CUST_00822,511.31999170150686,3,15.993755739337105,2.6767346434036776,817.7927051913776,21.443213696084072,1.0,1.0,0,1,20,30,email,4,3,2,0,0
CUST_00823,397.5760645218284,4,17.363048391266663,1.9943431584724296,920.4176596669153,1.4694553474301497,5.0,3.0,0,0,20,14,email,2,1,5,0,0
CUST_00824,268.9622340822706,1,57.67783314818425,1.3742786557335964,517.1052953520026,13.390094438112229,6.0,1.0,0,0,20,14,email,9,0,6,0,0
CUST_00825,95.95671158339472,4,46.27999955723558,19.73970077964659,592.116875945772,21.39740218365217,3.0,4.0,0,0,10,14,in_app,6,1,4,0,0
CUST_00826,254.00166826659068,2,11.96994216247809,4.043439589914882,202.69235188826912,20.579635785554625,1.0,4.0,0,0,30,14,sms,21,1,1,1,0
CUST_00827,142.58285246178198,2,24.383332600814743,1.1365078328897598,231.77634098323517,16.3736918532198,2.0,1.0,0,0,20,14,email,8,1,3,0,0
CUST_00828,879.4125131417118,2,16.532002481726888,8.218248017909781,969.2299899813639,22.70119384121566,2.0,5.0,0,1,10,14,sms,15,1,2,1,0
CUST_00829,401.3767747320567,11,55.52970583903321,18.500943453090077,8172.3892182133695,28.831983631032887,8.0,6.0,0,1,20,30,sms,21,5,4,1,0
CUST_00830,672.8360623342567,21,25.285030942699613,5.448080796473222,11908.876458840092,36.96160919492903,1.0,1.0,1,0,30,14,in_app,3,2,2,1,0
CUST_00831,179.438495599506,6,13.10958374486372,,470.47279702281685,34.42873853241207,,1.0,0,0,10,14,push,16,2,2,0,0
CUST_00832,152.07300145074106,2,36.67513630777966,3.2104338935505186,5577.298056939103,33.37443597761073,2.0,3.0,1,0,30,7,in_app,0,6,4,1,0
CUST_00833,477.2697426939369,11,47.65060205100406,8.409393146465417,8338.803212701092,21.208037029361233,1.0,1.0,0,0,10,7,in_app,20,5,1,0,0
CUST_00834,137.4142394624576,7,18.68611883747375,6.669535553108458,599.1390553298635,55.9458642502915,4.0,3.0,0,0,20,7,sms,23,4,1,0,0
CUST_00835,209.3937540899895,7,28.248785061389217,8.535256025824003,1380.194468913284,32.295649928956294,5.0,5.0,1,0,20,30,email,7,4,4,0,0
CUST_00836,906.8514717680786,8,19.270254881920803,-25.0,4660.069066937568,20.981049028518335,2.0,2.0,0,1,20,30,sms,5,2,2,0,0
CUST_00837,216.38589375680016,8,69.85547293174379,1.452601130666887,4030.863718437158,29.340459138607073,3.0,5.0,0,1,10,30,push,11,0,2,0,0
CUST_00838,76.37230613588402,3,25.564000155654227,1.4702854940084236,195.2381645945411,30.663890276779266,6.0,4.0,0,0,10,7,in_app,22,4,2,0,0
CUST_00839,48.66018689718096,4,21.47516350638131,4.528958200420915,139.3313959824046,35.88651826312369,4.0,3.0,0,1,20,14,push,8,5,0,0,0
CUST_00840,66.789034663812,2,32.11119437257829,1.8453734793997878,142.97837826976908,39.097942508733034,3.0,1.0,0,0,10,14,push,8,6,3,1,0
CUST_00841,699.4387331261646,2,29.23803417720792,,1363.347572267054,48.80589100068442,3.0,1.0,0,0,20,30,push,14,0,0,0,0
CUST_00842,189.16470617548808,7,50.0536803397536,0.3727531227204176,2209.290938043302,66.49384134889559,4.0,1.0,0,0,20,14,email,16,5,2,0,0
CUST_00843,1373.5892855381362,3,68.69169716756983,6.478816779041076,9435.417923480425,6.7385101394535925,2.0,2.0,1,1,10,30,email,12,6,1,1,1
CUST_00844,819.9779937341782,4,69.00465393206343,3.6007257853288492,7544.306358604619,32.55641239573525,5.0,2.0,1,1,30,30,email,6,6,4,1,1
CUST_00845,1049.3289175829382,10,26.333860527878045,33.40470093429448,9210.960454499444,17.942771709110144,5.0,1.0,0,1,20,30,email,21,1,3,3,0
CUST_00846,606.4386645801529,5,39.76822314270057,29.29557990290681,4019.498022564145,24.60512522914872,5.0,0.0,1,1,20,14,email,12,1,5,0,0
CUST_00847,459.8303697466393,14,80.8907878032274,5.359101986694765,17358.152403505665,22.320855292149684,4.0,0.0,1,0,10,7,email,22,2,3,0,0
CUST_00848,147.20619434644087,3,82.78105948353164,9.679222068299762,1218.5884730537039,9.717195029610728,10.0,2.0,0,0,20,7,email,11,6,1,0,0
CUST_00849,299.216529978038,1,19.57897540700472,46.78277842878713,195.2784360603099,27.82938175206877,3.0,2.0,0,0,20,7,email,5,1,3,0,0
CUST_00850,492.66711041636916,3,47.24501425624788,11.13809866316192,2327.606465520581,21.706791775154606,4.0,1.0,0,0,50,7,push,9,2,2,1,0
CUST_00851,581.2514073614291,10,42.688234501619995,28.300939370841103,8270.865460613779,11.232563348261289,,2.0,0,1,20,30,push,12,4,2,1,1
CUST_00852,105.21794826379262,3,57.733207428998035,26.262842886814465,607.4569632367122,29.434698139301425,3.0,1.0,0,0,20,30,email,6,1,2,0,0
CUST_00853,257.2103415531462,9,69.83745990751828,42.52691551394617,5388.875074805078,13.67132516906961,7.0,1.0,1,0,50,7,push,10,6,5,1,0
CUST_00854,281.1939918415313,9,17.732770960510766,5.472780923474591,1495.9045958392824,14.965918876131532,2.0,2.0,0,0,10,7,in_app,4,3,3,1,0
CUST_00855,272.58846410405573,3,21.880438467022675,0.6662654611398197,596.435511564901,47.16799152628239,3.0,2.0,0,0,30,14,email,21,6,2,0,0
CUST_00856,119.39019387335408,4,57.08636255850405,1.6464484634511694,908.7402524512506,6.393424040866684,2.0,2.0,1,0,30,30,email,22,4,3,0,0
CUST_00857,970.0255764076376,5,36.19128894190271,,5851.079319467423,28.90953722609511,2.0,,1,0,10,30,in_app,10,0,3,1,0
CUST_00858,250.38756166374245,2,8.702891053561364,11.334212840566234,145.2730446884286,45.88733505013345,3.0,0.0,0,0,20,7,push,21,5,3,1,0
CUST_00859,127.71713229448446,5,12.18530277219832,5.31701144525583,259.3786543675335,33.344088795088744,4.0,2.0,1,0,20,14,email,5,5,1,0,0
CUST_00860,985.6028888487385,8,49.28125988661194,,12952.467229426718,45.3155094424516,2.0,2.0,1,0,10,30,in_app,3,3,3,0,0
CUST_00861,820.4930550675584,4,54.78774587578814,,5993.728665852058,17.938075312059983,3.0,1.0,1,1,20,30,email,8,3,1,0,0
CUST_00862,333.94438211778765,4,14.736204801155923,6.244164924786525,656.1430409444254,6.0351182002028905,4.0,4.0,0,0,30,14,email,7,2,2,0,0
CUST_00863,204.21161466570382,6,64.03952925318038,13.893289836659651,2615.5231342447078,28.800652807923317,2.0,0.0,0,0,10,14,sms,7,2,3,0,0
CUST_00864,61.06689222674839,13,29.42108521118645,18.687220745752306,778.5501705737183,27.631868977832386,2.0,3.0,1,0,30,14,in_app,18,5,3,1,1
CUST_00865,435.8765996465334,5,17.930721419279674,,1302.5969802408147,25.526026945611154,5.0,1.0,1,0,30,30,push,19,6,4,1,1
CUST_00866,192.45711152499968,4,23.660866147426074,3.2240274650205905,607.1602606551025,22.102409166274683,3.0,1.0,0,0,10,14,email,13,0,1,0,0
CUST_00867,293.65143048866156,2,15.900555796511975,29.575515301076543,311.2813970140347,12.99961156961828,4.0,1.0,1,0,50,14,push,17,0,1,0,0
CUST_00868,929.0314781381993,1,22.884353184428733,,708.6761488388812,23.45441603087613,4.0,3.0,0,0,30,30,sms,8,4,3,0,0
CUST_00869,180.69032348290574,7,10.790447127407298,26.532720740680137,454.9368557944969,8.218579956641962,3.0,4.0,1,0,50,30,push,16,2,3,2,0
CUST_00870,422.65020729907474,4,31.680464547993378,27.180618259613915,1785.300654472052,83.97660830782418,1.0,1.0,1,0,50,14,email,17,2,4,0,0
CUST_00871,515.5554151196585,4,47.099915772766835,12.69444970918167,48565.23325665951,12.827164346913012,4.0,0.0,0,0,10,30,push,22,6,4,0,0
CUST_00872,684.9732013469356,3,14.754454239314997,14.892557967033886,1010.640575443046,17.040490557622785,2.0,3.0,1,0,20,7,push,4,1,3,1,0
CUST_00873,277.32295824241805,2,33.455365000690946,6.647903258146926,618.5293860714313,33.74798598516913,2.0,1.0,0,0,20,30,sms,20,6,1,0,0
CUST_00874,255.11584680565468,3,20.434175792923917,27.637982951619005,521.3082061187396,5.8113528466428335,1.0,,0,0,30,30,email,5,4,2,0,0
CUST_00875,250.38863427354963,2,49.46574952128918,,825.7107643968727,46.989011035453956,1.0,3.0,1,0,20,7,push,10,2,1,1,0
CUST_00876,393.7214976308047,2,8.259431382073704,12.307076030293658,216.7943795552617,35.159509738973895,0.0,1.0,0,0,50,30,sms,0,5,0,0,1
CUST_00877,797.7314397660846,1,50.76125206074941,0.026946721606989802,1349.7948896916919,70.66009747640035,3.0,1.0,1,1,20,30,push,22,2,5,0,0
CUST_00878,241.30413211119154,2,11.126682377115053,42.16198842545504,178.99429561910918,16.015840460643144,4.0,1.0,1,0,20,30,push,23,0,1,0,0
CUST_00879,15.70212734220499,4,29.19611908128421,44.433454046225464,61.125490628334084,15.416357637798153,,4.0,1,0,50,14,email,22,4,3,0,0
CUST_00880,555.8936237677038,2,21.64228695233465,18.58968351882672,802.0539547035869,9.130154221112734,4.0,1.0,0,0,20,30,push,4,3,6,1,0
CUST_00881,315.83805378939167,3,26.671037635757525,8.254931280191036,842.3728619421274,30.359746956874467,2.0,2.0,0,0,20,30,sms,8,0,3,0,1
CUST_00882,436.5742548418253,0,13.228393549621684,2.9513788910161134,0.0,27.999648181527586,2.0,3.0,0,1,20,14,in_app,9,4,1,1,0
CUST_00883,63.68938197907308,1,89.66518658479932,10.17278159677699,190.3573439541381,8.131019071783824,3.0,3.0,0,0,30,30,push,23,1,1,1,0
CUST_00884,193.08838916937844,2,15.303203008264955,23.510804110238514,196.99138786652443,17.51341587774655,2.0,4.0,0,0,30,14,in_app,18,3,2,0,0
CUST_00885,525.0093140371331,1,16.04516946582222,-15.0,280.79544716202923,22.65369995410673,4.0,2.0,0,0,10,14,email,15,0,1,0,0
CUST_00886,92.73391334948936,5,97.21182408677788,11.245654138286927,1502.4721452348438,54.618022856639946,1.0,2.0,0,0,20,7,push,9,2,2,0,0
CUST_00887,421.9659639896438,3,40.190111454431104,,1695.8859122720246,46.38654386516703,1.0,2.0,1,1,10,30,email,23,6,2,0,0
CUST_00888,291.793653069444,6,15.60273291738099,5.634239451330955,910.5556871658924,13.81796351388357,4.0,1.0,0,0,10,14,in_app,16,5,4,1,0
CUST_00889,159.6268099580507,5,30.65290367564667,29.487833010958074,815.5042049491474,19.52978752883893,1.0,1.0,0,0,50,14,sms,12,4,4,1,0
CUST_00890,148.35797285655966,5,28.747830928401363,8.682643571360412,710.8283200934559,29.275390311521583,6.0,3.0,0,0,20,14,sms,11,6,4,1,0
CUST_00891,120.44499190928568,13,12.030071788861864,0.036251239927398024,627.883489686957,18.98570692239315,3.0,2.0,0,0,50,7,email,3,2,2,0,0
CUST_00892,314.562577861621,3,21.0109229629347,19.748278990517896,660.9250090472666,26.64178896903125,2.0,3.0,1,0,20,30,email,9,0,2,0,0
CUST_00893,342.89757493075234,5,32.59541299750907,31.536769876685913,1862.8146784520309,22.884691600742787,1.0,1.0,0,1,50,14,email,5,0,2,0,0
CUST_00894,222.537685605718,8,70.79941539285593,9.935220878251677,4201.476811670402,45.00201434059953,2.0,1.0,0,0,20,14,in_app,17,0,2,0,1
CUST_00895,113.4622215784996,2,29.56827789926178,9.097604488403341,223.65883324671282,39.55519184768783,2.0,6.0,0,0,30,30,push,20,4,2,0,1
CUST_00896,413.3120496033739,0,30.932669025713484,24.55586980062571,0.0,16.69856779563598,1.0,1.0,1,0,30,30,email,22,4,2,0,0
CUST_00897,562.8954991727359,4,20.305666751726267,32.41299516439835,1523.9957896330911,11.0094675027233,2.0,1.0,0,0,20,14,email,23,2,1,0,0
CUST_00898,468.1052593390369,2,63.91374683758859,54.989229277263554,1994.557402582597,54.86942902225395,3.0,2.0,0,0,10,30,push,6,0,2,0,0
CUST_00899,1077.0940898814827,3,56.90555995744212,6.361700210717535,6129.2642311557265,22.772107168970926,5.0,2.0,0,1,10,7,email,11,4,2,1,0
CUST_00900,259.47418058749076,4,53.17566483536737,13.546500447081618,1839.694941380266,32.53813676454268,0.0,2.0,1,0,30,14,email,17,3,5,0,0
CUST_00901,746.3302243428542,16,35.41386177438919,25.96716486565215,14096.232214894246,22.892567773605734,2.0,,0,0,30,7,email,15,6,1,0,0
CUST_00902,173.5357675130947,5,12.690527675529305,11.384559455726983,367.0434100531912,17.150238341823055,1.0,3.0,0,1,20,30,push,23,4,1,0,0
CUST_00903,149.97107828211,14,63.56111851566874,9.294362116343235,4448.420424285519,32.87052217304319,5.0,3.0,0,0,10,30,email,7,6,0,0,0
CUST_00904,329.4184182531816,4,34.27437014488466,12.727101107785842,1505.4145066335966,26.95600928454701,4.0,1.0,1,0,50,7,email,13,5,2,0,1
CUST_00905,858.0615206231778,6,27.518130741151072,6.621055981057604,4722.449821691901,28.803315317700033,101.0,1.0,0,1,30,7,sms,7,3,3,0,0
CUST_00906,237.17009904023064,6,43.3399757741328,,2055.7892693504546,32.893326764374635,,1.0,0,0,30,30,email,15,1,3,0,0
CUST_00907,63.63606075695503,7,37.88343034003507,1.034321691560096,562.5088641200805,11.413851390291452,3.0,2.0,0,0,30,14,in_app,8,3,0,0,0
CUST_00908,555.5656864174102,7,17.43502656634425,14.12338828716687,2260.1372504752594,13.25955930241458,2.0,0.0,0,0,20,30,push,17,1,4,1,0
CUST_00909,282.27335242622723,1,27.317329556968172,7.149608753302925,257.0318064459157,27.907830294303075,4.0,2.0,0,0,30,14,email,14,5,1,0,0
CUST_00910,374.91679617038903,2,10.564975420372074,32.177696148548655,264.0657824149871,38.98369641192353,7.0,3.0,0,0,30,7,email,5,0,4,1,0
CUST_00911,157.01673594434644,2,34.86962061896801,3.7839359016999876,365.0076008805358,21.608571585481567,4.0,4.0,0,0,10,14,push,6,2,3,0,0
CUST_00912,327.0989806798963,3,73.55818019552461,5.581433856756114,2406.0805762624236,25.568892392061045,4.0,4.0,0,0,30,14,in_app,11,0,2,0,0
CUST_00913,74.52871029266838,6,11.27548519770717,52.8536465325949,168.06947394183766,14.204936284040121,3.0,3.0,1,0,20,14,push,16,4,2,0,0
CUST_00914,979.8170060982333,2,35.77240699477363,12.18880197299547,2336.6941815031064,18.36109890597469,3.0,2.0,0,0,20,30,sms,5,5,1,0,1
CUST_00915,627.4767131243204,11,49.45618471291411,6.38700048913235,11378.621550020489,17.922865719190355,2.0,0.0,0,0,10,14,in_app,8,6,0,0,0
CUST_00916,316.04607134318184,6,54.04484637009159,29.58782061498632,3416.1322743226538,30.02127116069509,5.0,1.0,0,0,10,30,push,4,1,2,0,0
CUST_00917,545.0025457774144,9,21.16367235134196,20.40209628807776,3460.2765928441336,32.965497850827155,2.0,3.0,0,0,30,14,push,4,1,2,0,0
CUST_00918,173.92555980686674,2,17.092872473480558,12.76959092462032,198.19249424383258,59.26657288324449,9.0,2.0,0,0,30,14,email,10,6,2,0,0
CUST_00919,608.6325967794422,12,23.284055684148196,32.9868539622448,5668.5741098400995,32.830819720843046,7.0,,0,0,50,14,push,6,1,3,1,0
CUST_00920,228.7359628810547,2,67.66185760529935,1.4801025944941992,1031.7800099779306,60.386998369249525,7.0,1.0,1,0,10,14,in_app,8,2,3,0,0
CUST_00921,215.63687756455016,0,11.872996415802652,7.52536070416676,0.0,22.55568352426093,5.0,,0,0,20,30,email,14,6,1,0,0
CUST_00922,128.28564435063822,5,15.96533489815915,24.954460343329156,341.3538791140129,6.267049977192735,5.0,6.0,0,0,50,7,push,15,6,2,1,0
CUST_00923,409.59420644643853,2,25.14699256020971,7.31501267219482,686.6708308142394,18.749000280334037,5.0,3.0,0,0,10,14,email,1,6,2,0,0
CUST_00924,305.6633614288383,9,18.44138399466608,39.20539669508593,1691.0566263628834,34.377802255267575,1.0,2.0,0,1,10,7,in_app,9,1,4,1,0
CUST_00925,762.3766861537346,14,32.29771093240756,2.4823405483237493,11490.743521133389,44.7111942905721,3.0,2.0,1,0,20,7,push,9,0,3,0,0
CUST_00926,114.65071618127762,5,77.37901065542717,6.156500834270234,1478.5931648405729,36.832333482376214,3.0,,1,1,20,7,email,20,0,1,0,0
CUST_00927,410.9421356431057,8,16.082133445597904,8.320162278150354,1762.3536703550456,25.557277865146975,2.0,0.0,0,0,10,14,email,10,5,7,0,0
CUST_00928,669.1616267171606,3,30.33130338092229,17.42146448474606,2029.6544310829672,16.99678601255433,2.0,1.0,1,0,20,30,email,9,1,4,1,0
CUST_00929,347.47587386610815,0,32.951916342423196,3.2602085261137272,0.0,24.83847518398392,3.0,2.0,0,0,50,7,push,5,5,3,1,0
CUST_00930,225.1876866517074,4,27.092264676764774,0.14869207936422693,813.4459211621902,24.775893003874796,4.0,2.0,0,0,20,30,in_app,20,2,3,1,0
CUST_00931,340.8742271614109,0,12.844876480368999,56.26726927187112,0.0,9.528218585678644,3.0,0.0,1,0,30,30,email,20,1,2,1,0
CUST_00932,722.1580462659437,2,22.585422740665468,34.353490320076496,1087.3496506992926,50.191564429252686,1.0,0.0,0,0,30,14,push,23,5,3,0,0
CUST_00933,721.9566896364622,6,22.625966096454263,,3266.9935165645893,21.679721948554775,5.0,3.0,0,0,20,30,email,21,4,4,0,0
CUST_00934,273.3912649278035,4,48.429172675798256,9.909643425614695,26480.22555448701,8.197801233220225,2.0,1.0,1,0,30,30,sms,18,5,3,0,0
CUST_00935,713.5927420754863,4,42.595455902019296,10.068443353664513,4052.774423610321,62.782782535524596,2.0,1.0,0,0,30,14,push,11,1,5,1,0
CUST_00936,294.7172576747338,4,13.050971171627443,,512.8461911592063,34.64056454493091,4.0,1.0,1,0,20,30,in_app,17,2,1,1,0
CUST_00937,540.8084564017869,9,26.251370184756748,13.634519426796388,4259.088896415056,30.91115098670817,,0.0,0,0,30,7,in_app,14,3,3,2,0
CUST_00938,445.8283959682397,4,24.52877394321998,26.267702928710666,1458.0831922897758,8.985053691502262,3.0,4.0,0,0,50,14,email,17,0,1,0,0
CUST_00939,217.8616161513348,5,106.99875193450208,36.455280070865285,3885.1535037710637,56.33915347364377,1.0,2.0,0,0,20,14,sms,16,6,0,0,0
CUST_00940,132.64886228860144,4,39.46396228228172,12.51904138900142,697.97995975266,11.240742452619736,1.0,3.0,0,0,10,30,email,10,4,5,2,0
CUST_00941,681.0422045955994,2,17.349036098752237,5.042216161631871,787.6950528201908,25.378994080437007,1.0,4.0,0,1,30,30,email,11,5,1,0,0
CUST_00942,810.5680999946245,2,20.778550869288765,-24.0,1122.8286999174031,36.36586531213806,3.0,2.0,1,0,10,30,email,15,5,1,0,0
CUST_00943,403.93810100069015,12,26.387034193709873,28.544013697317833,4263.4913932989775,67.01273535470432,,2.0,0,0,20,14,email,20,6,3,1,0
CUST_00944,294.4125016593543,8,41.158091630757,13.14232486992175,3231.32179214296,25.741083783821296,3.0,4.0,0,0,30,14,email,10,0,3,1,1
CUST_00945,100.96011622739853,0,44.29857757846564,33.910409622572026,0.0,20.347870270412578,2.0,3.0,0,0,20,7,sms,9,2,6,2,0
CUST_00946,669.2780023164082,2,37.3483818103012,33.86934065428901,1666.4300245165912,57.47386324531632,5.0,2.0,0,0,50,30,push,20,2,1,0,0
CUST_00947,370.76267366844087,5,29.199186596974354,,1804.3280819396523,20.22693795891894,2.0,1.0,0,0,20,14,email,8,4,0,0,0
CUST_00948,243.76820791485304,4,30.520537128328773,8.916203798941986,991.9915520495252,11.205800593468451,6.0,3.0,0,0,20,14,push,21,3,1,0,0
CUST_00949,551.4364636646826,8,30.64956482731866,16.994039159368928,4507.010037663477,19.54146987738071,5.0,2.0,0,0,20,14,email,12,3,6,1,0
CUST_00950,83.33011515992067,8,11.36176830270398,,252.47398962257577,33.38047815440703,5.0,4.0,0,0,20,14,in_app,9,4,4,1,0
CUST_00951,122.41465953151707,2,31.919752762432815,9.397959041642252,260.4963777828943,6.84412457990768,2.0,2.0,0,0,20,14,email,10,3,2,0,0
CUST_00952,168.45897613470234,17,23.421339857971287,2.4269427753981,2235.8031282334846,36.13167063574477,,,1,0,10,30,push,12,3,4,1,0
CUST_00953,435.96834354481257,9,12.284052390764717,28.253798060233887,1606.6373918458164,61.78021763847988,3.0,1.0,0,0,30,14,email,8,6,3,1,0
CUST_00954,343.69591891438694,1,141.2779952462543,,1618.5556799514588,39.15230734346929,4.0,1.0,0,0,50,14,sms,18,2,1,0,0
CUST_00955,472.98870758436885,8,39.91619629021495,2.2893829736606945,75519.64037997098,10.718790983087402,5.0,4.0,0,1,10,30,in_app,23,6,1,0,1
CUST_00956,638.8136531501837,6,33.37683027666321,16.509579247079692,4264.314975921777,5.872966989446712,2.0,1.0,0,0,30,30,sms,19,0,4,1,0
CUST_00957,485.00442830430427,2,26.504729947304835,15.181423705474549,856.9940930301703,66.27643951134473,0.0,2.0,0,0,50,7,email,4,1,4,0,0
CUST_00958,993.4788688200232,1,51.32271671877666,21.41142112796096,1699.601151684691,9.978148655770232,0.0,0.0,0,0,30,30,in_app,8,6,5,1,1
CUST_00959,637.806795692897,10,16.48778567202834,,3505.3405825158848,12.947398794174944,2.0,1.0,0,0,20,30,push,11,3,1,1,0
CUST_00960,272.88643423120277,6,27.450309003061513,3.6718108894834307,1498.1633884780279,39.36583116275176,4.0,1.0,1,1,10,14,in_app,21,3,4,0,0
CUST_00961,192.00332907905909,2,18.703253083127848,5.162995993583182,239.40579043791482,31.10850771610425,139.0,3.0,0,0,10,14,push,11,3,2,0,0
CUST_00962,279.44991097793326,4,51.0567476014759,2.7090254310827078,1902.3738096073662,17.464720959909727,3.0,3.0,1,0,20,7,email,8,3,2,0,0
CUST_00963,496.904983949451,2,20.165138819626264,38.101977940796516,668.0105321003226,3.9917852433038283,96.0,3.0,0,0,30,30,email,18,2,3,1,0
CUST_00964,209.75452586420062,11,64.12258788661829,11.066629422565564,4931.667773759156,30.659305389852094,3.0,2.0,0,0,20,14,in_app,17,1,4,0,0
CUST_00965,506.51698971349737,9,31.200520190151895,56.04658145242306,4741.07806926328,18.99460620862527,4.0,3.0,0,1,20,30,email,5,2,7,1,0
CUST_00966,466.92244848519704,1,52.704142517132006,8.949071443167277,820.2915756470684,26.504412960991974,1.0,2.0,0,0,10,30,sms,5,2,3,0,0
CUST_00967,130.8994413448663,2,42.094425905270626,12.068663585258665,367.3424556488528,47.76677760502229,,1.0,0,1,30,7,email,11,2,3,2,0
CUST_00968,629.7346886448252,5,62.52377599967339,23.359366678047746,6562.231768675519,45.57361517594305,1.0,2.0,0,0,30,14,push,20,5,0,0,0
CUST_00969,393.6997169742454,11,18.894937752063726,,2727.6082699189406,51.51708127032562,4.0,3.0,0,0,30,14,sms,7,3,2,1,0
CUST_00970,961.9642889408004,2,57.01839362573472,,3656.643898715104,46.65606641924469,2.0,2.0,1,0,30,14,email,14,3,2,0,0
CUST_00971,295.50988083537067,15,10.83137275754119,5.101120955976632,1600.3888364322388,33.11220179806876,7.0,1.0,0,0,10,14,push,10,1,1,0,0
CUST_00972,234.9185558069253,8,33.98353209957182,1.5438994917865831,2128.8966085465863,12.2091288858156,,2.0,0,0,20,30,email,1,2,3,0,0
CUST_00973,115.72006491125562,5,23.865808802381455,24.55710932093816,460.2921572951996,18.6229340434675,4.0,2.0,0,0,30,14,push,11,6,4,0,0
CUST_00974,113.9900029625071,1,14.257387160238688,23.688106668672503,54.173320154440624,22.874853753232426,3.0,2.0,0,0,50,30,sms,14,1,1,0,0
CUST_00975,579.448367253497,2,19.37312361755435,1.271262234186789,748.3816565861353,43.48792735927274,7.0,2.0,1,0,30,30,in_app,20,1,5,1,0
CUST_00976,898.9312871527427,6,22.54710247247034,4.464624382050583,4053.6591694285094,36.24414626804004,4.0,2.0,0,0,30,14,push,8,1,3,0,0
CUST_00977,276.37688895027486,1,29.431601874121753,8.96392845239016,271.1404854264283,52.67408141731609,,0.0,0,0,10,14,push,13,3,1,0,0
CUST_00978,262.45457637326354,11,24.16946860845355,11.706053330645366,2325.908803092808,13.083719758770851,3.0,3.0,0,0,30,14,email,22,2,3,0,0
CUST_00979,316.5748652066613,8,34.74430188814989,11.089255930775723,2933.112716517493,46.73378235538764,2.0,3.0,0,0,10,7,push,14,3,1,0,0
CUST_00980,659.0934410967328,6,20.123836553893685,,2652.697736474802,36.68941041676107,1.0,4.0,0,0,30,7,sms,21,2,1,0,0
CUST_00981,131.98331819826913,6,24.8755496528919,21.666827733937076,656.6315170388949,39.896670528217754,4.0,4.0,0,0,10,7,email,13,6,1,0,0
CUST_00982,358.8710736219608,16,27.84240897439528,1.8018310359452732,5328.978773793574,70.29771309559071,,,0,0,10,14,sms,14,2,2,0,0
CUST_00983,588.4652681116136,6,36.93862432931077,5.211531640020283,4347.419493924407,31.685377393798795,7.0,1.0,0,0,20,14,email,16,2,1,0,0
CUST_00984,432.1592287390007,14,55.108742470687176,6.356587887856408,11114.017433357245,42.81801034433056,4.0,2.0,1,1,10,14,email,17,6,2,0,0
CUST_00985,8.265415699721409,6,55.268205876159705,5.678289314214209,91.3629393088491,6.323777210873996,2.0,2.0,1,0,30,14,in_app,11,0,2,0,0
CUST_00986,486.70343361795125,3,38.186818670411554,23.1228803174091,1858.565576583539,21.947818425472388,2.0,1.0,0,0,10,30,in_app,15,0,3,2,0
CUST_00987,435.16229920654644,12,42.86912243236563,6.707466968523846,7462.010353054065,20.241526077597765,1.0,1.0,0,1,30,30,push,16,1,5,1,0
CUST_00988,745.8107410005777,7,39.929689682501795,10.171712739083507,6948.664671673616,15.637744473234436,3.0,1.0,1,0,20,14,push,5,3,2,0,0
CUST_00989,852.2684285542209,7,27.41841024402123,11.43598525000212,5452.497262829616,20.437504653414997,5.0,3.0,1,0,10,30,sms,8,6,1,0,0
CUST_00990,721.0387450283473,1,56.84622422651448,4.729369315344608,1366.2776725295344,22.51283804125295,1.0,3.0,0,0,10,14,in_app,21,3,1,0,0
CUST_00991,317.8728242255124,3,19.131024650471954,5.8445215040136596,608.1232835973416,122.63585767215301,2.0,1.0,0,0,20,14,email,7,1,2,1,0
CUST_00992,60.48474141297868,0,9.690177261905857,22.71175022813979,0.0,16.628878074375578,3.0,1.0,0,0,20,14,email,14,1,6,3,0
CUST_00993,260.95588170818854,7,17.72730963871951,30.225378859668233,1079.4106673200945,10.841608835624115,2.0,2.0,0,1,20,14,in_app,2,1,2,0,0
CUST_00994,310.2467913911573,5,76.85130792727162,0.5667757653673798,59607.17924662457,6.296528485741623,,2.0,1,0,30,30,push,19,3,1,0,0
CUST_00995,891.4358428565677,0,27.73624708777443,13.938913241177758,0.0,15.637830047433548,,3.0,0,0,20,14,sms,13,5,6,2,0
CUST_00996,158.42758471621195,1,39.03573090356982,15.0537122426158,206.14455215615203,62.26480822146551,0.0,0.0,0,0,10,14,sms,11,5,0,0,0
CUST_00997,85.92446231308251,2,28.096077899222884,20.051664145970843,160.9426924398138,54.70635276326586,1.0,4.0,0,0,10,14,email,17,6,0,0,0
CUST_00998,210.88862516049477,10,46.386069937589696,17.75504341831903,3260.7648385789494,20.806384902075262,0.0,3.0,0,0,10,30,in_app,18,6,2,1,0
CUST_00999,166.14838103396522,7,34.550692713373806,31.485420603393322,1339.4597201834513,34.48844525645635,0.0,1.0,0,0,30,30,email,7,4,3,0,0
CUST_01000,77.50243490198082,15,31.780242588854936,1.225836839004653,1231.523091205944,33.104027650243346,2.0,1.0,1,0,10,14,sms,23,1,2,0,0
CUST_01001,281.0994382692041,7,47.85937392589988,7.37447121615218,3139.090062846791,18.793334475638122,2.0,2.0,0,0,20,7,push,21,6,2,0,0
CUST_01002,319.5679394889688,7,25.04297218892603,22.855059194458278,1867.3505715887497,13.457218759215634,4.0,0.0,1,0,10,14,email,6,2,3,1,0
CUST_01003,72.77274053922885,2,41.3985836800074,28.118641472951698,200.8458925891155,15.271517142002777,5.0,1.0,0,0,20,7,push,8,1,1,0,0
CUST_01004,233.7302532871586,2,29.81963303783645,4.613546691432439,464.6500255242424,16.92420018636961,1.0,3.0,0,0,10,14,push,9,3,0,0,0
CUST_01005,156.96160296277876,11,31.04830594867512,13.202421548400391,1786.9103526937029,48.51610857214491,3.0,5.0,0,0,30,14,email,18,2,2,1,1
CUST_01006,327.5313643771485,9,20.263910589485032,2.990764798516811,1991.119884897174,41.94393105148643,1.0,3.0,0,0,20,30,email,8,4,2,0,0
CUST_01007,352.31962850423884,4,29.090934905403014,28.54650244331285,1366.574317161678,11.924486388172822,0.0,2.0,0,0,20,7,push,15,4,4,0,0
CUST_01008,156.9898312231631,1,23.932909297433675,19.663916025324315,125.2407797094461,24.828872718538186,4.0,2.0,0,0,50,30,sms,15,3,1,0,0
CUST_01009,625.9421864723067,4,65.23212793180348,3.7666861110251353,5444.2054381165735,36.7177482007237,5.0,2.0,1,0,20,7,sms,13,1,0,0,0
CUST_01010,304.97968078986463,1,12.05593417876646,14.66344500802422,122.56049858212712,7.303239975750881,6.0,1.0,0,0,20,14,email,14,6,2,1,0
CUST_01011,163.65572218075107,3,56.461327505459835,10.679457916476387,924.0219328189933,38.898408669253286,4.0,0.0,0,1,20,14,sms,6,2,2,0,0
CUST_01012,67.81358813766272,3,11.628341971601177,4.492812750046737,78.85595931860591,16.26242020208581,3.0,0.0,0,1,20,30,in_app,5,5,1,0,0
CUST_01013,366.4544550379508,4,45.71056178951468,33.541093645186685,2233.4452013406903,7.396074956703391,125.0,2.0,0,0,30,14,in_app,8,2,2,0,0
CUST_01014,434.42496371537817,0,20.032618288304405,2.3997022831476085,0.0,19.84895220384374,3.0,2.0,0,0,20,14,push,11,2,4,0,0
CUST_01015,201.16554388105632,1,46.51586133927644,9.451453443959053,311.91295151371156,48.26195968175057,4.0,2.0,0,0,10,7,in_app,12,5,5,0,0
CUST_01016,335.420839047026,1,30.789834758330755,13.11278166433799,344.2517402919529,23.53286755397813,4.0,1.0,1,0,20,14,email,5,2,1,0,0
CUST_01017,852.2415663060605,2,14.0214456046643,26.020395832099524,796.643917599622,34.776570171782716,1.0,3.0,0,0,20,14,email,16,3,6,0,0
CUST_01018,560.3908867820521,6,74.82642693889117,2.4409592026526465,8386.409549403532,7.109022102102055,3.0,4.0,0,0,30,30,push,4,2,2,0,0
CUST_01019,26.3301973126211,3,52.772371457708346,,138.95069531363947,11.556408191088293,1.0,2.0,0,0,30,14,email,23,4,4,0,0
CUST_01020,161.99410739857348,8,44.786433692556216,0.09872030353944299,1934.7035598909442,12.651106288950933,2.0,3.0,1,1,20,14,push,18,0,3,0,0
CUST_01021,270.52066308466584,12,22.55097164222192,25.938643250900302,2440.2015207429477,8.332156509738814,0.0,1.0,0,0,30,7,push,21,6,2,0,0
CUST_01022,318.21548043192786,1,53.874149840220625,4.012946499254639,571.4529491422492,2.2033434031205954,5.0,1.0,0,0,10,30,email,11,2,0,0,0
CUST_01023,340.9232411006994,9,15.333638764416358,19.143600134884732,1568.2781476296445,47.90563272993837,5.0,3.0,1,0,20,7,push,22,2,3,0,1
CUST_01024,414.86215327649927,7,8.700776951955767,,12633.680715134169,35.56981543919371,3.0,1.0,0,0,20,7,email,23,1,3,0,0
CUST_01025,277.66841719562785,0,12.969552285355123,0.7714108605294322,0.0,44.76996532078187,5.0,1.0,0,1,50,30,in_app,11,6,2,0,0
CUST_01026,304.4016096273362,1,19.045049103283706,3.035966417704697,193.24478674904054,8.62161048712678,1.0,2.0,1,0,50,14,sms,19,0,3,0,0
CUST_01027,580.4685703328097,1,21.05415377300974,,407.3758180062032,11.265369169714774,4.0,1.0,0,0,20,7,sms,15,2,4,0,0
CUST_01028,371.7902782261505,3,25.510595066940763,32.66940777716501,948.4591237652569,45.637956826787,7.0,0.0,0,0,10,14,push,6,6,2,0,0
CUST_01029,104.9826983135174,5,26.19949299458824,9.832089604991683,458.4155781696616,37.21615047670803,2.0,1.0,1,0,30,7,email,10,2,3,0,0
CUST_01030,325.94071532310426,1,22.423220034256076,36.71472103898891,243.62134592709293,48.88022112999677,2.0,5.0,0,0,10,14,push,16,6,2,0,0
CUST_01031,271.1109283897151,1,9.301829829823376,0.7291886326166956,84.06092402955204,19.011575605355773,4.0,,0,0,20,30,push,5,4,7,1,0
CUST_01032,40.76486682103334,5,37.16152755342318,0.09878266002978998,252.4807869302428,20.842921153800884,2.0,,1,1,20,7,email,8,3,1,1,0
CUST_01033,338.70160735334207,2,28.252872898083673,44.418983228826654,637.9528975287077,11.249999290023432,5.0,2.0,1,1,10,30,push,8,3,0,0,0
CUST_01034,118.95215517562053,13,21.806189451075785,19.3058009384542,1124.0204002617836,42.3514261277744,4.0,3.0,0,0,20,14,push,10,4,1,0,0
CUST_01035,586.377446861341,2,76.61652425476457,,2995.0801253265904,49.56021652961729,2.0,1.0,0,0,20,30,sms,0,2,4,1,0
CUST_01036,410.62328838776773,0,28.637034171527468,37.11940553623035,0.0,8.506092656772807,,1.0,0,0,20,14,email,8,3,4,0,0
CUST_01037,99.3278459003045,0,34.29909741772776,62.541219799114714,0.0,33.318373814724666,5.0,3.0,0,0,30,30,email,6,4,4,1,0
CUST_01038,568.2928390552462,9,53.38394744180022,1.5423255826801574,9101.314515503007,15.44596724223414,2.0,2.0,0,0,20,14,sms,22,1,6,1,0
CUST_01039,753.8596708612815,2,13.545894258586458,2.584820085201071,680.7802258199806,69.38827315786955,5.0,2.0,1,0,10,30,email,19,1,2,3,0
CUST_01040,245.5651041596549,4,32.66924017606173,3.1344210934982906,1069.6567155535174,31.609887204308468,3.0,1.0,1,0,10,14,email,12,0,3,0,0
CUST_01041,269.8592879949448,1,53.27827834737218,25.59069086327258,479.25460868061134,5.834821447175967,2.0,2.0,0,0,20,14,sms,4,1,0,0,0
CUST_01042,530.6119929049152,4,31.3496360694214,6.590368566625439,2217.9323828852666,14.495104769029354,3.0,5.0,0,0,20,14,email,22,0,4,7,0
CUST_01043,716.6387629722617,2,15.149907828184377,13.494138938483701,723.8007470089224,12.670798460909246,2.0,,0,1,20,14,in_app,9,3,4,1,0
CUST_01044,55.77644499161149,1,24.791844121964896,28.988297046877925,46.093364330312724,28.782646413465805,1.0,3.0,1,0,50,30,push,18,5,3,0,0
CUST_01045,111.18947132399249,12,37.091654100471345,17.2403678793692,1649.680563985523,15.270164231041012,2.0,4.0,1,1,10,14,email,6,2,6,0,0
CUST_01046,214.30345772154308,3,9.35464738100151,1.014796800611109,200.47332795144007,43.47295400616469,3.0,4.0,0,0,30,14,sms,14,3,0,0,1
CUST_01047,233.96147597914745,3,14.708174136400196,8.850030887722934,344.1146129910512,44.2730640133082,4.0,1.0,0,0,10,30,email,10,0,4,1,0
CUST_01048,520.0963459654446,3,108.21523251041144,1.0482927421065662,5628.234700646598,40.59144935217882,2.0,4.0,0,1,30,7,email,11,4,5,1,0
CUST_01049,719.1200799096725,0,44.28978823565922,9.775574763013356,0.0,17.126207843691503,0.0,3.0,0,0,10,30,push,6,0,4,1,0
CUST_01050,755.2429084445376,4,80.64705889802066,3.7135170602040017,8121.082575951874,24.303936310009227,2.0,4.0,1,0,10,14,email,20,3,4,1,1
CUST_01051,54.205840613914106,2,55.689444400524096,,201.24620980348269,24.11490537300214,2.0,4.0,0,0,10,14,in_app,16,5,2,0,0
CUST_01052,148.9957275566294,0,41.94629820132219,25.16188068846527,0.0,7.417434518723104,2.0,1.0,0,0,30,30,sms,10,6,6,1,0
CUST_01053,182.31066407561445,6,27.510079275610064,52.292921800417616,1003.0761643018537,73.90048515623097,4.0,4.0,0,0,20,30,push,9,2,3,0,0
CUST_01054,148.4522930169574,10,41.62613955534636,49.91893130773727,2059.831955478346,18.95591697205723,0.0,2.0,0,0,20,7,sms,2,1,1,0,0
CUST_01055,409.72634231441947,7,79.04193342723615,5.332674179434686,7556.631196940307,66.1440970142511,6.0,1.0,1,0,10,30,push,9,1,2,0,0
CUST_01056,445.69243748319974,1,54.34340993667407,26.471530204870653,807.3482278608334,33.680652765562705,5.0,,0,0,20,7,in_app,6,6,1,0,0
CUST_01057,301.4948767422145,1,36.60138872187296,17.034290791380815,367.83770604316555,16.256120842132965,3.0,1.0,1,0,30,7,sms,20,0,2,0,0
CUST_01058,279.93122175797146,11,29.862148993110086,24.14729905339252,3065.0942123852906,42.87497885361906,3.0,3.0,1,0,30,14,in_app,8,5,1,0,0
CUST_01059,221.9701019746514,0,44.656244523017435,28.085244606582528,0.0,16.16633396380436,1.0,4.0,1,0,10,30,email,13,5,0,0,0
CUST_01060,243.79024660270505,2,24.06538342758516,58.89086983832519,391.12705069330923,50.410757713032886,4.0,1.0,0,0,10,14,sms,15,2,4,1,0
CUST_01061,845.9304446769694,8,44.6602858176198,2.468338057467062,10074.532117626579,36.41611234484015,2.0,2.0,0,0,20,14,email,14,3,3,0,0
CUST_01062,492.8505201888105,4,21.785109923748468,22.028585036113252,1431.5737011053134,37.686775389497555,2.0,2.0,0,0,30,30,email,14,1,4,0,0
CUST_01063,228.92139114499227,17,26.779789168470277,19.872548939234665,52108.9660236344,13.716501489735508,1.0,2.0,0,0,10,14,email,18,5,5,0,0
CUST_01064,275.74968016529147,3,17.874528672673335,5.089596328448942,492.8895564595004,16.353358028893417,2.0,3.0,1,0,20,30,sms,10,2,2,0,0
CUST_01065,416.530480071262,1,25.43540684291252,7.4782085840062,353.1540741028738,43.16304072045292,7.0,3.0,1,1,30,14,in_app,5,2,5,0,0
CUST_01066,99.2958000027209,8,21.971878922042958,2.917576998994485,581.790745367247,62.41928665849399,3.0,2.0,0,0,10,30,email,11,1,4,0,0
CUST_01067,334.4580197488689,3,91.39120374046936,36.67488377034806,3056.6521025502807,29.048247980905472,1.0,4.0,0,0,20,14,in_app,0,4,2,1,0
CUST_01068,474.03760656514464,2,19.361809544018517,31.721147621990447,611.8817236677808,19.083272623536814,0.0,0.0,0,0,10,30,in_app,17,5,2,0,0
CUST_01069,432.08522330375285,7,41.71668536220614,14.280129375517223,4205.8714390516225,19.310565210710422,1.0,1.0,0,0,10,30,push,4,4,5,0,1
CUST_01070,151.6471186173639,0,18.762695345439834,10.75022945186296,0.0,25.988855195387394,3.0,4.0,0,0,20,14,email,8,3,1,0,0
CUST_01071,177.619384966515,0,34.060475030337166,3.976844018997037,0.0,19.969076578612523,4.0,2.0,0,0,20,7,in_app,9,2,6,0,0
CUST_01072,35.06764295640745,1,39.40722760266935,23.381425564461868,46.0639529157431,22.342160607022272,4.0,1.0,1,0,50,7,in_app,20,2,6,1,0
CUST_01073,509.52121640949355,4,10.906269372168287,0.12358136810736024,740.9300849329052,2.655949351257395,2.0,0.0,0,0,20,14,email,18,6,1,0,0
CUST_01074,1086.1570976182393,2,14.31601881270947,9.320400614201743,1036.629696204042,36.51083550833219,0.0,0.0,0,0,10,7,in_app,20,2,1,0,0
CUST_01075,133.057345442835,2,18.675193366401874,29.550864092273372,165.65811033100496,26.147069855000787,3.0,2.0,0,0,20,14,email,23,0,1,0,0
CUST_01076,635.4578856761107,19,15.150868780684103,14.45408980713954,6097.568059635485,43.68840532282543,4.0,1.0,1,0,50,30,push,13,5,1,0,0
CUST_01077,1023.9703999752296,9,34.82902605499219,15.122918014456532,10699.167522083413,4.203519234899698,0.0,2.0,0,0,10,30,push,5,6,4,1,0
CUST_01078,204.34219941991793,1,38.303762358023455,1.0999748250329757,260.9025015432125,13.403289636678986,1.0,4.0,0,0,10,30,email,11,3,4,0,0
CUST_01079,276.0471891253786,2,17.499229069356662,5.067897301414639,322.0408664304681,59.10674730181994,2.0,1.0,1,0,30,7,email,20,3,5,1,0
CUST_01080,362.9111604420974,8,35.67745804924721,16.80652957050141,3452.7327206070804,26.638537401632195,2.0,3.0,0,0,10,30,sms,8,6,0,0,0
CUST_01081,422.3345700937945,4,25.675900590105872,0.7633580207983025,1445.8427249991157,38.20518195771652,,1.0,1,0,20,7,sms,13,2,3,1,1
CUST_01082,377.42914061867657,2,31.196764261148974,6.02812784716627,784.97119501126,17.212869344774678,4.0,3.0,0,0,30,30,push,5,2,2,0,0
CUST_01083,217.88219027058005,1,22.713194843106315,6.553049459379333,164.96002134861493,27.46522099522018,2.0,2.0,0,0,20,7,push,5,0,3,0,0
CUST_01084,468.8614565409187,2,44.371352155819395,10.358808571184845,1386.934453364501,35.63840519321417,3.0,1.0,0,0,20,30,sms,14,0,1,0,0
CUST_01085,222.04628204546918,7,88.31920261829863,6.750080078385372,4575.888467409858,9.58577034617548,6.0,4.0,1,0,30,14,in_app,22,5,2,0,0
CUST_01086,396.4394157892486,10,52.699213396386355,9.080273947373556,6964.0151238054505,20.676477488635157,1.0,2.0,0,0,20,30,in_app,7,4,3,1,0
CUST_01087,293.25118593247583,2,76.40395861842681,11.877859436704249,1493.7034316526315,13.132080698891885,2.0,3.0,1,0,10,7,push,16,5,2,1,0
CUST_01088,47.820242450651364,8,14.272079271169357,2.0604725324987445,181.99847760592914,11.101462760876588,1.0,,0,0,10,7,sms,18,6,2,0,0
CUST_01089,699.1680384771244,4,22.07784326971643,2.9854632127567275,2058.1496496924024,17.96694017528545,1.0,3.0,0,1,50,14,email,7,6,3,1,1
CUST_01090,181.77816994688754,0,46.48554944530152,26.802563517234386,0.0,8.5921985086516,5.0,0.0,0,1,30,14,email,7,1,5,2,0
CUST_01091,746.1432289105389,5,81.85721957947541,9.236347433503756,10179.535021111462,25.452096546302126,108.0,1.0,0,0,20,30,in_app,19,2,3,0,0
CUST_01092,618.4027821971214,4,48.923813233907595,6.581111450859335,4033.9496292721074,13.395764919058633,0.0,,1,1,10,14,push,3,5,3,0,0
CUST_01093,354.92362309981417,4,17.890423125956627,8.534278256784864,846.6311726204306,81.67107045961242,2.0,3.0,0,0,10,14,push,8,0,2,0,0
CUST_01094,438.1228329282314,0,25.513445790721807,2.882279712665548,0.0,56.20659681205179,2.0,4.0,0,0,30,14,email,12,1,4,0,0
CUST_01095,476.2998140008598,0,40.449029957868724,4.113538279604513,0.0,66.66080927245429,1.0,3.0,0,0,20,14,push,7,3,5,0,0
CUST_01096,256.43955784936037,2,30.00020716149715,10.870296604507727,512.8826573255697,14.844630410612083,4.0,1.0,0,1,20,30,email,4,0,1,0,0
CUST_01097,266.2024058521291,9,20.50638959967784,6.669167374186201,1637.655074032596,35.76293485051724,2.0,0.0,0,1,20,30,sms,21,2,2,0,0
CUST_01098,460.14856191938554,6,27.822563661511296,9.678392424251935,2560.5025315509956,28.623219280422134,2.0,1.0,0,1,30,14,in_app,10,4,3,0,0
CUST_01099,295.67344510971424,3,32.829857427195144,2.432573191545124,970.6917047959527,52.74075132727768,,2.0,0,0,50,7,sms,5,4,1,0,0
CUST_01100,218.47042115236482,0,17.27131817536646,2.552367517730146,0.0,8.55471922745113,3.0,2.0,0,0,20,14,email,23,5,1,0,0
CUST_01101,153.8557961569526,2,59.78204969204674,7.266237286952293,613.187656750957,53.94196606698055,4.0,0.0,0,0,20,14,push,21,6,0,0,0
CUST_01102,404.8801827664177,4,25.4376689885324,7.142924526070585,1373.2277425638179,38.84411560339384,3.0,2.0,0,1,10,14,email,7,1,1,0,0
CUST_01103,176.65938916681083,4,31.704361691611293,32.22638893694282,746.7830893818251,24.89389432313963,1.0,6.0,0,0,50,14,email,1,5,1,0,0
CUST_01104,548.3375629216787,5,61.62278091578853,0.5103551570754786,5631.680917970003,27.617042005512992,3.0,2.0,1,0,10,14,sms,8,2,2,1,0
CUST_01105,580.4643888585789,0,30.72266943996455,74.12106423484535,0.0,12.705484983114642,4.0,1.0,1,0,20,30,push,4,4,2,0,0
CUST_01106,435.7231908690426,8,59.63336882820051,47.03286867899453,6928.971132825073,42.96209247245084,77.0,3.0,1,0,30,14,sms,10,2,2,1,0
CUST_01107,502.0115274842983,8,17.85849818005518,11.721512583536743,35860.68779978025,38.26096386753955,6.0,4.0,1,0,20,30,push,13,2,4,1,1
CUST_01108,436.6456007589954,3,42.93870135598163,19.028083858599896,1874.8995049393686,107.70006313639507,5.0,1.0,1,0,10,14,push,2,3,3,1,0
CUST_01109,527.0857092515965,7,54.79469668383029,41.05940266814393,6739.017031791986,41.54549822815654,6.0,2.0,1,0,20,14,email,23,4,2,0,0
CUST_01110,511.63495319658455,2,20.127342235649113,4.3391282295246265,686.523453513865,24.223875039146638,1.0,2.0,1,0,10,14,email,11,2,2,1,0
CUST_01111,389.30429913544117,12,29.754436430263993,5.6888619066362995,4633.4120082615855,27.47433516534646,4.0,3.0,0,0,20,30,push,15,1,3,0,0
CUST_01112,623.7224949686404,16,30.126182652715126,1.7635998970465856,10021.53483095064,32.2206068158682,1.0,2.0,0,0,10,14,email,7,5,3,0,0
CUST_01113,263.6797204881676,1,37.55413643840645,12.44640233981155,330.0754733084508,27.852447216269006,1.0,2.0,0,0,10,30,in_app,13,0,1,0,0
CUST_01114,158.0586298341696,2,44.0304293226049,,463.9592886494117,31.728216555363165,6.0,4.0,1,0,20,30,sms,11,1,2,1,0
CUST_01115,150.96449920286562,3,19.168652851989687,40.0766310834077,289.3786078194205,34.846873493704926,3.0,2.0,0,0,10,14,email,20,3,6,2,0
CUST_01116,233.97580053881583,0,31.94344786098259,8.473073366460731,0.0,63.080383595972286,8.0,,1,0,20,14,email,6,5,2,0,0
CUST_01117,40.04648915034205,6,86.03815874178035,37.82730553625422,689.1052381136227,33.130525045253684,5.0,1.0,0,0,30,7,push,0,5,5,1,0
CUST_01118,352.3447402450404,7,62.322721786494526,3.443082519851815,5123.786084486144,43.05715445226331,3.0,2.0,0,0,10,14,email,5,5,3,1,0
CUST_01119,480.7506791053275,7,53.31972336780214,17.764340727031684,5981.148417715118,2.341379918639017,8.0,4.0,1,0,10,7,email,6,4,1,0,0
CUST_01120,574.8698191626584,5,29.498288397512546,15.644488577831424,2826.2792861143303,17.720636910032606,5.0,4.0,0,0,50,14,push,10,4,3,1,0
CUST_01121,60.03887688491591,4,118.78302325655814,7.654278558287281,950.8799079091461,24.165279991902317,2.0,1.0,1,0,20,30,email,9,0,1,0,0
CUST_01122,155.37239182557167,3,61.42939786166327,34.29228191808774,954.443247417128,42.36575409889489,1.0,0.0,0,0,20,30,email,7,4,5,1,0
CUST_01123,536.9813399614939,3,33.86734652248678,8.55868885267141,1818.6133116585193,19.93147549922672,3.0,2.0,0,0,20,7,push,8,1,1,0,0
CUST_01124,257.17538696757475,3,37.797631024588114,3.3177545442554166,972.0620385206058,15.458657841902342,3.0,0.0,1,0,20,14,push,6,5,1,0,1
CUST_01125,473.2080099039796,4,25.145782965448156,56.57438493941462,1586.5581219409485,40.18766976411282,2.0,2.0,1,0,30,14,in_app,3,3,2,0,0
CUST_01126,94.33994542453382,0,41.930899555420524,,0.0,25.864081758713176,1.0,1.0,1,0,10,30,email,18,6,4,1,0
CUST_01127,740.2806331536133,6,47.268542945080185,3.499290524185211,6998.397379926544,28.71540315810106,2.0,,1,1,10,30,email,1,4,3,0,0
CUST_01128,87.0605139789921,4,50.479375692223336,6.779689567747795,585.9680524138139,13.463193758957988,3.0,1.0,1,0,20,14,push,14,0,1,0,0
CUST_01129,344.7829029805305,12,29.713148690363823,,4097.834264862315,32.842975518834976,3.0,1.0,0,0,20,14,push,20,0,3,0,1
CUST_01130,351.40546093885223,2,13.677886401227937,10.762444502311572,320.4322650328508,10.74052243663835,3.0,2.0,0,0,20,14,email,9,2,3,0,0
CUST_01131,199.64279963469875,4,38.2855678910842,15.122678809500899,1019.1250612507172,69.6407155391258,6.0,2.0,0,0,20,7,push,14,0,3,0,0
CUST_01132,424.8687385832409,3,50.606301471950566,16.264308295783113,2150.1035470750844,4.854483726616174,4.0,6.0,0,1,50,14,sms,14,5,2,0,0
CUST_01133,433.4575711006581,3,18.40952135619855,1.9752427913484416,797.9746412183515,135.799884751386,2.0,,1,0,30,7,email,4,3,3,0,0
CUST_01134,400.74069795448116,2,31.358973218926714,,837.7877876592382,40.2626801986784,3.0,3.0,1,0,10,30,email,6,5,4,1,0
CUST_01135,196.5893402876579,2,74.06029029049735,,970.630907314754,49.245523318000835,5.0,0.0,1,0,20,30,email,6,1,4,0,0
CUST_01136,165.78942298585986,2,16.085447241069048,15.763079380160757,177.78646777108858,30.27585775387129,2.0,0.0,1,0,30,7,email,4,2,3,1,0
CUST_01137,214.58804173464463,3,27.93162027103917,1.3874596521425813,599.3791696437999,17.490153758719856,3.0,3.0,0,0,20,7,email,15,4,2,0,0
CUST_01138,146.59681614090405,3,80.82477087369578,5.67827875822238,1184.8654075401878,59.903868954712166,3.0,4.0,1,0,50,14,push,11,5,2,0,0
CUST_01139,643.1816362075376,7,36.40220000333168,,5463.08619726261,16.57448413764161,4.0,3.0,0,0,30,14,push,9,4,5,1,0
CUST_01140,230.07300140822488,8,24.152620971633404,29.708899609961815,1481.8309330183824,4.844844492721538,2.0,3.0,0,1,10,14,email,20,1,1,1,0
CUST_01141,337.5274060122272,1,32.976033635064034,16.659188438031173,371.0105031138373,23.766419234796537,2.0,3.0,0,0,20,7,email,22,6,2,0,0
CUST_01142,535.4834295284551,6,54.35574323964307,1.134822311892532,5821.319960906441,13.253993948748496,2.0,,1,0,30,7,push,11,2,3,0,0
CUST_01143,140.24508048945364,0,29.309059872410923,14.011291512908379,0.0,34.1777129408178,7.0,2.0,1,0,20,14,in_app,20,3,4,1,0
CUST_01144,83.3408746668778,1,47.39654183459338,0.18394524311364915,131.66897508934255,23.367040644950276,4.0,2.0,0,0,20,14,email,21,3,0,0,0
CUST_01145,147.0531552315181,3,38.129722465550756,16.231921766163296,560.7095996661338,10.670072149414102,3.0,1.0,1,0,30,14,email,8,3,4,1,1
CUST_01146,365.2435173131893,10,40.05474110703064,19.70745954465473,4876.5781756670185,32.03697491885546,5.0,4.0,0,0,10,30,sms,1,1,0,0,0
CUST_01147,347.2723189761546,8,49.25076530104498,10.314743391290078,4560.913993985126,20.384804863198514,5.0,2.0,1,0,10,14,email,17,1,3,0,0
CUST_01148,400.1910182465416,5,27.746318097435548,0.05720862166875798,1850.637882000863,18.101274687029463,4.0,1.0,0,0,10,14,email,8,5,4,0,0
CUST_01149,276.64703666982354,3,18.78941253703867,16.476639874017387,519.8035299138579,21.803300637234432,1.0,1.0,1,1,30,30,in_app,1,5,2,1,0
CUST_01150,15.232907470953714,3,44.0197045022129,25.700332505770845,67.05480855809337,17.966241032862136,4.0,2.0,0,0,10,14,email,10,3,3,0,0
CUST_01151,269.86569318548635,3,30.58646321037081,13.223538461051463,825.4237096359094,4.072641454087423,3.0,0.0,0,1,20,14,email,11,4,3,1,0
CUST_01152,584.9038940162203,3,25.308321746884037,18.526664289858644,1480.2935940767863,37.429943635541264,2.0,2.0,0,1,20,14,email,9,1,3,0,0
CUST_01153,688.6858551983046,13,45.414488022816904,1.4199582592931357,13553.070059700955,4.311580030423922,7.0,4.0,0,0,30,30,in_app,7,5,1,0,0
CUST_01154,321.07737109276223,2,71.26520847959324,18.845940614772577,1525.4430526003619,114.30167435820954,8.0,6.0,0,0,20,14,push,20,4,5,0,0
CUST_01155,348.2277068793551,12,30.182218820062957,14.286269042580237,4204.113939296575,28.036427558849024,2.0,2.0,0,0,10,30,sms,11,2,3,0,0
CUST_01156,467.0484396764117,1,33.28376441989969,6.0300105545940585,518.1710079623806,8.579590864056089,1.0,5.0,1,0,30,7,email,18,3,7,1,0
CUST_01157,675.728016793419,0,16.296325753772024,17.3436525784483,0.0,7.667518658870098,7.0,1.0,0,0,10,14,push,8,6,1,0,0
CUST_01158,300.12270327673826,0,28.9735468163836,15.559211418277123,0.0,32.23417067122504,4.0,3.0,1,0,20,14,push,8,3,1,1,0
CUST_01159,462.5169597747149,10,37.817587345527706,13.724133622401308,5830.425175022735,40.729167419951416,3.0,0.0,1,0,30,14,push,19,6,1,0,0
CUST_01160,189.39057128044126,5,32.71172383746646,3.030740408231801,1032.5486775243,24.094516496603102,4.0,0.0,1,0,20,14,push,21,1,4,0,1
CUST_01161,96.34696024209663,5,26.64779745987859,5.2693788355887765,427.9057137343943,49.58034941618057,3.0,3.0,1,0,10,14,push,17,5,5,2,0
CUST_01162,206.51980297227274,4,51.187993473775634,,1409.5112435666836,19.71585579748686,5.0,2.0,0,0,50,7,email,8,1,2,1,0
CUST_01163,779.9262113062756,3,34.28831436808046,8.513828109596979,2674.2355117175525,42.65797121954547,2.0,1.0,1,0,20,14,push,22,1,3,1,1
CUST_01164,469.06028931995553,6,156.53535124621882,0.9189826262625996,14684.903428870452,15.41857255520996,1.0,5.0,0,0,20,7,push,17,5,2,0,0
CUST_01165,105.54835910475221,2,37.51090005649148,34.39031018757753,263.9475966336688,13.883056905489898,2.0,3.0,0,0,50,30,email,14,3,2,1,0
CUST_01166,484.33474957967024,13,6.373178268390695,2.8480270220117037,1337.5924036139616,52.40471495608035,3.0,1.0,0,0,50,14,push,11,2,4,0,1
CUST_01167,113.49646962434561,8,16.992652330293257,7.750638963840205,514.2949464112518,21.29228094365299,5.0,5.0,0,0,20,14,email,14,4,1,0,0
CUST_01168,396.2461188615289,7,45.57100083236467,4.885929527831653,4213.377516240666,19.77878350546673,,,0,0,20,14,email,2,4,4,0,0
CUST_01169,135.4136391557538,6,22.511226043164474,49.811740153477174,609.6654080725364,70.56901056718145,1.0,0.0,0,1,10,14,email,15,5,2,1,0
CUST_01170,99.79846381901949,9,23.36552953049742,7.124605286948879,699.5531860384734,31.283059956368557,0.0,1.0,0,0,10,30,email,8,1,1,0,0
CUST_01171,866.5147380690313,4,15.744043348305599,18.50189777851191,27284.891196209002,32.37475496603936,4.0,3.0,0,0,10,14,push,10,3,2,1,0
CUST_01172,229.9321162426994,5,24.877418827402924,,953.3529262734546,2.029006378989603,4.0,2.0,1,0,20,7,sms,13,6,3,0,0
CUST_01173,463.1314875506841,2,37.20178163419436,0.6588891581402792,1148.6210978520103,17.650713986845574,3.0,2.0,0,0,10,14,push,8,3,4,3,0
CUST_01174,309.60957363162476,1,41.74173337229013,7.27528931539428,430.7880090679903,19.166947137632324,1.0,5.0,0,0,20,30,email,6,5,4,2,0
CUST_01175,122.1775223337992,3,17.95848327428951,7.414984901035133,219.41229913256663,15.312407564932112,1.0,3.0,0,0,20,14,push,6,2,3,0,0
CUST_01176,249.9519656879293,1,53.6909075595606,68.82960156229625,447.3382628027025,19.726392313439757,5.0,1.0,0,0,20,14,email,23,3,2,1,1
CUST_01177,123.1809942349985,3,16.202710549571474,25.06401207540917,199.58659947981127,12.826166415756521,4.0,2.0,0,0,30,7,email,5,0,3,1,0
CUST_01178,1282.4024266230117,1,43.067715900346016,29.137438755525714,1841.0047793238064,52.179980603564445,5.0,1.0,0,0,50,14,email,17,3,2,0,0
CUST_01179,521.7560231607009,1,40.537524044767785,5.642698377935732,705.0232444793111,45.6403272645649,3.0,0.0,0,0,20,7,email,22,0,1,0,0
CUST_01180,305.250943257359,12,18.904218325346946,,2308.2121901420824,114.07787738932271,4.0,2.0,0,0,30,7,email,21,0,1,1,0
CUST_01181,445.94507953895453,3,17.60196747853974,10.872840778832105,784.9510787259495,47.38430638238823,5.0,2.0,0,0,20,14,email,12,4,2,0,0
CUST_01182,498.8364099215972,7,41.653036218653085,14.95499468830063,4848.211911584339,23.551907534661954,3.0,1.0,0,0,50,14,sms,9,1,0,0,0
CUST_01183,499.75163610390956,7,23.666735311108805,19.545491934736347,2759.747595025119,14.23097023158274,4.0,0.0,0,0,30,14,push,11,6,7,0,0
CUST_01184,485.0964727692901,10,29.538674147853072,,4776.368879801647,26.973633581320072,0.0,1.0,0,0,20,14,in_app,1,0,7,1,0
CUST_01185,459.61020103848966,1,50.01892784776673,30.97742609726916,766.3069827947259,44.08534168045545,1.0,2.0,0,0,20,30,push,15,3,4,0,0
CUST_01186,324.2972033335452,14,44.14511594191987,0.37401300562863593,6680.864232373201,45.52304496333498,1.0,1.0,0,0,20,14,in_app,14,5,7,0,0
CUST_01187,823.1211222818797,2,19.114233958689272,23.85158115885051,1048.8886471756487,52.929483364706684,8.0,3.0,0,0,30,30,email,10,2,1,0,0
CUST_01188,339.9388242516675,2,32.06780238608685,14.156354606476867,726.7394026307455,44.17767543230958,2.0,1.0,0,0,20,30,push,23,5,2,0,0
CUST_01189,311.98128729269393,1,18.90016928425356,11.392022282743389,196.549971445042,21.759301974289464,3.0,1.0,0,0,10,30,push,5,6,1,0,0
CUST_01190,342.1106990591574,8,55.81057513469423,14.851737072301026,5091.571966459699,39.15527833956581,4.0,1.0,0,0,20,14,push,13,6,2,0,0
CUST_01191,360.33536296282665,0,83.25516080318654,32.0482117570875,0.0,30.09086204850661,3.0,2.0,1,0,10,7,email,12,3,3,1,0
CUST_01192,60.56962154145566,4,19.944288485319454,11.821460889556024,161.0690673959215,17.839330267881678,6.0,4.0,0,0,10,14,push,4,5,3,0,0
CUST_01193,145.72244438491032,14,32.50193862706324,2.654423315777975,2210.255573859196,59.63485881643281,1.0,0.0,0,0,50,30,push,11,5,0,0,0
CUST_01194,276.6397699487301,2,57.42481958376814,8.611198553627787,1059.06592526673,10.341169624924742,3.0,0.0,0,0,20,30,email,2,4,2,1,0
CUST_01195,57.250450216216905,17,33.60001807773968,38.74630180446888,1090.049158593387,10.616571089994126,3.0,0.0,1,1,30,14,sms,10,4,7,1,1
CUST_01196,304.87980305573853,5,46.381615935218264,25.269192553887642,2356.8029886227077,42.4813622022656,3.0,0.0,1,1,20,14,sms,0,6,3,0,0
CUST_01197,356.8668267007929,4,34.15687211154107,3.404367272381095,1625.2606080627297,26.681793127693176,3.0,1.0,1,0,20,30,push,5,2,3,0,0
CUST_01198,92.1111350096854,5,17.56516668473565,18.78399329401378,269.6579066608856,37.604109732230256,3.0,2.0,1,0,50,30,push,11,4,2,0,1
CUST_01199,178.35545576525712,7,35.564751121312874,4.440285356611319,1480.072392264596,28.10651916598223,3.0,2.0,0,0,20,14,email,17,6,5,0,0
CUST_01200,707.2551762079701,1,65.12901725964075,6.428020071426613,1535.4278192739714,47.43827064939259,3.0,1.0,1,0,10,7,email,11,0,3,0,0
CUST_01201,449.15255644427623,6,39.98783336153839,9.492564696757968,3592.1275162005372,12.548695992738923,5.0,3.0,0,0,30,30,push,12,1,4,1,0
CUST_01202,431.30840127029643,0,87.72479374159424,8.720589137350345,0.0,9.499922852445433,3.0,1.0,0,0,50,7,sms,9,0,3,0,0
CUST_01203,650.5967454559709,4,11.439790634305874,0.445755543606479,14885.381110754195,14.197428393290561,2.0,3.0,0,0,20,14,email,14,5,2,0,0
CUST_01204,148.27006126675244,2,41.572066767094654,22.30891648558884,410.9261924361765,23.37617761173124,1.0,1.0,0,1,10,14,email,19,2,1,1,0
CUST_01205,92.38499887942179,4,22.447858253224698,28.09968417939568,276.5127146092777,7.040422082393133,3.0,3.0,1,0,10,7,push,21,1,4,1,0
CUST_01206,592.8958148601611,1,19.582206128905902,11.355472405811955,387.0069353185769,24.762046119756683,2.0,2.0,0,0,10,30,sms,23,6,1,0,0
CUST_01207,282.69442801518034,5,73.7478000646415,2.84837153413681,3474.682026108618,19.388535203605574,2.0,3.0,0,0,10,14,email,17,1,2,0,0
CUST_01208,144.77022374990938,0,28.4172687054425,4.274048182644447,0.0,16.942865367686643,2.0,1.0,0,1,20,14,email,4,3,2,0,0
CUST_01209,60.03083411498523,2,26.817987646091854,,1609.9061676802635,40.85305315742357,3.0,1.0,0,1,20,14,push,5,6,6,0,0
CUST_01210,345.0101350310192,1,40.69663989065674,2.7860232114231485,468.02510746614155,20.851772838157856,0.0,3.0,0,0,30,7,in_app,11,2,0,0,0
CUST_01211,257.97036746920213,3,9.10195229269988,31.360254723827936,234.80339776349348,9.581961211038593,5.0,1.0,0,0,20,30,sms,15,4,2,2,0
CUST_01212,224.36738574064796,7,74.65814027569392,9.813593637934508,3908.532076847073,20.69628428377689,1.0,2.0,0,0,50,14,sms,4,2,3,0,0
CUST_01213,23.66946889495958,3,103.81995411877502,1.7650978953207603,245.73631746904758,20.698190512360824,4.0,4.0,0,1,10,7,email,9,5,1,1,0
CUST_01214,816.0429134109015,1,57.34399137895379,4.4104378324629625,1559.8385930497025,21.66621349130712,6.0,0.0,1,0,10,30,email,13,2,1,0,0
CUST_01215,75.85158437378247,12,42.40192848510433,44.787149808815826,1286.5013824395926,20.007274622637187,1.0,1.0,1,0,30,30,email,6,5,0,0,1
CUST_01216,242.20389753432585,3,29.080118967971583,10.677786271390636,704.3318154804595,18.72125460339598,1.0,3.0,0,0,30,14,sms,16,3,1,0,0
CUST_01217,210.8992450085988,7,17.372223997021695,10.873726071939933,854.884082521499,55.46108409292974,1.0,1.0,0,0,20,30,email,8,2,1,0,0
CUST_01218,458.60390767995074,2,67.79159972707708,-15.0,2072.6328361808423,43.40936781572548,5.0,2.0,0,0,20,14,push,7,6,1,0,0
CUST_01219,60.79219341189911,5,57.38626413825815,1.7752817057204864,581.4394781132199,10.900656117719615,3.0,2.0,0,0,10,7,sms,3,0,4,0,0
CUST_01220,420.7252335616592,2,43.38309082889856,52.756023397771614,1216.8240681076682,16.03718490747293,3.0,3.0,0,0,10,30,email,16,6,2,1,0
CUST_01221,346.278291120787,0,40.454477664966376,1.3240402024099227,0.0,13.38876367095814,1.0,2.0,1,0,30,14,in_app,6,0,2,0,0
CUST_01222,170.96442774124245,7,39.66048882153642,18.06151324228271,1582.1243142394471,73.39083092470815,1.0,3.0,1,0,50,30,in_app,4,2,3,1,1
CUST_01223,410.2489419373142,5,24.153709435727052,0.8925056124308325,1651.505623311391,12.345286851613412,5.0,1.0,0,1,50,14,in_app,8,3,3,1,1
CUST_01224,304.47157587831003,5,148.51727727466215,8.793795424163106,7536.548242828718,54.8989898376785,4.0,1.0,1,1,20,7,push,17,2,2,1,1
CUST_01225,944.9680314365122,1,27.899977313383367,34.49059481092492,878.8195546317077,38.58094800418569,5.0,1.0,0,1,20,14,email,8,5,0,0,0
CUST_01226,257.78869551117026,6,25.635483959460124,21.944038146196498,1321.707593741351,17.307191091786443,5.0,3.0,0,0,20,14,sms,1,6,1,0,0
CUST_01227,128.112436484862,2,64.86860660750297,6.112217571729537,554.0316829243483,18.503848668750578,7.0,2.0,0,0,30,30,sms,14,2,4,0,0
CUST_01228,423.7117768806974,3,32.540209387585094,12.022608386229416,1378.766993968363,9.882928995549586,6.0,2.0,0,0,20,14,email,13,0,1,0,0
CUST_01229,232.9737696719856,8,32.740187237495135,2.709788056865511,2034.0279574628996,6.011369835102949,3.0,4.0,0,0,30,30,push,20,3,0,0,0
CUST_01230,299.83536762486534,2,77.38102714704252,46.8945314990999,1546.771248121545,33.633188351262206,4.0,0.0,0,0,30,30,push,5,1,1,0,0
CUST_01231,93.14690327383421,2,49.757895141748484,18.499857625337647,308.9862563918687,44.360214127447016,2.0,2.0,0,0,10,14,push,22,5,2,1,0
CUST_01232,463.54378587706174,5,51.29796732331857,7.033114271370305,3963.1423301414816,61.05340311917512,2.0,1.0,1,0,10,14,push,2,5,4,2,1
CUST_01233,203.49216870667826,2,14.14517679565257,5.739445863054245,191.89551352578155,40.13088202341265,4.0,2.0,1,1,50,30,email,13,6,3,1,1
CUST_01234,366.12304961854886,0,42.11163663659964,4.089709932545993,0.0,8.683260028130329,3.0,2.0,1,0,20,30,push,18,6,2,0,0
CUST_01235,1100.2657404531278,9,18.11309647249116,23.163150241447426,5978.765850661328,85.9858041516166,2.0,0.0,0,0,10,30,email,18,1,2,0,0
CUST_01236,246.1798748787964,4,25.204022277150926,8.553705572456227,827.296406750855,37.40894431925996,3.0,2.0,1,0,30,30,email,15,5,2,0,0
CUST_01237,508.29221981681087,12,36.79583876479909,6.012027445181744,7481.215426312476,17.564065354035012,,2.0,1,0,10,7,email,23,5,4,2,0
CUST_01238,259.8271048025457,4,32.40374876584058,35.34322942793378,1122.5829635436564,27.025160316346707,4.0,1.0,1,0,20,30,in_app,10,3,3,2,0
CUST_01239,172.9864051198516,5,49.03483596706743,2.4416305692563975,1413.7266665974328,10.953081900126586,3.0,2.0,0,0,20,30,push,15,3,6,8,0
CUST_01240,723.7061898767955,6,52.584415422796795,4.594525075929157,7611.133386506175,41.99652991140212,2.0,3.0,0,0,10,14,push,4,1,3,0,0
CUST_01241,41.71239268357301,7,55.00259156959538,6.341436246488342,535.3342629052005,45.851471905812396,3.0,2.0,0,0,20,7,sms,9,2,1,0,0
CUST_01242,600.3113107946541,1,14.783023093975556,4.513566265735137,295.813865701737,50.42707507900393,1.0,3.0,1,0,30,7,email,4,0,0,0,0
CUST_01243,35.581008045548764,2,136.673511950983,13.20672621481755,324.19875522275544,23.253442122903103,4.0,1.0,0,0,50,14,email,13,0,2,0,0
CUST_01244,558.8970877889883,1,32.63067114495943,13.78307758235903,607.9062358506,47.51654306449645,2.0,3.0,1,0,20,30,in_app,21,1,2,0,0
CUST_01245,303.32899948509674,0,68.56347867941427,0.8445712377050313,0.0,35.453549330990235,96.0,4.0,0,0,10,30,push,9,4,5,0,0
CUST_01246,128.44176282588845,4,7.32587272631576,2.341547391268525,125.4597342941458,21.454113489394082,3.0,2.0,1,0,20,14,sms,16,6,1,0,0
CUST_01247,215.00577777363776,4,28.24178786086453,3.319592786680782,809.6196752991012,26.19601919868367,2.0,,0,0,20,30,in_app,7,5,4,2,0
CUST_01248,489.41738251468547,6,13.785133672713384,1.093852753710585,1349.3368079428872,49.60179454015861,4.0,0.0,1,0,50,14,push,12,6,1,0,0
CUST_01249,1033.531359887512,1,19.750538919232426,1.998891260756777,680.426711590184,50.04170791663669,2.0,0.0,1,1,20,14,push,5,4,4,1,0
CUST_01250,63.5492496511514,6,34.13534818150811,4.109673782530837,433.8551527031271,26.983363396886002,1.0,4.0,0,0,20,14,email,0,2,2,1,0
CUST_01251,135.86092478188348,13,27.089612095391363,6.361019770446273,1594.8485588803592,35.5345862781241,4.0,1.0,1,0,50,14,sms,23,1,2,1,1
CUST_01252,84.88954775234066,12,72.85055888093098,23.503509715972857,2473.700398762998,44.60851708239734,2.0,7.0,0,1,20,30,push,19,1,2,1,1
CUST_01253,258.1634538296142,1,95.71693080117515,,823.6871148533852,12.81306306764546,5.0,1.0,1,0,50,14,sms,14,4,5,1,1
CUST_01254,569.1812710538237,2,18.539423641574647,16.631113570297185,703.4861808611179,19.013956547048892,5.0,0.0,1,0,20,30,push,7,5,3,1,0
CUST_01255,73.35053901162,9,24.71328370220891,0.8943555931259759,543.8198040912322,17.064069750153664,2.0,2.0,1,1,30,14,push,17,2,3,0,0
CUST_01256,297.19954181548883,2,17.838286191898696,16.10473879569802,353.43536553372354,37.78523973684244,5.0,4.0,0,0,30,14,email,4,4,5,0,0
CUST_01257,556.8905424233222,5,66.2569329471845,,6149.6432213772105,44.61612864127234,4.0,2.0,0,0,30,7,sms,14,4,1,0,0
CUST_01258,212.46154966505503,1,36.43122231308116,13.925751401759353,258.0077982943118,20.579153088171882,1.0,7.0,0,0,10,7,email,19,4,0,0,0
CUST_01259,348.6468568997241,8,33.76412006013326,3.3732814571077383,3139.134489320103,25.557447557039637,3.0,4.0,0,0,50,7,sms,15,0,1,0,0
CUST_01260,688.5449239370677,6,39.94405485266005,6.016300920184657,5500.655242052575,6.9454860898137625,4.0,3.0,0,0,30,30,in_app,18,1,5,0,0
CUST_01261,113.59417315609342,5,27.47557602163113,24.535292209373676,520.1775566940959,48.325073486120935,5.0,3.0,0,0,10,14,sms,3,2,2,0,0
CUST_01262,47.44174092063422,3,19.80863560922038,-25.0,93.97561585638827,12.125524772613483,3.0,1.0,1,0,30,30,email,1,2,3,0,0
CUST_01263,380.57967078176824,5,34.14556988007398,4.420291108144416,2165.8516239357364,15.388746373691198,4.0,4.0,0,0,30,30,email,10,1,3,0,0
CUST_01264,388.26247534421856,6,28.21334184066068,40.47703940339541,2190.8363881575056,7.733398549982799,6.0,2.0,0,0,10,14,email,18,0,3,0,0
CUST_01265,200.42452719489086,7,40.78092495057989,15.214957339009903,1907.149440417737,31.596458605471174,1.0,3.0,1,0,10,14,email,8,1,3,0,0
CUST_01266,168.78134778169374,4,12.438703465984819,24.57641453932488,279.922818086099,60.02612863427736,2.0,3.0,1,0,10,30,sms,17,2,1,0,0
CUST_01267,308.00649361388037,2,37.03321266598678,0.3721057675076657,760.4313320338487,22.545786315243475,2.0,0.0,1,0,20,7,email,3,2,2,0,0
CUST_01268,111.63616121205293,0,21.89925015016949,,0.0,25.789454144361784,3.0,2.0,0,1,30,14,push,15,5,2,1,0
CUST_01269,111.80706176016122,7,36.262456956460206,9.212181745251112,946.0263783847646,50.988509329414214,119.0,3.0,0,0,20,30,push,22,0,3,0,0
CUST_01270,487.1842026343303,11,57.00014237408812,,152732.62901909882,5.0762749807172955,8.0,2.0,0,0,10,14,in_app,11,6,4,1,0
CUST_01271,104.39897140574674,8,23.718405481372297,3.1602948578459533,660.3139028372515,30.763351467882977,2.0,4.0,0,0,20,30,push,2,1,1,0,0
CUST_01272,51.11962665845377,2,67.8997470660085,10.335939586601318,231.40064801451973,27.346571366566913,3.0,,0,0,30,30,sms,17,6,1,1,1
CUST_01273,168.48749788634444,0,11.652752858841247,17.357548615774217,0.0,51.977038806888544,2.0,0.0,0,0,10,30,push,21,0,1,0,0
CUST_01274,204.50526350303898,3,83.6212185516632,6.366876445790261,1710.0979334353094,55.32246386278919,6.0,1.0,0,0,20,30,email,9,4,5,1,0
CUST_01275,420.6926918694243,19,69.6231015722377,17.637691572709183,278254.33515886875,17.068600057749634,,3.0,0,0,20,14,email,9,1,1,0,1
CUST_01276,181.47069310919255,31,19.453873821891154,7.40594003475614,3647.9848983212764,41.586793176153556,7.0,1.0,0,0,20,30,sms,8,3,1,0,1
CUST_01277,766.777157453359,2,19.551749144400553,,999.45564214564,11.500962056143264,2.0,2.0,0,0,20,14,email,4,0,5,0,0
CUST_01278,320.2661029148254,1,13.50454679198471,2.1631297499941606,144.1682857566617,32.60353888618292,2.0,3.0,0,0,50,7,push,8,6,0,0,0
CUST_01279,148.6468682663774,1,57.55996507566577,15.802055829722754,285.2036182006591,41.18141980968097,1.0,,0,0,50,14,push,10,3,2,0,0
CUST_01280,408.108612924097,11,27.160222976372342,3.8093713498938913,4064.2510060520517,19.61258839390838,2.0,4.0,0,0,30,14,push,10,5,4,1,0
CUST_01281,757.7893479528718,5,25.990681240909204,26.478235020092743,3282.5768983999205,45.841904648683304,7.0,4.0,1,0,10,7,email,6,6,2,0,0
CUST_01282,477.9571673805957,3,16.883064558382017,12.092835872180984,806.9381713027997,18.775638292436767,1.0,1.0,0,0,10,14,email,12,0,3,2,0
CUST_01283,68.73470969578553,9,98.21749306964006,12.32346366356554,2025.285261956861,33.05246889853105,4.0,2.0,1,0,10,30,email,12,2,1,1,0
CUST_01284,219.3268409285592,3,18.47361397206187,36.53772309505159,405.1759393026022,38.17659715099815,3.0,0.0,0,0,10,7,email,9,3,3,0,0
CUST_01285,361.97816367152797,2,33.59911351823145,2.748078009954184,810.8096941547087,27.834484972429795,2.0,2.0,0,0,30,30,push,22,2,1,0,0
CUST_01286,464.22980651300503,3,37.69704938855238,11.332830354156416,1750.0093943758864,20.788825160501837,2.0,1.0,0,0,10,14,sms,23,6,6,0,1
CUST_01287,259.4108633754459,7,26.07031446734042,7.223979130092032,1578.0153163698367,25.34518408998716,2.0,3.0,0,0,20,30,sms,15,2,6,0,0
CUST_01288,231.48296661840385,7,23.091522772410556,50.86458137361673,1247.235312188606,31.41099255870749,1.0,2.0,1,0,20,7,sms,8,2,2,0,0
CUST_01289,940.4130466332953,6,26.534429957267186,-11.0,4990.664823358283,23.14837665133327,3.0,2.0,1,0,30,30,email,22,2,3,0,0
CUST_01290,482.879080286157,0,46.48826892823247,21.25135701137386,0.0,43.247183157610166,4.0,3.0,0,1,20,14,push,17,1,3,1,0
CUST_01291,409.01893256847285,3,26.890302156886076,3.424628433243203,1099.8642684653246,19.0277678902834,2.0,1.0,1,0,20,7,email,10,1,7,1,1
CUST_01292,188.06579561487226,13,87.8233501550557,4.063814829608908,7157.179562205429,17.582883491411557,2.0,2.0,1,0,10,14,email,20,4,3,1,0
CUST_01293,110.09147284155759,9,20.775549459819235,0.44422584056014774,686.1632517372378,18.56290267405466,4.0,1.0,0,1,20,14,sms,5,2,2,0,0
CUST_01294,414.1589307641397,1,52.06349605236524,15.26386593303698,718.7520618963532,73.60255944502877,2.0,2.0,1,0,10,14,email,15,6,1,0,0
CUST_01295,519.8535768276278,2,11.543941719428414,6.950435136511678,400.0772929023024,6.748098499019524,3.0,1.0,1,1,20,14,push,7,4,5,0,0
CUST_01296,298.70148075686217,4,20.77696620490222,5.610383873970826,827.4814094719434,11.411043159495046,5.0,2.0,0,1,30,14,push,12,4,1,0,1
CUST_01297,483.77884075472144,9,20.291959023351158,15.201577036627148,2945.04612388774,41.92331056897043,3.0,,1,1,50,14,in_app,8,3,0,0,0
CUST_01298,492.3923221943291,4,17.075622815920944,26.463998665571065,1121.0540761661043,17.266917509549298,2.0,3.0,1,0,20,14,email,13,0,4,2,0
CUST_01299,543.733252187879,3,39.255183702176744,2.1412557180869856,2134.4348699617185,9.625541418693155,1.0,,0,0,30,30,email,10,6,0,0,0
CUST_01300,67.45555721432005,3,30.996915013659002,37.63702879636114,209.09141741712912,2.411312762782342,2.0,1.0,0,0,10,30,push,13,2,1,1,0
CUST_01301,224.44708708524826,7,8.437646080458123,0.5230838948467288,441.88785307685384,33.3688552432634,5.0,1.0,0,0,20,7,push,3,1,3,2,0
CUST_01302,432.032248916161,4,109.65304707193333,1.4990676781271906,6316.487003599602,37.102298565690376,90.0,2.0,0,0,10,14,email,0,3,1,0,0
CUST_01303,311.7156416597866,12,36.80411709896309,27.314253584635033,4588.967590890082,16.01630344448562,3.0,1.0,0,1,50,14,push,18,5,1,1,1
CUST_01304,493.45708539360305,4,33.138853399399444,10.179904169069298,2180.3469349004727,22.166611265727386,8.0,1.0,0,1,20,14,push,7,6,3,0,0
CUST_01305,408.843619154932,14,72.68036817093696,42.016021584713386,13866.955556775436,45.743709245900135,2.0,1.0,1,0,10,30,push,16,5,4,0,0
CUST_01306,26.260156186341533,9,59.93834997918941,9.288779084803394,472.1971296015344,23.701661139024267,6.0,4.0,0,0,30,14,in_app,1,5,2,0,0
CUST_01307,633.9999146059473,10,27.690683577014187,,5851.963674402434,13.218567481523252,4.0,3.0,0,0,20,7,email,15,6,2,1,0
CUST_01308,201.91839383922706,5,10.26245576257057,,345.3630974040616,40.909186619350365,3.0,1.0,1,0,10,14,sms,16,5,2,1,0
CUST_01309,140.85546513555434,10,46.46184263219507,14.374264575768702,2181.4681516709215,56.3187951195266,6.0,1.0,1,0,30,30,push,16,1,1,0,1
CUST_01310,619.8641389984123,6,18.583838314006663,77.95809596510098,2303.8909871594888,3.097383144556142,2.0,3.0,1,0,20,30,in_app,20,4,3,0,0
CUST_01311,467.4339831385771,0,69.6552918547456,7.075583544257924,0.0,17.241597287366744,6.0,3.0,0,0,30,7,email,20,0,3,2,0
CUST_01312,678.9512912536453,1,20.786459776338305,,470.43312352456167,23.2184575722946,3.0,2.0,0,0,30,14,sms,6,4,5,1,0
CUST_01313,364.8963258110715,3,25.251356142324283,0.9929336872152222,921.4127078080963,6.320117945744719,1.0,3.0,0,1,20,14,email,13,6,3,0,0
CUST_01314,222.1096428237257,1,14.792071728528134,29.391272972471686,109.51539227487716,27.856660628351566,1.0,0.0,0,0,30,14,in_app,1,4,5,0,0
CUST_01315,334.5693078562551,1,15.527657417769653,10.155730936392429,173.1692531630746,26.190873370608376,5.0,3.0,0,0,30,14,email,4,0,2,0,0
CUST_01316,118.73952486034698,1,31.01759957395791,11.541296508790031,122.76716785734209,24.679503098506885,1.0,3.0,0,0,20,14,sms,10,2,2,0,0
CUST_01317,82.66998066099649,2,29.330979635863226,24.098588173527958,161.652767950993,36.682295106118,3.0,5.0,0,0,50,7,sms,1,4,2,1,0
CUST_01318,176.24403322707082,6,24.890107413225643,25.03614756723863,877.3465835923803,13.246861298550916,2.0,2.0,0,1,10,30,in_app,9,2,4,0,0
CUST_01319,816.1760533609782,1,113.50046960539078,9.734695496352398,3087.8788445715168,29.856756324350343,3.0,0.0,0,0,50,14,email,14,6,1,1,0
CUST_01320,191.92166285894302,0,47.56931067895871,29.285344776187127,0.0,18.47017490517574,4.0,2.0,0,0,10,30,push,19,3,4,1,0
CUST_01321,52.448656599059184,8,33.31960604187989,9.478663540768324,466.01828674839885,20.47914315836461,2.0,2.0,0,1,20,14,email,10,2,5,2,0
CUST_01322,265.211225457004,1,6.331926598737848,16.859937991797366,55.97660042516879,47.11551004639909,3.0,5.0,0,0,20,7,email,11,3,1,1,0
CUST_01323,189.77552796067874,6,54.350887197584484,,2062.893662610578,48.79150770430042,,6.0,0,1,10,7,push,0,5,1,0,0
CUST_01324,641.7794124126517,6,199.68113691873774,2.2274894553205193,25630.248544319555,20.779531168114826,114.0,0.0,1,0,10,14,push,20,6,3,0,0
CUST_01325,778.1840044155172,0,29.58388675390743,28.599479939843,0.0,66.48730450522244,1.0,2.0,1,0,30,30,push,23,0,1,0,0
CUST_01326,213.8115784244951,4,20.362449342083348,5.6339006641046465,580.496991255955,22.170895245922328,4.0,3.0,0,0,10,14,push,10,6,0,0,0
CUST_01327,364.6395367193051,6,36.524920931054034,6.11374891053346,2663.6860494017587,10.700844223403209,2.0,3.0,1,0,10,30,push,8,4,3,0,0
CUST_01328,387.1903152749924,5,14.02939484716041,16.31469341582276,905.3409689982321,40.744773588293896,5.0,3.0,1,0,30,14,push,5,4,1,0,0
CUST_01329,288.83564353845424,2,43.69511568181209,13.467119581607353,841.3804571628933,46.13799667455597,2.0,1.0,0,1,50,7,sms,17,6,1,0,0
CUST_01330,249.58162251707498,2,81.46157024966791,1.2864510057124923,1355.4207250467202,37.97926511487786,3.0,1.0,0,0,20,30,in_app,10,4,2,0,0
CUST_01331,132.4031498557212,7,22.141226864502887,21.77145810438733,684.0325749904023,24.408693413375822,0.0,3.0,0,0,20,14,email,8,3,6,1,0
CUST_01332,42.994623473683006,3,22.574377639248006,14.404518216083511,97.0576866752197,30.63110403949367,2.0,2.0,0,0,10,14,email,13,6,2,1,0
CUST_01333,131.69349029174694,3,31.569217079766304,28.999691998388368,415.7460383012255,34.90540594989706,4.0,2.0,1,0,50,7,email,19,0,2,1,1
CUST_01334,281.02548195749176,1,24.514590253785624,11.50180602812188,229.64081803535117,8.150805322297733,3.0,1.0,0,0,10,14,email,16,5,1,0,0
CUST_01335,73.48968934873383,6,13.364603408646198,8.024849560776616,196.43211055408767,2.5189186351642587,3.0,,0,0,20,14,sms,19,6,0,0,0
CUST_01336,350.7881404908021,9,26.28129276688342,6.962481555910869,2765.749745816821,26.53519699524337,4.0,0.0,1,0,50,30,email,12,4,6,0,0
CUST_01337,316.4044079118855,3,23.284652869361352,0.06643077838354546,736.7366804564065,30.348714319124397,1.0,3.0,0,0,20,14,push,13,6,2,1,0
CUST_01338,190.0508827178246,2,75.18358465767285,0.608958775475501,952.5804420054013,22.481060585329953,,1.0,0,0,10,14,push,0,0,2,1,0
CUST_01339,241.1973235703312,6,66.23604699391348,2.1098322080139518,3195.1914517621226,26.642859354860594,,1.0,0,0,10,30,sms,10,4,6,2,0
CUST_01340,88.00499526563664,3,76.58396994110042,39.790095277816,673.9771912090201,37.65993310488961,2.0,0.0,0,0,10,14,sms,19,6,0,0,0
CUST_01341,537.0695838425111,2,53.57245308673899,31.885490798291194,1918.142338981157,35.67609002053731,4.0,3.0,0,0,20,7,push,14,5,3,2,0
CUST_01342,530.8119516323374,5,37.467344748176394,10.31333329318478,3314.6857313768533,16.372251043541375,3.0,4.0,0,0,20,14,push,16,1,3,1,0
CUST_01343,104.46000259906667,1,19.596582397013457,2.980357073628231,68.23530160416166,28.91905550165324,2.0,1.0,0,1,20,14,push,5,0,2,0,0
CUST_01344,107.44598725159808,5,73.38131774522661,2.369317387553498,1314.0880218265145,25.311258237911293,1.0,5.0,0,0,20,30,in_app,21,3,2,0,0
CUST_01345,133.31182444333538,9,40.79965649141225,4.438346829042358,1631.7229930594615,13.728634031564615,1.0,1.0,0,0,10,30,email,17,5,4,0,0
CUST_01346,447.2651643940551,4,15.66112913917567,35.90781848141957,933.9569998706577,11.908889472767942,3.0,2.0,0,0,20,14,in_app,21,5,3,1,0
CUST_01347,386.3098646621914,5,19.138061190602837,11.055484770603488,1232.2036380730865,71.49029875226411,5.0,0.0,1,0,50,14,push,8,4,3,1,0
CUST_01348,615.1193584139834,1,15.514155896209434,24.447812057943377,318.10192070702885,74.27428635467798,2.0,4.0,0,0,20,7,email,13,0,4,0,0
CUST_01349,662.1266007991015,2,9.667624509798138,10.601219433807792,426.7460902983148,45.1518403501878,5.0,1.0,0,0,20,14,sms,19,5,2,0,0
CUST_01350,66.32480271094946,1,41.809070390112694,14.102886136881748,92.43261150508077,36.696556033066585,3.0,3.0,0,0,10,7,email,10,1,2,0,0
CUST_01351,436.0717781712869,2,15.75684346948781,14.128075350546437,458.0743166737453,23.548876623019087,2.0,0.0,0,0,10,14,email,8,5,3,0,0
CUST_01352,644.4662844015593,1,21.040156614601024,0.4775896548557574,451.9890518879604,8.639184730978227,1.0,3.0,0,0,10,14,email,10,4,3,0,0
CUST_01353,228.87138087266328,4,33.896229268723154,8.839066478794088,1034.3835732145405,23.773560038498665,2.0,2.0,1,1,10,14,push,14,5,2,1,0
CUST_01354,294.56018947782906,3,29.584904426965412,29.93191536979244,871.4535053690396,41.0267830589155,3.0,1.0,0,0,20,30,push,9,0,4,1,0
CUST_01355,261.2803257466447,25,21.58362434967143,10.073680872277171,4699.480334062803,37.11787470452552,6.0,2.0,0,0,20,7,email,6,1,1,0,0
CUST_01356,270.4738970048975,4,82.38121254606651,8.572850852871628,2970.929012976448,18.14532196757889,4.0,2.0,0,0,50,14,push,11,2,0,0,0
CUST_01357,535.8079618794216,0,13.250129221471877,11.215494310610529,0.0,52.97697956040399,5.0,2.0,0,0,50,30,email,3,3,1,0,1
CUST_01358,917.8851466183388,1,13.598783102615261,7.189105872259638,416.0707007324999,7.092732992899219,4.0,1.0,0,1,20,7,email,21,3,1,0,0
CUST_01359,749.140090828591,1,43.58470754953562,10.866471054535715,1088.368392413223,69.92743454888195,4.0,1.0,0,0,10,14,email,22,4,0,0,0
CUST_01360,197.64115545101652,4,22.744428661138198,2.1813672428836886,599.364688088076,32.83288239713616,1.0,0.0,1,0,20,14,push,23,4,2,1,1
CUST_01361,365.48888985086535,1,22.21685720122237,51.60536701771483,270.66714914833227,29.258939436913472,2.0,3.0,0,0,30,30,push,17,0,4,0,0
CUST_01362,152.24039478952056,8,17.332413848640066,0.5208895088761059,703.6516071926179,32.815501845435804,3.0,2.0,0,0,20,30,email,19,4,0,0,0
CUST_01363,166.44317001028082,9,40.5656119697943,-16.0,2025.5607148978665,21.1736057351526,7.0,1.0,0,1,20,30,in_app,19,4,2,0,0
CUST_01364,284.65838587861344,1,37.91622515259076,3.535693213446317,359.77238168488566,6.170670368275872,4.0,4.0,0,0,20,14,in_app,5,4,4,0,0
CUST_01365,162.517557746147,15,35.56897841736896,0.9019168358978125,2890.291751958108,56.70915514319105,3.0,2.0,0,0,10,7,sms,6,1,6,0,0
CUST_01366,184.38768161737187,10,23.34133556115561,15.820598159330164,1434.6182499915335,28.507748470269362,0.0,0.0,0,0,20,7,email,19,6,4,0,0
CUST_01367,359.1423062686471,17,21.10230419244594,63.17793862200701,4294.613777312626,33.32248593525438,1.0,1.0,0,1,10,30,push,10,0,4,0,0
CUST_01368,431.7417176302814,0,30.028402892766934,,0.0,12.976052301111643,4.0,3.0,1,0,50,14,push,18,3,3,1,1
CUST_01369,423.5936057104295,7,59.14096819581866,,5845.405058096952,36.61251329367936,2.0,5.0,0,0,10,14,in_app,5,5,3,0,0
CUST_01370,426.5975324706085,5,84.85090341987413,10.200179274274301,6032.86433780337,35.44347780468036,0.0,1.0,1,1,10,14,email,2,4,3,2,0
CUST_01371,94.51155243014746,2,64.50954438513844,0.7659506961728078,406.45981242672906,59.275367137295376,7.0,1.0,0,0,50,30,push,9,3,0,0,0
CUST_01372,155.28828425513794,0,44.85532924257501,11.37873981002868,0.0,22.029633243366206,4.0,4.0,0,0,50,30,push,7,6,4,0,1
CUST_01373,308.9025950237105,4,59.698428913955446,1.5714637044917559,2458.799948047913,18.19294022198916,2.0,4.0,0,0,30,7,sms,19,2,3,2,0
CUST_01374,624.793542831206,8,16.294676804559774,23.74249787927687,40723.2354000415,7.231650872520181,1.0,,0,0,50,7,email,21,3,4,0,0
CUST_01375,1252.7992470239253,4,21.579371500684857,0.875665454682155,3604.616048974339,25.790200630766293,0.0,0.0,1,1,10,14,sms,15,3,6,1,0
CUST_01376,376.2842256309446,3,45.36038302150349,0.14107582653901757,1706.8396599569487,7.804541775595664,3.0,1.0,0,0,30,7,push,4,2,3,1,0
CUST_01377,500.8551410073194,1,30.84897361966716,29.659453036407548,7725.433516104737,16.849571477659936,1.0,4.0,1,0,10,7,email,0,6,3,1,0
CUST_01378,84.0617259984347,9,40.548704331837406,42.85057060511296,1022.5782219403375,13.341135552743175,2.0,1.0,0,0,20,7,sms,18,1,3,2,0
CUST_01379,491.5459416071984,4,59.60140303287926,1.3579656861743443,3906.243703320902,8.646175218601003,6.0,,0,0,10,14,email,20,2,3,0,1
CUST_01380,1042.0755220577353,15,54.29417629624028,4.905008364520939,28289.316054299652,36.20124770284133,1.0,1.0,1,0,30,30,email,22,4,1,0,0
CUST_01381,154.78389798487092,8,17.20881743374214,20.304345631338272,710.3060912278964,40.47619487381315,5.0,3.0,0,1,10,30,push,16,5,2,6,0
CUST_01382,189.55816154992192,4,33.35162789650091,11.636636051013342,842.9431025010402,4.909690790039384,2.0,3.0,1,0,20,14,email,1,6,2,0,0
CUST_01383,547.3635137791912,4,19.058371443223482,44.708757767796214,1390.9142880095733,47.60198764171962,3.0,2.0,0,0,30,14,email,11,5,6,2,0
CUST_01384,305.9384946174475,2,20.772067526431055,7.3942947046946985,423.6650046085522,30.712611308329414,3.0,0.0,0,0,30,14,in_app,11,2,1,0,0
CUST_01385,38.48557798033906,3,11.863643991763038,0.04992633511990857,45.65791959759773,52.5467930402544,4.0,5.0,1,0,20,30,email,2,5,1,0,1
CUST_01386,199.3795916506031,9,35.87929059562327,0.29914784150272966,2146.0794923006074,24.554383715597265,0.0,5.0,1,0,30,7,email,21,4,3,1,0
CUST_01387,776.0506884797641,6,11.349063829245484,12.481120800598863,1761.4897596573492,21.91611417377525,1.0,0.0,1,0,10,14,push,18,6,4,0,0
CUST_01388,239.73198727800002,3,41.95006336124778,20.92127421892484,1005.6772056029947,15.202266000209267,2.0,1.0,0,0,10,30,in_app,6,0,1,0,0
CUST_01389,239.5724881031987,1,74.81875333483033,23.45385380999249,597.4838297734933,57.02551428361784,1.0,5.0,1,0,10,14,email,15,6,3,5,0
CUST_01390,523.6967353109994,1,45.52227066570869,36.374179163419846,794.6621510525105,65.77068776040099,2.0,,0,0,30,30,email,19,4,5,9,0
CUST_01391,386.16192987846205,1,34.16265248285765,3.9024538631275956,439.7438604182515,40.624851343045634,2.0,2.0,0,0,20,14,push,20,3,3,0,0
CUST_01392,229.40900968511517,2,83.15188499884889,20.114418505417813,1271.7194394024336,26.171770497972485,0.0,2.0,1,0,20,14,email,20,5,5,2,0
CUST_01393,179.0340025991607,6,40.3046730345174,26.325463047778815,1443.181387364022,19.09240592471653,2.0,0.0,0,0,10,30,in_app,18,2,2,2,0
CUST_01394,1639.586615150602,10,19.734216522495796,27.143538516813727,10785.319090255989,43.20685706837805,0.0,3.0,0,0,10,14,push,14,1,2,0,0
CUST_01395,692.1486874436983,5,35.69690074097292,7.953785832448961,4117.927165612065,34.708836733220586,3.0,2.0,0,0,20,30,push,4,0,1,0,0
CUST_01396,426.48502918574246,3,107.31998656343664,14.751810691839326,4577.036760172076,14.763407487659158,4.0,2.0,0,1,20,14,email,7,0,0,0,0
CUST_01397,445.98917471772756,1,17.191527912002517,12.029883182919525,255.57451152035935,15.092331501130879,3.0,4.0,1,1,10,14,email,12,0,2,1,0
CUST_01398,271.78119444599884,0,14.467802629893061,13.650378570892192,0.0,27.194721667452264,4.0,2.0,0,0,10,14,email,9,0,3,0,0
CUST_01399,382.8246385532086,5,47.89184255771901,4.969938224353666,3055.6962194676585,68.8948726983987,2.0,0.0,1,0,30,30,sms,16,3,2,1,0
CUST_01400,249.70519762837432,13,28.949939066195135,17.24390044943455,3132.5451108699153,28.75486613258131,5.0,1.0,1,0,20,14,push,4,5,4,0,0
CUST_01401,142.45750249952968,18,24.065971570468772,,2057.026923092199,16.125527466619616,3.0,,0,0,20,14,email,22,2,3,0,1
CUST_01402,393.7538549310619,1,15.556714528151995,3.271377200231764,204.18387718406345,23.293917095261815,7.0,1.0,0,0,20,14,push,8,1,1,1,0
CUST_01403,232.8811816312219,6,10.277249411069095,-11.0,478.67559735371003,36.7941261452658,72.0,,0,0,10,14,email,11,1,2,1,0
CUST_01404,408.592747841996,2,13.820347692931314,8.225461273797325,376.45958933243975,13.820835223811704,,0.0,0,0,10,14,email,8,6,2,0,0
CUST_01405,464.269456526576,9,87.26551042491604,20.731586088167816,12154.413329547007,65.60042866396336,5.0,1.0,0,0,20,14,in_app,18,1,0,0,0
CUST_01406,424.07045493925943,4,32.93959580772405,16.471823847428936,1862.4945839595814,8.195465555350726,3.0,2.0,0,0,20,14,push,5,2,1,0,0
CUST_01407,132.11401757569448,0,10.201974814019092,9.699560804455444,0.0,46.89044594096875,3.0,1.0,0,0,20,14,push,9,5,3,2,0
CUST_01408,213.08898242885476,1,67.38696239905471,15.856210770116213,478.6473082195355,14.242074496918397,2.0,2.0,0,0,20,30,sms,14,2,4,1,0
CUST_01409,236.5192912079982,2,69.47037343723846,4.574694347542203,1095.4055656887058,123.53944052293059,1.0,0.0,1,0,30,30,push,2,6,3,0,0
CUST_01410,588.6907295145786,4,69.2373442192953,3.9662793051305942,5434.584357081192,14.893783219406762,1.0,4.0,0,0,50,14,email,14,5,2,2,0
CUST_01411,568.0439355354645,1,25.69974871712502,4.114966968437189,486.61954678494004,11.897898449218042,4.0,2.0,1,0,10,14,sms,16,1,3,0,0
CUST_01412,163.47379132073917,3,28.18284988841412,,460.71573214823263,12.813394330623959,6.0,2.0,0,0,20,14,sms,22,4,5,0,0
CUST_01413,92.28679385300684,7,35.9660960466783,17.619912495968222,774.4789946966904,32.46457813108409,2.0,4.0,0,0,10,14,push,23,4,4,1,0
CUST_01414,1291.0525990759656,12,76.75571949489037,63.8685822181351,39638.26845912959,3.883583747742112,2.0,1.0,0,0,20,30,sms,7,4,2,0,0
CUST_01415,412.27713338660425,2,23.737578628424984,5.544929562633161,9786.460870466175,22.175702295024188,6.0,1.0,1,0,20,14,email,15,0,1,0,0
CUST_01416,80.23928418569258,3,21.059506076045466,39.85323478813287,168.97996928461316,18.275117978357724,4.0,3.0,1,0,20,14,push,4,1,5,2,0
CUST_01417,186.96629298278583,0,50.26988152932381,13.991737500212597,0.0,34.435329638495595,7.0,5.0,0,0,10,7,push,17,5,5,1,0
CUST_01418,605.4438402561958,18,68.41231418093993,3.822111514664642,24851.888531113007,25.518080069890075,2.0,3.0,0,0,30,7,email,8,0,1,0,1
CUST_01419,1094.0441903487117,7,32.08297717727339,0.17903375518578654,8190.045450973462,9.217904105881942,0.0,4.0,0,0,30,14,email,6,1,2,1,0
CUST_01420,978.6242724221942,2,49.51442021779597,19.295727020034146,3230.4008973364907,14.845244819708947,5.0,1.0,0,0,10,14,push,0,3,3,1,0
CUST_01421,399.95151943187864,0,35.42678096110405,17.8892744212596,0.0,15.924344600105488,3.0,2.0,0,1,10,14,push,12,3,4,1,0
CUST_01422,300.7850806914464,9,28.48145678337599,3.9059330447509826,2570.0391830393073,15.578734556974172,3.0,2.0,0,0,10,7,email,5,4,5,2,0
CUST_01423,120.68871357154862,5,20.134466159870108,6.0678477834750915,405.00046988076696,8.901770483475993,,0.0,1,0,20,14,sms,13,5,1,0,0
CUST_01424,320.35568318846737,8,16.57149514032948,34.24861198959771,1415.6727059025645,40.89800922470186,2.0,3.0,0,0,30,14,push,11,3,4,0,0
CUST_01425,136.33257375190757,2,22.90007905958117,2.565976831193498,208.1351144876576,49.33915552756585,4.0,,0,0,30,7,in_app,14,0,2,0,0
CUST_01426,214.80772887262282,9,18.437091694631107,27.067553096385815,1188.1289381820013,14.10268624658305,6.0,2.0,1,0,20,30,email,7,4,2,0,0
CUST_01427,546.96917603759,3,39.25541984174955,2.7809160626797413,2147.150464585141,9.694788192844385,3.0,3.0,0,0,30,14,in_app,4,3,7,3,0
CUST_01428,248.71522173963777,5,68.75348735680359,9.85880115646543,2850.0064755534645,22.054707687621754,4.0,2.0,1,1,20,30,email,18,1,3,0,0
CUST_01429,235.61082853803694,3,37.4274956015461,10.366198414184685,13227.484873176014,14.454532735499953,8.0,0.0,0,0,20,30,sms,23,5,0,0,0
CUST_01430,288.4840780175311,2,19.059735028996432,9.582431919112462,366.5620058065651,7.208048335640307,3.0,2.0,1,0,30,7,email,9,5,2,0,0
CUST_01431,1414.087766399711,2,55.325075390237295,5.093676789209044,78234.51228447628,44.49282081482563,4.0,4.0,0,0,20,14,push,9,3,1,0,0
CUST_01432,108.69042513043335,2,39.57228097006632,4.382677069667762,286.74186946783107,53.304872413952566,0.0,2.0,0,0,20,7,email,20,5,3,0,0
CUST_01433,370.05354910227567,12,44.56262986656865,19.816296717269676,6596.2237357819195,9.47032464600404,5.0,1.0,0,0,20,30,sms,5,5,6,2,0
CUST_01434,922.3179334368015,4,24.249096849020543,4.837765797414857,2982.0502524663307,17.088755687006195,3.0,1.0,0,0,50,30,push,9,4,3,0,1
CUST_01435,287.8244098981018,6,65.36754904790189,14.120873497341426,3762.8752462395178,42.34788978407729,3.0,1.0,1,1,20,14,push,7,3,4,1,0
CUST_01436,683.618494571582,7,65.16740488862705,28.124477097740467,10394.916752523328,17.75898506070866,1.0,3.0,0,0,10,14,in_app,4,3,1,0,0
CUST_01437,86.00277009198768,8,29.652893618308216,27.21324626837727,680.0615979780081,8.536982680587014,4.0,1.0,1,1,30,14,email,12,1,4,1,0
CUST_01438,255.2604441360676,1,50.96153375080256,2.7435512372770696,433.615457969502,29.491525066908025,4.0,,0,0,10,14,push,14,1,3,1,0
CUST_01439,149.84720108808654,8,64.12879552692455,15.951760436734327,2562.5388050292927,9.753211409074918,6.0,2.0,0,0,10,30,email,20,5,3,0,0
CUST_01440,285.47902135994667,7,25.047566180481887,13.830072839528388,1668.462758818909,44.045769196384825,2.0,2.0,0,0,10,7,push,15,3,0,0,0
CUST_01441,290.1583704263711,4,31.540007250549284,4.968962062867859,1220.2129476073746,11.923049291222512,2.0,2.0,0,0,10,30,email,2,0,1,0,0
CUST_01442,313.68627214145965,1,34.73941128387312,7.450241136767569,363.2425474009039,35.2950316563839,1.0,1.0,0,0,20,30,push,2,3,2,0,0
CUST_01443,543.501415596303,5,17.13816597900201,5.034462377821385,1552.4362450519989,41.15523071079229,2.0,0.0,0,0,30,14,email,2,0,3,1,1
CUST_01444,22.203493817257307,3,43.16359824996813,11.552534539848473,95.8382686873746,11.27087310477018,0.0,2.0,0,0,10,7,email,7,5,1,0,0
CUST_01445,179.94750035343654,12,61.16124206816565,,4402.325051471143,20.522241109738932,3.0,1.0,0,0,10,14,email,7,5,2,0,0
CUST_01446,351.8250471903057,2,30.37647287719418,31.49507227737329,712.4802668995923,38.53920618261505,2.0,3.0,0,0,10,14,sms,18,6,3,0,0
CUST_01447,41.09103173026304,1,40.60576422890175,19.246516917517408,55.617758212046056,18.545066732906804,0.0,2.0,0,1,10,7,email,2,6,1,0,0
CUST_01448,468.2794660881842,9,76.64224894859568,,10766.997425233825,49.39068027429177,4.0,2.0,0,0,30,30,email,14,5,10,3,0
CUST_01449,177.04689262498727,13,25.969139094319456,47.585353422460656,1992.3606650113122,120.47294539444245,,1.0,0,0,20,14,sms,13,3,4,2,0
CUST_01450,259.1307128726048,2,41.10620151556344,12.447533662787812,710.1252868141936,15.022697992087068,2.0,,1,1,10,14,email,11,4,4,0,1
CUST_01451,560.4708571165625,6,23.526152600951608,9.767033044599287,2637.144582582079,15.99778820951077,3.0,1.0,0,0,10,14,email,1,3,5,0,0
CUST_01452,704.4726553320127,2,23.144015110364204,,1086.9550519894997,54.289090211288816,1.0,1.0,1,0,20,14,push,19,6,0,0,0
CUST_01453,478.2970263406125,8,40.655574346343435,3.061576487735713,5185.450750406868,83.37444011797056,1.0,2.0,0,0,10,7,push,9,6,4,0,0
CUST_01454,105.6813020774362,0,38.27594918753204,2.5774618818444694,0.0,60.608756348905445,6.0,1.0,0,0,20,30,sms,10,5,1,0,1
CUST_01455,461.76923407275945,1,46.20286936915742,22.886275776565025,711.1687866853193,45.03978938871215,2.0,1.0,1,0,30,7,push,15,6,3,0,0
CUST_01456,483.65065670352277,0,34.66377694956152,30.669322502336176,0.0,24.91519242951019,0.0,0.0,0,0,30,30,sms,15,0,1,0,0
CUST_01457,419.3024640633684,14,43.77599861577697,1.133381834084191,8565.845907000614,19.549507682979907,6.0,1.0,0,0,10,7,sms,7,1,4,0,1
CUST_01458,781.4010923139099,2,89.95516533332544,21.664325667012466,4686.07096338259,23.64120453040366,2.0,3.0,0,0,30,14,email,0,6,1,0,0
CUST_01459,319.9042040472433,11,62.54874940471721,,7336.856227237733,24.8176034268706,4.0,1.0,0,0,20,14,in_app,19,0,3,0,0
CUST_01460,761.6147038623617,10,40.57000576209005,18.247100330008436,10299.570974729506,32.893214844292366,1.0,2.0,0,0,20,14,email,17,3,1,0,0
CUST_01461,758.5530757450327,2,44.8329876081648,2.174854845637551,2267.2133763341567,55.21740767350811,3.0,0.0,0,0,20,14,in_app,15,5,2,1,0
CUST_01462,493.15757943095304,3,27.678578977054066,54.185862678947586,1364.9901010412448,17.07561089232846,5.0,1.0,0,0,20,14,in_app,22,1,1,0,0
CUST_01463,374.33005913824735,3,30.098837366682947,31.96484964726851,1126.6899571462916,26.63495291447443,2.0,2.0,0,0,30,14,email,6,3,2,0,0
CUST_01464,421.01998261755085,8,44.49943793431514,7.8124456797260065,4996.040689492304,148.70997008459435,4.0,2.0,0,0,20,30,push,4,2,1,0,0
CUST_01465,893.7944151246669,5,34.903605552411285,33.57428393130798,5199.441285076587,80.56726279782845,1.0,0.0,0,0,30,7,email,23,3,3,1,0
CUST_01466,624.2499154201029,9,53.29333123165207,33.79631727435743,9980.5072541443,23.243578745430828,2.0,3.0,0,0,50,14,push,20,2,4,1,0
CUST_01467,118.34506266927932,3,70.82724917927472,9.2776387840709,838.2055242813929,26.884665051483815,5.0,3.0,1,0,10,14,email,2,5,2,1,0
CUST_01468,402.29602939223474,4,31.153930697983128,-26.0,1671.080349301262,130.9954036927324,4.0,2.0,0,0,20,14,in_app,8,0,4,0,0
CUST_01469,142.99175300150242,13,9.919178213952332,56.49102519606161,614.6229618305208,39.977068659323876,1.0,1.0,0,0,10,14,push,11,0,1,1,0
CUST_01470,172.549556893643,8,112.2258496369612,3.6734147578821306,5163.872167165403,32.874675432803684,1.0,2.0,1,0,20,30,sms,14,3,0,0,0
CUST_01471,221.87562329237286,4,22.38751282290142,1.0348932808942861,662.2991148729657,20.812738818109715,1.0,2.0,0,0,20,14,in_app,10,1,1,0,0
CUST_01472,77.57319313358248,3,37.229334853815466,6.03292704512448,288.7998382849841,34.48052342290054,2.0,3.0,0,0,30,14,in_app,4,6,1,0,0
CUST_01473,134.63509371097263,6,51.23871363633917,10.065950330937659,1379.7058024116427,35.61468404354827,5.0,2.0,1,0,20,30,push,11,0,2,0,1
CUST_01474,809.6523789002783,2,77.1216560158143,1.458841657324499,4162.7821505288675,36.291949141074355,3.0,1.0,1,0,30,14,email,12,2,5,1,0
CUST_01475,171.6277839142713,10,97.86808741421268,2.273851669158251,5598.960986276503,42.04032413200159,3.0,3.0,1,0,20,30,email,8,1,2,1,0
CUST_01476,545.6087687300566,1,26.62035416475347,53.472936739721604,484.1432886329724,16.81895812905081,0.0,5.0,1,0,20,14,push,5,6,1,0,0
CUST_01477,341.72978266517896,0,67.61391872582266,20.051172784247978,0.0,20.512314359910736,2.0,1.0,0,0,10,14,sms,11,3,6,1,0
CUST_01478,447.80366369444835,3,37.29234016390328,31.184193276792666,1669.9646553135515,18.800119638660597,1.0,2.0,0,0,10,7,email,7,2,1,0,0
CUST_01479,461.28422128492787,5,171.72978123872844,53.18706015598811,13202.706401689646,4.309394788344098,1.0,,0,0,20,14,push,7,3,3,1,0
CUST_01480,129.18126634638514,9,64.08862137739422,7.12570953131968,2483.714780377739,21.036514378906386,1.0,0.0,1,0,20,14,email,17,6,1,0,0
CUST_01481,543.4127815553128,4,29.77042785527958,17.464741523156068,2157.017467857232,48.337345001950446,3.0,3.0,0,0,20,7,push,12,1,0,0,0
CUST_01482,95.06554888533397,2,20.576637076317123,3.050518175096942,130.40861985829338,21.360169836925092,3.0,1.0,1,0,20,14,email,17,4,1,0,0
CUST_01483,165.46746714293542,1,6.848613104588715,12.033292003920032,37.77408879527367,20.889375135604315,1.0,0.0,0,0,20,30,email,10,1,2,0,0
CUST_01484,456.5941999774827,1,49.64042678628548,3.5335278001416457,755.5176985008274,48.899558489231886,6.0,0.0,1,1,20,30,push,3,5,2,0,1
CUST_01485,121.36637997234692,8,60.64694449384621,2.622998548064124,1962.8000292271927,61.408730330476516,4.0,4.0,1,0,10,14,in_app,11,1,0,0,0
CUST_01486,36.00214815465967,1,51.794101215891914,1.5544906663320672,62.156630183732645,34.12887256917598,2.0,7.0,0,0,10,30,email,13,0,2,0,0
CUST_01487,388.8073800310353,8,8.068368808702488,13.003102985131767,836.5443567028639,51.73586518609296,2.0,1.0,1,0,20,30,sms,18,0,1,0,0
CUST_01488,63.50292232859641,3,15.567624515930124,44.89141019684612,98.85896504758641,38.67308369791311,7.0,1.0,1,0,10,14,sms,13,1,4,1,0
CUST_01489,487.110201005403,9,44.18980413247586,1.9554199647720565,6457.59131200791,23.186498213235552,4.0,1.0,0,0,20,14,email,18,3,4,1,0
CUST_01490,235.14255878924,5,96.67107544155427,10.466802568563454,3788.580673372455,16.083481678285835,0.0,1.0,0,0,30,7,email,11,2,0,0,0
CUST_01491,384.7905255580798,14,32.029831994932934,17.42654608755367,5751.562080538048,65.99882010580728,3.0,2.0,0,0,20,14,in_app,14,5,1,0,0
CUST_01492,379.6284688697973,8,63.74628794025308,10.273569082621524,6453.308183171067,31.894066601007214,1.0,1.0,0,0,20,14,email,1,2,1,0,0
CUST_01493,512.4637918416984,8,17.802802806414988,36.41813080511694,2432.877821756121,5.9351135406561,5.0,0.0,0,0,50,7,push,20,5,1,0,0
CUST_01494,466.01838177750653,10,37.49759582513431,2.7281465499604627,5824.856308992025,11.363489509400807,2.0,1.0,0,0,20,30,email,5,2,0,0,0
CUST_01495,120.33609800547877,5,28.084109591595265,0.3668997327556287,563.2553607018024,36.99283573987995,4.0,2.0,0,0,10,7,sms,17,5,2,1,0
CUST_01496,246.7802498396727,7,67.52876696152464,,3888.4453958303534,19.451960335597132,4.0,,0,0,30,30,email,10,6,3,0,0
CUST_01497,384.4619604429856,1,23.953110770076115,12.161700709443787,306.9686641790486,25.63950892031805,5.0,0.0,0,0,10,14,sms,21,0,2,1,0
CUST_01498,770.6921146652518,0,90.57766054726298,4.405644856606501,0.0,25.405931657577575,1.0,3.0,0,0,20,14,email,8,6,1,0,0
CUST_01499,469.0173558275967,0,27.53264825660797,2.766660974903167,0.0,9.203987308837569,4.0,3.0,0,1,50,14,email,23,3,4,0,0
CUST_01500,726.8997806469714,3,17.428071351310532,24.508866411938868,1266.8461242367391,14.240098669121842,2.0,2.0,0,1,30,14,in_app,17,2,5,2,1
CUST_01501,399.1622906428704,1,17.78251390114967,3.134453316962878,236.60363273905296,14.197397166424258,5.0,0.0,0,0,30,14,push,14,0,1,0,0
CUST_01502,631.6408012643044,5,22.795057145447064,8.769294892146387,2399.7146933692984,22.503030777467384,3.0,1.0,0,1,20,14,push,22,0,1,0,0
CUST_01503,361.7433884442464,6,41.361082262810434,46.344418295859406,2992.419609494053,23.83196573735166,3.0,0.0,0,0,20,14,push,12,5,3,0,0
CUST_01504,614.2836638703486,8,22.965934630160465,14.228522594504554,3762.026258352504,36.369840621771765,3.0,12.0,0,0,10,30,email,9,4,2,0,0
CUST_01505,225.5241286615387,4,20.24106728718756,10.329066300750648,608.6465417496732,36.825577546113,1.0,6.0,0,0,20,14,push,16,0,2,1,1
CUST_01506,829.6936912774034,2,56.47990046739762,,3124.0678067850317,10.312899976341273,1.0,2.0,0,0,30,14,push,7,4,3,1,0
CUST_01507,431.794745249818,0,4.822386035733276,11.021587872933653,0.0,10.074631750549203,5.0,,0,0,20,14,sms,12,5,1,0,0
CUST_01508,78.16519750649138,4,25.586657344606976,19.881209999413667,266.66481664961634,54.647162679288556,1.0,2.0,0,0,30,30,in_app,21,4,4,0,0
CUST_01509,393.8005525857371,5,14.871655879877604,25.93407207403584,976.0777172267877,14.028616028473035,1.0,1.0,0,0,10,14,push,10,5,4,1,0
CUST_01510,470.0943582218083,3,19.665529607408278,15.7408077201209,924.4654519886565,35.44593405444086,2.0,2.0,0,0,10,30,email,10,3,0,0,0
CUST_01511,556.3095361605722,9,38.33065448117622,23.43238010309897,6397.11258454629,20.049471307218376,5.0,4.0,1,0,10,30,in_app,8,6,2,0,0
CUST_01512,1021.7647071541398,11,29.2787036240775,1.3886023654804376,10969.180212579746,34.9823181795158,3.0,5.0,1,0,30,14,sms,15,0,0,0,0
CUST_01513,197.15385905013102,7,27.734036719453897,0.21718145072438338,1275.8368854649532,145.9626425069387,4.0,1.0,0,0,10,14,in_app,7,2,3,0,0
CUST_01514,1026.205492703524,2,67.60658079698014,,4625.216303784374,21.401745299857573,3.0,4.0,0,0,10,7,email,19,2,2,0,0
CUST_01515,300.85961627126414,5,32.8459714974616,4.551158188580831,1647.004396797196,14.54090584188793,1.0,0.0,0,0,30,14,push,14,3,3,6,0
CUST_01516,158.4255128257322,9,97.86941833354315,31.51650620653284,4651.503836834308,11.199328593849552,6.0,1.0,1,0,20,7,sms,22,0,4,2,0
CUST_01517,200.7661770559006,14,50.77047916145661,11.513234447096858,4756.731003986226,18.259802963765296,0.0,2.0,1,0,10,14,push,22,2,4,1,0
CUST_01518,450.73272885255636,0,18.540808490349235,9.766292610099965,0.0,13.77047545943384,6.0,3.0,1,1,30,14,push,8,3,2,0,0
CUST_01519,138.47713791228693,15,105.68417676293554,22.23010831250528,7317.421160373768,31.443899413941228,2.0,0.0,0,0,10,7,email,19,5,4,1,0
CUST_01520,228.66567590827225,14,39.12897365204092,20.269469341230774,4175.478163612426,26.782867520516778,3.0,3.0,0,0,10,30,in_app,2,0,0,0,0
CUST_01521,386.79101606976155,3,101.80393071920483,18.27495738556663,3937.684580277685,17.61055963241327,2.0,2.0,1,0,10,14,push,8,4,2,0,0
CUST_01522,825.4643944602601,13,28.22879832853555,17.56295303638076,10097.476098062341,49.478340001665444,2.0,3.0,0,0,10,30,in_app,18,6,2,0,0
CUST_01523,545.4186213765213,4,38.991319656437305,10.866348158708307,2835.5455750220385,6.590507200175567,3.0,1.0,1,0,30,14,in_app,3,4,5,0,0
CUST_01524,310.2259322935511,3,42.91702065849691,39.152056264090746,1331.3972745043798,29.60839563940809,3.0,,0,0,20,30,email,13,3,2,0,0
CUST_01525,449.2889541146203,11,29.93809457358257,33.196844660299966,4931.980239688151,34.139525297862384,0.0,1.0,1,0,20,7,email,17,1,1,0,0
CUST_01526,359.6448996243549,6,71.03352845617772,5.99384720538657,5109.369242317158,17.751716164247576,0.0,3.0,0,0,30,14,push,16,4,3,1,0
CUST_01527,104.143942931317,3,105.58847268170088,24.497857210726234,1099.639987316798,20.335882432396467,1.0,0.0,0,0,20,30,email,18,5,4,0,0
CUST_01528,920.7736807957378,2,8.364062322601876,33.26105149671796,513.4272300791386,40.02722628696807,2.0,3.0,0,0,30,30,push,5,5,2,0,0
CUST_01529,834.0997901759084,13,53.99497706887824,14.44503535362637,19516.119585605207,30.164622299863947,4.0,2.0,0,0,10,14,email,8,1,3,1,1
CUST_01530,283.1421450192524,4,19.36171599622818,12.164751018358288,730.9490397900825,16.954295755430575,4.0,,0,0,10,14,push,17,0,1,0,0
CUST_01531,206.8078065165007,0,6.988842352185015,16.715946727055194,0.0,9.783111684866732,3.0,2.0,0,0,30,30,in_app,13,1,1,0,0
CUST_01532,106.5029333067912,12,45.159964531216914,2.6700552183709347,1923.8674762421003,21.33761178301622,4.0,1.0,1,0,50,14,email,4,0,5,0,1
CUST_01533,469.2181048959031,6,45.22111385693568,1.3709384168238685,4243.713069046645,62.44542043840845,1.0,2.0,0,0,10,30,push,22,2,3,1,0
CUST_01534,471.35625242947816,1,49.80305387975739,25.7345045656622,782.4993612101943,18.154167374937728,2.0,1.0,1,0,10,14,push,5,0,2,0,0
CUST_01535,149.2223599981795,1,41.372513149471494,,205.7901350406617,36.60728752362174,3.0,4.0,0,0,10,7,sms,13,0,1,0,1
CUST_01536,362.75963415837174,11,55.98115599238014,1.9602003304698918,7446.158011438139,35.172664043152,1.0,1.0,0,0,10,30,push,6,0,2,0,0
CUST_01537,533.8594169970454,0,23.061642030828757,8.075985172699102,0.0,17.044207525267634,5.0,6.0,0,0,20,14,email,19,4,5,1,0
CUST_01538,195.2833272524378,4,38.7837224256933,-1.0,1009.8419144699167,23.084213309158642,1.0,4.0,0,0,10,30,push,13,6,2,0,0
CUST_01539,256.62207806219277,11,50.345022740316196,31.249087563910738,4737.202930426374,41.57956146566987,4.0,2.0,1,0,20,14,sms,10,3,0,0,0
CUST_01540,254.6602272749722,7,74.57263922664627,10.615392294033002,4431.1598925888575,34.29099676154069,147.0,2.0,1,0,20,14,sms,17,6,2,0,1
CUST_01541,157.80475154274987,5,33.9981898553814,12.92393291317095,894.17931717195,18.71255048508221,2.0,2.0,0,0,10,14,sms,9,2,3,0,0
CUST_01542,260.767816906819,8,29.128662668033684,4.023886972691325,2025.5514062288805,32.4425835779445,2.0,0.0,0,0,10,7,in_app,0,3,1,0,0
CUST_01543,64.84811767268506,6,32.0358844408451,24.0714986712319,415.4933607936927,10.71615518628927,0.0,,0,0,20,14,push,4,0,2,0,0
CUST_01544,244.3200692342528,4,16.181103919807466,39.910620756969365,527.1157906631998,4.234014201656446,2.0,2.0,1,0,10,30,push,2,5,1,0,0
CUST_01545,247.30759441371686,5,52.55049786682919,23.58895056741255,2166.0228687814474,25.734361331445342,1.0,2.0,0,0,20,14,push,6,6,1,0,1
CUST_01546,285.87496920435,2,13.81299555502088,10.184497348641461,263.2526452607612,10.502664268230093,3.0,3.0,1,0,20,30,in_app,21,4,1,0,0
CUST_01547,425.77309459564066,3,41.87037188225597,27.035233961561232,1782.7277808178424,16.04354757842323,1.0,0.0,1,0,10,7,push,6,1,4,2,0
CUST_01548,98.26797522360837,2,34.839246815119985,3.1230643323805642,228.2388161891592,22.979816446124705,3.0,2.0,1,0,10,30,email,13,2,0,0,0
CUST_01549,117.15905771959159,1,13.058202243677204,1.8056514601088378,50.99622234603593,37.94453540616654,2.0,1.0,0,0,20,14,sms,18,4,2,0,0
CUST_01550,154.28522991368612,2,13.512731822379056,8.649650983058795,138.9876623985157,12.148606741018723,3.0,4.0,0,0,20,30,email,17,6,3,1,0
CUST_01551,88.36091753504894,5,19.841686756509695,,292.20494120803767,32.44058816268389,4.0,5.0,0,1,30,30,in_app,8,3,4,2,1
CUST_01552,460.60388368521524,14,26.940609996411418,4.499570281223442,86862.64715237082,14.790796904267594,1.0,3.0,0,0,20,14,email,11,4,3,0,0
CUST_01553,188.21540037697432,2,80.50244599474966,13.196372168349422,1010.120006948504,78.03033246409011,5.0,1.0,1,0,20,30,email,3,2,2,0,0
CUST_01554,292.75334181784217,8,30.986725410229553,7.7602809654423535,2419.057977556413,34.805700042862334,3.0,2.0,0,0,10,30,push,4,2,3,0,0
CUST_01555,142.8790984156961,4,45.96554809394654,30.135112953381075,875.6688093128533,9.998075185716802,2.0,4.0,0,1,20,30,email,7,0,4,1,0
CUST_01556,223.9494383601003,3,70.80737956180023,3.8352402770153198,1585.7272884615604,28.47225816016793,5.0,3.0,0,0,20,14,in_app,5,3,3,1,0
CUST_01557,375.5519374301221,9,63.048254313460845,86.12553167976492,7103.368217702182,26.220426683711256,,3.0,1,0,10,30,sms,3,0,5,0,0
CUST_01558,388.8488098695364,6,32.97547727286178,6.680096458207407,2564.49501848645,20.594827572782474,2.0,2.0,0,0,30,14,push,7,0,2,0,0
CUST_01559,121.93928770431492,9,21.686389128877394,10.866560296747146,793.3268529761725,26.501857454785338,2.0,0.0,1,1,50,14,in_app,12,4,0,0,1
CUST_01560,281.65738610340384,17,44.670473524726724,2.129193787868655,7129.668991752973,36.46857244557862,4.0,1.0,0,1,50,14,in_app,6,5,2,1,1
CUST_01561,145.06877848324237,6,21.947580570730242,,636.781740811676,68.93566520482885,,3.0,0,0,30,7,email,8,1,2,1,1
CUST_01562,273.6758887575107,10,98.38445279395886,48.77288145635344,8975.15085276935,43.4600682985694,3.0,2.0,0,0,30,14,email,19,6,1,0,0
CUST_01563,175.2200167771514,1,55.7389452758122,20.75832554023251,325.5526308789512,20.806546294841404,4.0,0.0,1,0,10,14,sms,17,0,1,0,0
CUST_01564,959.1239117250302,7,37.53289627570222,4.196791123753399,8399.696268674978,6.8553082841259245,4.0,3.0,0,0,20,30,push,1,4,1,0,1
CUST_01565,531.7491242354115,3,45.042345555361365,8.767397608559154,2395.122780257219,108.10766730307657,1.0,1.0,0,0,30,14,email,4,4,2,0,0
CUST_01566,401.1301584546361,16,36.85428498554684,8.312086678378655,7884.461427191851,32.802834786788104,7.0,1.0,0,0,10,30,in_app,22,6,3,1,0
CUST_01567,239.7479035387646,0,26.549269204418817,1.5462427990605137,0.0,39.505078194259006,1.0,1.0,0,0,10,14,sms,9,4,3,1,0
CUST_01568,542.3719241712482,12,44.66391732414022,32.55365233225122,9689.781912047794,27.314419965691073,1.0,,0,0,20,14,email,1,0,3,0,0
CUST_01569,287.9863365539791,4,28.624553394381493,7.205805459300575,1099.1307023388924,25.257249166255324,4.0,,0,0,20,7,in_app,9,2,8,0,0
CUST_01570,895.7917517699095,4,105.84894805540092,10.225977101713262,12642.4819468733,24.44509722702357,2.0,3.0,0,0,20,14,push,18,1,2,0,0
CUST_01571,579.8599353108316,4,21.853868629233748,5.163739266617157,1689.6243799518525,54.62229043744924,3.0,2.0,1,0,10,7,push,21,3,5,1,0
CUST_01572,222.6368759773382,11,44.93776152248178,2.4801193961645045,3668.4277075526584,45.39260384248134,,1.0,0,0,10,14,push,16,6,2,1,0
CUST_01573,829.453528183674,1,20.704769910381017,34.85875816551178,572.4548150798903,24.613876176231766,129.0,2.0,0,0,30,30,email,7,6,1,0,0
CUST_01574,240.72787472713324,0,20.575509717307636,0.5717205266388292,0.0,50.54783164237189,3.0,2.0,0,1,30,14,email,23,2,2,1,0
CUST_01575,995.6770972630716,2,11.34011094192745,7.659372191851231,752.7392496866348,17.655772254385703,2.0,3.0,0,1,20,14,in_app,5,2,3,0,0
CUST_01576,858.6612119540811,3,42.38883757613427,-11.0,3639.7650646448146,28.807348882497575,5.0,4.0,0,0,30,30,in_app,9,1,2,0,0
CUST_01577,374.07396888439433,7,24.059272023414373,5.541147880448422,2099.987720662507,33.6457579840418,2.0,2.0,0,0,10,7,email,9,2,0,0,0
CUST_01578,67.56140518250696,3,63.43613877613521,8.85963346026093,428.5834675068212,33.59958464347514,6.0,3.0,0,0,20,7,in_app,11,6,3,0,0
CUST_01579,353.2461911862749,7,42.43515879836754,12.468123714336468,3497.680250845218,12.001192132737945,4.0,5.0,0,0,10,30,email,4,0,5,0,0
CUST_01580,110.43149173681599,2,36.19549975043829,79.72161738577259,266.47486877336337,18.070902215820386,4.0,3.0,0,0,10,14,email,14,3,4,1,0
CUST_01581,179.75337498817763,10,14.206516042803225,21.300952893784462,12768.346027587848,49.30680034758497,3.0,2.0,1,0,20,14,in_app,14,4,3,0,0
CUST_01582,191.34921839961612,2,47.03740719516074,51.221250267960706,600.0380734892324,22.2762734466456,3.0,0.0,0,0,20,14,email,10,5,0,0,0
CUST_01583,109.5315834207819,1,22.258240705926305,17.720722505150196,81.26601162270035,53.04194031139487,2.0,3.0,1,0,20,14,in_app,4,1,4,1,0
CUST_01584,354.22290070280815,3,14.017363095859945,4.701212582721986,496.52710160200047,22.181975423996057,2.0,7.0,0,0,30,7,email,18,1,3,0,0
CUST_01585,162.18439833392372,3,42.87582244605028,5.084394905282896,695.3789466484807,9.72666715115758,1.0,2.0,0,1,20,14,email,22,4,0,0,0
CUST_01586,249.55615307422758,6,15.564994144322991,25.928753737439315,776.8680122560248,11.327826216430179,1.0,2.0,1,0,20,14,email,9,1,5,0,1
CUST_01587,192.7141767660212,4,9.443485887878545,8.371732852339754,242.65248115787367,25.55327841714255,3.0,1.0,1,0,20,14,push,7,3,0,0,0
CUST_01588,427.0760132923102,3,72.11634177309767,6.935870782133016,3079.9159737680247,13.902353394875519,,1.0,0,0,10,7,sms,22,0,5,2,0
CUST_01589,405.32164576491056,1,23.654675673327198,43.53199690724776,319.59173579827245,40.944363912012804,4.0,4.0,0,0,10,14,push,5,5,4,2,0
CUST_01590,234.00593796110797,3,11.626734735763263,0.1998225752424331,272.0724967267277,21.901788169085222,,3.0,0,0,30,30,email,11,5,3,0,0
CUST_01591,442.2320453806829,1,18.586674766923572,11.165561430194973,273.98743996673795,49.370720409919855,4.0,3.0,0,0,10,30,push,16,6,0,0,0
CUST_01592,685.79844661064,9,21.48530131914073,22.37993450828703,4420.375880888474,25.547339158220268,3.0,2.0,0,0,30,30,email,2,0,0,0,0
CUST_01593,29.416897718954058,6,65.79450828779228,19.986698905078935,387.09406415417214,55.6741028090722,7.0,2.0,1,0,20,14,push,19,6,1,0,0
CUST_01594,183.62197799354485,1,12.209561129544944,6.872890101301962,74.73145883467141,37.510756178153365,5.0,1.0,0,0,30,14,email,15,0,0,0,0
CUST_01595,130.7567640484264,5,14.830060429415493,11.506695978394864,323.18845206549776,13.056532745568997,3.0,1.0,0,0,10,30,sms,17,2,1,0,0
CUST_01596,170.0400832161246,7,59.634949125451364,0.08389358802580293,2366.077399438925,6.708034354440559,4.0,4.0,0,0,30,14,email,6,3,1,1,0
CUST_01597,22.560051576497937,11,25.283710197536028,,209.14732890393452,8.52293614099942,2.0,1.0,0,0,30,14,email,7,2,3,1,1
CUST_01598,27.78415882539002,11,37.96906095895278,13.388657991008019,386.8107540493018,12.680043387488087,4.0,1.0,0,0,10,7,push,23,0,1,0,0
CUST_01599,198.2125631824988,1,24.666469270562768,31.16660451223411,162.9734699593529,47.00373045601658,2.0,,0,0,30,30,email,9,1,1,0,0
CUST_01600,193.5746726315381,3,111.31255933439948,3.5498403329533685,2154.729223293504,3.7962324120379165,4.0,1.0,0,1,20,30,push,1,1,3,1,0
CUST_01601,752.0882356105303,14,15.274471515376296,26.15703441342188,5360.950154878576,12.835494611177742,5.0,,0,0,10,7,email,9,3,0,0,0
CUST_01602,334.0369629564519,5,39.223238905594705,18.991261344061787,2183.668600223367,51.78918781652185,1.0,1.0,1,0,20,14,email,9,1,4,1,0
CUST_01603,434.2892332584836,7,81.5954868601772,16.450600501707164,8268.409666033775,22.273797071015686,2.0,2.0,1,1,10,14,push,21,2,4,0,0
CUST_01604,2000.0,4,26.443447441593406,7.522732078159776,7051.585984424909,29.499306814285216,3.0,4.0,0,0,50,14,in_app,7,6,1,0,1
CUST_01605,905.7504706526696,4,21.067584229931885,6.869569784984546,2544.263244236742,25.38586966933763,2.0,2.0,1,0,50,30,push,18,3,4,0,0
CUST_01606,289.54770496150053,5,52.47106204508692,18.22354596019472,2532.1459320079025,25.799435246805803,3.0,4.0,1,0,10,7,push,4,6,3,0,0
CUST_01607,211.8206898428925,9,60.487630293021304,69.41616756898274,3843.759472688884,30.187125321509434,4.0,2.0,1,1,10,30,email,11,1,4,0,1
CUST_01608,186.10987563587994,13,20.492475889771715,7.796829052423413,1652.6692603705621,12.381062566533876,2.0,2.0,1,0,20,7,email,10,1,2,1,0
CUST_01609,383.27022143236695,3,79.62419120926334,37.625659106254474,3051.7581396147484,11.554154128373566,5.0,4.0,0,1,20,14,sms,8,3,2,0,0
CUST_01610,213.30594413351585,5,34.148977880933,13.248101951046843,1214.0299946811606,7.239386247866324,5.0,,0,0,20,30,push,18,0,4,0,0
CUST_01611,106.56655905940285,4,44.93678739556922,30.393136436900875,638.5011743906342,64.15421318960856,4.0,3.0,0,0,30,7,push,14,6,2,0,0
CUST_01612,192.00213810144228,3,80.88017305196257,3.672987599403679,1552.9166155991468,2.484996606272531,4.0,0.0,1,0,10,30,email,22,1,2,1,0
CUST_01613,391.24427251756794,15,52.523891142876984,21.54690277503378,10274.835789993416,45.71230073955458,2.0,3.0,0,0,10,14,email,9,1,4,0,0
CUST_01614,489.15634977517436,2,33.11050139481528,27.022012567989293,1079.7474667675774,12.29953994089281,2.0,1.0,0,1,20,14,push,4,0,1,0,0
CUST_01615,967.2418157248111,1,22.13244731555818,26.771978877815815,713.5809509311406,42.23342024359715,4.0,1.0,1,0,10,14,email,7,4,5,1,0
CUST_01616,323.3707417352997,0,168.19153014408903,23.03663589671265,0.0,51.17611766371579,1.0,2.0,0,0,30,14,email,16,1,1,0,0
CUST_01617,713.127929977926,12,20.626781271452852,-2.0,5883.813532087449,15.676736608463953,2.0,2.0,1,0,30,30,email,15,0,2,0,0
CUST_01618,256.9927468927378,1,40.07999998443106,11.070606138006754,343.34230971532753,40.89166906937816,5.0,1.0,0,0,20,14,push,14,1,2,0,0
CUST_01619,285.32985718524407,10,44.96991148284625,5.343799353597345,4277.086140344529,33.69444390812089,2.0,4.0,0,0,20,30,sms,16,2,3,1,0
CUST_01620,273.7932542536586,6,46.26499747716834,6.300290542012514,2533.408843462245,20.82280140087049,,1.0,0,0,20,30,push,4,0,3,1,0
CUST_01621,352.7120564474437,3,118.7250314275464,5.3762658595030715,4187.574998659727,62.898790268946925,1.0,0.0,0,0,10,14,in_app,8,2,3,0,0
CUST_01622,550.6896494435828,0,34.07425919951896,5.015884026867285,0.0,23.68319281567574,6.0,2.0,0,0,20,14,push,13,6,5,0,0
CUST_01623,206.1049952976053,4,31.279422038670873,17.734230024496018,859.579350958943,18.722145326275765,1.0,2.0,0,0,10,30,in_app,10,3,1,0,0
CUST_01624,137.1729236377787,9,84.04621570956213,15.758637526205147,3458.6595388716128,37.6722147435838,1.0,1.0,0,0,10,14,email,11,3,0,0,0
CUST_01625,581.249727878217,5,30.52266469372271,3.427321519357314,2956.881757890731,15.079290289456354,3.0,2.0,0,0,20,14,sms,6,2,4,0,0
CUST_01626,553.094249804794,4,56.01472501188037,,4130.856307795707,50.318214830287346,2.0,2.0,0,0,20,14,email,14,3,4,0,0
CUST_01627,788.8363369431623,6,37.212097244448266,5.1599476110032425,88062.76344084993,33.99270628607979,3.0,3.0,0,0,10,14,sms,8,3,5,1,1
CUST_01628,180.39737429608624,17,57.54601851372667,3.379406693793605,5882.6520299398135,8.602221663276314,2.0,1.0,0,0,10,30,email,18,1,1,0,0
CUST_01629,249.756806993595,4,51.175912699150224,,1704.204340096364,38.45061797005158,2.0,1.0,1,1,20,14,email,13,2,3,2,0
CUST_01630,596.2822567729255,7,26.00094127781182,6.761678537907743,3617.5766534492536,4.940199278870547,2.0,0.0,0,0,30,30,push,23,5,3,0,0
CUST_01631,204.12911076702218,2,10.952770380027799,,149.05195187403027,46.20544864683118,4.0,3.0,0,0,20,7,email,13,4,6,1,0
CUST_01632,474.8036695239011,8,12.129673080497227,3.349477708534867,1535.7902103320973,44.60725236066775,8.0,3.0,1,0,30,14,in_app,2,3,2,0,1
CUST_01633,257.8728627520253,4,10.97667805630722,,377.4116525183039,15.397713567231774,0.0,6.0,1,1,50,30,email,6,2,2,0,0
CUST_01634,381.7805569935438,1,31.35212386403074,3.497783963112882,398.9877103913411,45.256063842048356,4.0,2.0,1,0,30,7,sms,7,3,4,0,0
CUST_01635,104.5257925919847,6,8.072188684528083,2.7386084512398754,168.75038404046964,25.137370787766738,6.0,2.0,1,0,30,14,push,1,2,3,2,0
CUST_01636,320.2397206099227,6,30.084371203086665,7.329323815388101,1926.8421257603356,14.052006220314405,0.0,1.0,0,0,20,30,push,21,2,2,0,0
CUST_01637,676.5709178769587,0,35.88288382923241,23.41413397552252,0.0,4.664411871494957,,0.0,0,0,20,30,sms,14,5,0,0,0
CUST_01638,519.3410960236156,5,55.353277237882814,2.9135016048819695,4791.205278203518,107.9268407625959,2.0,3.0,0,0,10,30,email,19,1,4,1,0
CUST_01639,129.10594678291912,5,44.81880490064336,1.8669024992274976,964.395706729416,28.362647964825616,2.0,2.0,1,0,20,14,push,13,0,1,0,0
CUST_01640,916.7979839792052,1,56.89065208614082,0.48238955778606346,1738.574504661209,27.470722937498532,6.0,1.0,0,0,20,7,email,20,6,4,0,0
CUST_01641,648.8350798906705,8,42.45068607326973,8.066934926923562,7344.931810603663,35.80050798996475,5.0,5.0,0,0,20,30,in_app,14,1,4,0,1
CUST_01642,109.36183506183937,2,27.27239656856288,,198.83728901814985,51.83062684069954,3.0,1.0,0,0,10,7,email,4,0,3,1,0
CUST_01643,193.10137630092504,3,31.075204979293314,,600.0664850334897,20.001154374914236,4.0,0.0,0,0,20,14,push,1,6,0,0,0
CUST_01644,115.3663795122363,3,19.8660773752067,60.212449668929814,229.18774218875475,15.421327673775362,1.0,,1,0,50,7,email,10,6,1,0,0
CUST_01645,389.5965309629904,8,37.97210901715422,3.2373698030781797,3945.0138523818055,16.506212313463887,2.0,2.0,0,0,30,30,email,15,2,0,0,0
CUST_01646,186.0222580807829,0,12.800479994260446,,0.0,129.3425391123945,1.0,2.0,0,0,20,14,email,20,1,1,0,0
CUST_01647,38.925720942758055,6,62.77904079107862,64.43021805781228,488.7438845775103,8.935007180431716,1.0,2.0,0,0,20,30,in_app,21,1,1,0,0
CUST_01648,284.3318573242265,3,18.65368414785242,0.46644867320765826,530.383665969836,43.73726244336009,5.0,3.0,0,1,30,14,email,19,5,1,0,0
CUST_01649,565.525411691575,14,36.31777144679423,17.8933884964852,9584.690569612121,55.29909941823481,7.0,2.0,0,0,20,30,email,4,3,3,0,1
CUST_01650,325.2520998284028,1,40.16062352101165,6.956338658321348,435.41090435423274,43.6558933558319,3.0,3.0,0,0,20,30,in_app,17,1,1,0,0
CUST_01651,444.8443450617349,11,66.52872117521416,35.482492184184935,10851.472646293736,18.1692045517246,3.0,0.0,0,0,30,30,email,9,2,1,0,0
CUST_01652,348.86839596057314,2,12.07698995006544,36.446298081954666,280.8853407940862,41.632043343946435,2.0,1.0,0,0,10,7,email,20,1,3,1,0
CUST_01653,504.4379831531989,15,27.24103505731994,7.346061659437121,6870.706391660028,33.32892178115281,5.0,3.0,0,1,30,14,push,19,3,0,0,1
CUST_01654,372.21928613410324,3,46.05833298129931,3.7550903876350943,1714.379982282605,23.31796279810406,2.0,4.0,0,0,50,30,email,15,6,2,1,0
CUST_01655,272.3789281504559,3,94.69963139188107,,2579.418409476383,35.25768923311278,3.0,1.0,0,0,10,30,email,21,3,1,0,0
CUST_01656,322.225086826904,1,32.35289036586154,50.41794649503707,347.4970969080347,42.58000772654664,3.0,4.0,1,0,10,30,sms,12,2,5,0,0
CUST_01657,808.3513296588795,15,23.182381572549158,4.956726613980772,140546.31726622212,53.82365702897943,5.0,4.0,1,0,20,14,email,7,3,2,0,1
CUST_01658,462.7997169837426,3,111.74206829179352,59.70275978274907,5171.4197580620075,39.32607230469376,2.0,5.0,0,1,20,14,email,15,2,3,1,0
CUST_01659,128.70872215864264,0,53.599321162234524,25.671353423556237,0.0,21.948705560224116,7.0,3.0,1,0,10,14,push,6,6,2,0,0
CUST_01660,318.3674412564522,5,75.5035717518193,4.668402957107794,4006.313157391609,5.072074205119882,1.0,0.0,0,0,20,7,in_app,18,4,3,0,0
CUST_01661,384.5487279242931,5,16.027012234516214,23.486301909815285,1027.194527868382,40.702170695868716,2.0,3.0,1,0,30,30,push,20,1,2,0,0
CUST_01662,265.3480531223623,5,45.271489453854066,0.7662330626423864,2002.1169314216218,43.32000925369335,3.0,1.0,0,0,20,7,push,15,1,2,1,0
CUST_01663,39.191201735920714,11,17.28786557331499,11.913199838950005,248.42848333133097,17.56938927445981,4.0,4.0,0,0,50,30,push,11,2,3,0,0
CUST_01664,141.19134049678266,2,15.13444993811588,6.6323053038675015,142.45688496293536,24.09236429039728,0.0,2.0,0,0,20,30,email,22,4,2,1,0
CUST_01665,213.78555283079805,19,46.952104925993254,8.351368092591942,6357.198415176299,44.181168571071815,4.0,4.0,0,0,10,30,push,18,4,4,0,1
CUST_01666,987.1964506620114,2,48.965131333034215,9.604175554360378,3222.5469238780415,9.437529858549567,5.0,2.0,0,0,30,14,push,11,6,4,2,0
CUST_01667,427.7114160466171,11,24.798740091650856,10.478812088213042,3889.124888283068,34.513874027965905,4.0,2.0,0,0,20,30,email,12,2,0,0,0
CUST_01668,64.95818479927107,4,78.1963004129244,16.02469219054131,677.2652977122747,12.386885961288128,2.0,,0,0,20,14,email,16,3,5,1,0
CUST_01669,278.7627406662484,5,26.53827765480276,,1232.9805019357793,28.51402897009233,3.0,2.0,0,0,20,7,sms,10,1,0,0,0
CUST_01670,725.5856467754883,6,28.1630656748159,55.76167587632871,4086.9432445683697,19.32416411412536,3.0,,1,0,20,7,email,10,4,1,0,0
CUST_01671,183.79263359215665,5,32.40707408759695,21.58142529614867,992.6969155959301,27.189680057251365,3.0,2.0,0,0,10,7,email,20,4,2,4,0
CUST_01672,611.7729290632527,6,28.623679620295242,17.46156219570577,3502.238464375231,27.57850739792359,2.0,,0,0,20,14,email,9,1,4,1,0
CUST_01673,67.32912401171046,0,71.26157602016842,,0.0,49.92887153086955,2.0,1.0,0,0,20,30,email,23,5,5,1,1
CUST_01674,5.82265356971756,4,17.72503414354753,,13.76089777723902,6.759438284634037,1.0,1.0,0,0,20,14,sms,8,6,0,0,0
CUST_01675,674.2825162599994,8,21.060391273922743,0.9088097725987038,3786.840965760203,55.18639588364107,2.0,0.0,0,0,10,7,push,17,1,4,1,0
CUST_01676,204.72905675522628,5,16.202336688599036,9.742258053412256,552.8481845812462,32.068624886790836,4.0,3.0,0,0,20,30,email,11,2,2,0,0
CUST_01677,218.4699843778024,10,102.52536627317158,16.55090759951672,7466.238389342755,58.890557473333146,1.0,2.0,1,0,30,14,email,2,0,4,0,0
CUST_01678,346.4618460523862,4,27.25640141399787,15.754184200608574,1259.1070867518094,25.95663177700726,6.0,3.0,0,0,50,7,push,18,2,0,0,0
CUST_01679,416.9649659207145,0,20.882052538013305,45.819952630208746,0.0,10.919360757689342,3.0,2.0,0,1,20,14,push,19,2,5,2,0
CUST_01680,13.709134430437937,0,27.87179894912209,,0.0,27.224022278610665,2.0,4.0,0,0,30,14,push,17,2,0,0,0
CUST_01681,171.56151593476187,4,55.11564756813628,14.824206694563939,1260.7632064687377,44.390691006027346,2.0,3.0,1,0,50,14,sms,22,0,3,0,0
CUST_01682,313.9165025000571,11,49.31652823555177,32.82195677188168,5676.466421688232,6.565077698459061,2.0,3.0,0,0,10,14,in_app,3,0,3,1,0
CUST_01683,416.28631130558097,6,23.450519003702272,,1952.4260108505293,17.968565650045118,3.0,0.0,1,0,10,14,sms,8,6,3,0,0
CUST_01684,127.284525955883,3,26.05600594054594,9.743936516494173,331.6526364446061,3.126643906399515,2.0,0.0,1,0,10,7,email,23,4,5,1,0
CUST_01685,254.50362492753902,0,13.82830708575107,38.453968768634084,0.0,54.70832491563256,4.0,7.0,0,0,30,7,email,11,1,6,0,0
CUST_01686,183.3016090796345,14,35.98974341396777,11.985682713243005,3078.589676466953,34.53534773628457,3.0,3.0,0,0,20,30,email,7,3,4,0,0
CUST_01687,355.17777225768526,5,71.47805371772247,24.112342547135043,4231.23598079597,20.531895521434297,4.0,2.0,0,1,20,14,sms,9,3,2,0,0
CUST_01688,657.9927800147362,2,23.357863705031697,,1024.6203782986076,13.864363884258902,2.0,3.0,1,0,50,7,sms,22,0,2,0,0
CUST_01689,228.44916344850367,7,48.49631512456186,12.696504858235455,2585.086611459607,27.56288723268793,1.0,3.0,1,0,20,7,email,17,4,3,1,1
CUST_01690,80.81402570316824,2,23.353157581711944,,125.81751180390717,40.20021458937356,3.0,0.0,1,0,20,30,sms,4,1,1,0,0
CUST_01691,163.4953184940966,14,17.160505825663144,25.864312422833724,1309.309103893745,44.996076707311175,3.0,3.0,0,0,50,14,sms,7,1,3,0,0
CUST_01692,910.7302809250408,5,49.807614884908766,,7560.2171827232005,32.88381655954445,2.0,0.0,0,0,10,7,sms,4,1,3,0,0
CUST_01693,141.6999293006225,3,135.44824783308405,1.8322635683819273,1919.3007141841206,20.782679385590068,4.0,2.0,0,0,30,30,push,20,5,4,0,0
CUST_01694,98.38411130396182,7,45.88114120171989,11.915017960495732,1053.2609039733195,28.72103815755665,4.0,0.0,0,0,20,14,push,9,1,4,1,0
CUST_01695,217.1260016053121,12,25.833866543817855,10.014695676782011,2243.6816594657653,29.95613927765577,2.0,0.0,0,0,30,30,email,23,6,0,0,1
CUST_01696,278.81791563573586,0,26.853077269973568,28.175742670037323,0.0,35.33203203060317,2.0,2.0,0,0,20,30,email,23,2,3,1,0
CUST_01697,193.0399870010259,6,104.11658008198336,4.816056319461199,4019.7326531234685,31.667090718561674,2.0,2.0,1,0,30,14,email,15,2,2,0,0
CUST_01698,67.74842601338372,6,39.81278181653807,8.334147181237132,539.4506606569437,29.72133101597348,1.0,2.0,1,0,20,30,push,16,1,4,0,0
CUST_01699,381.10859397878903,6,20.91466081862903,13.925109799381769,1594.1513956261958,21.721746448503676,2.0,3.0,0,0,10,30,email,11,4,4,1,0
CUST_01700,355.4503141464957,1,31.901880630145815,10.923695991667836,377.98444972831123,65.92962905634506,4.0,,0,0,20,14,email,10,1,3,1,0
CUST_01701,491.4826853552064,5,37.678297957812944,46.52782108918146,3086.3718433199165,41.05745176442556,5.0,,1,0,10,14,push,9,5,3,0,0
CUST_01702,349.5159518453356,9,43.88305352028625,48.531683112668034,4601.348166306797,39.0495738208738,6.0,1.0,1,0,10,7,in_app,22,0,3,0,0
CUST_01703,861.4270913350987,12,82.04134179586636,1.2763845067685125,28269.05377297673,29.507553521396208,1.0,3.0,0,0,10,30,in_app,9,4,0,0,0
CUST_01704,518.5870196572183,2,71.20329507265637,,2461.6736387668243,22.585155079234966,2.0,2.0,1,0,20,30,sms,23,2,5,0,0
CUST_01705,447.73958521413584,8,37.29813278032397,0.11345018757986039,4453.293466753071,21.04709821402477,1.0,3.0,1,1,10,14,email,18,1,4,0,0
CUST_01706,674.3901422983495,18,32.301151267319035,8.115673635171904,13070.146799740676,58.408608884882916,2.0,4.0,0,0,20,30,sms,7,2,2,0,1
CUST_01707,333.8130193954201,15,41.99671687819813,16.276813008059058,7009.5254329029585,29.060209555423576,1.0,,0,1,20,14,push,9,6,3,2,1
CUST_01708,258.8525215725841,17,22.990013008662988,9.559579959249904,3372.2462750247246,25.580048211715184,6.0,6.0,0,0,30,7,email,5,5,2,0,0
CUST_01709,377.95705467096303,11,59.62086556567412,1.0431754692748108,8262.513140249732,30.407730668373155,5.0,,1,0,10,30,email,5,1,1,0,0
CUST_01710,36.65761223305922,0,29.3096531509951,,0.0,16.654120934228896,2.0,0.0,1,0,20,30,push,12,3,3,2,0
CUST_01711,334.61915850055567,3,44.45781604213603,2.854544121520037,1487.6436992792064,40.52722248706057,2.0,,1,0,20,14,push,7,5,5,0,0
CUST_01712,278.58077303159075,5,92.5687991096285,10.734827627589238,4297.981269094389,18.08347533821332,1.0,2.0,1,0,20,14,push,22,4,2,0,0
CUST_01713,408.45442164730514,1,46.1401674686879,16.98315730412218,628.205180604424,13.506890174514211,4.0,2.0,0,0,20,30,email,9,3,1,0,0
CUST_01714,613.0240723253573,9,38.03177139024272,5.7040985911750965,6994.317412618083,30.456497626799894,4.0,1.0,0,1,20,30,sms,2,5,5,2,0
CUST_01715,457.06101748173137,6,24.27792559366385,2.0968652518949455,2219.2986748371527,12.98518238233613,7.0,2.0,0,0,20,14,push,4,0,3,1,0
CUST_01716,163.8907544855133,1,31.59995085881011,24.036759313109247,172.63132626518444,25.645707991766475,5.0,2.0,0,0,20,14,email,9,6,0,0,0
CUST_01717,545.9656175348853,7,16.749520671926245,29.317194300346152,2133.754559314359,55.436426109245694,6.0,1.0,0,0,20,14,sms,12,5,2,0,0
CUST_01718,869.727301689742,6,45.60056414542148,4.854576630302181,7932.011121945483,36.136547837371616,,4.0,0,0,50,30,sms,1,0,1,5,0
CUST_01719,623.8967607712059,9,9.201653009959719,8.190257236531986,1722.2644519963455,57.735523883512286,4.0,1.0,0,1,20,14,sms,9,0,4,1,0
CUST_01720,88.66732221802482,11,59.20724637086888,1.2822425935907984,1924.9075969228643,12.243723163783207,0.0,4.0,0,0,30,14,push,17,2,3,1,0
CUST_01721,453.6377429490131,1,51.367729039549296,3.875679895571136,776.7446887305873,26.609809882258922,2.0,6.0,0,0,20,30,in_app,4,6,1,0,0
CUST_01722,102.91265782563816,8,35.12486047162426,21.85077671926098,963.9447325038802,79.3963641743451,2.0,2.0,0,0,20,30,in_app,4,3,2,1,0
CUST_01723,238.89730924500935,5,24.051319585624853,6.816629487534485,957.6325887995952,23.424444289480697,1.0,,0,0,30,30,sms,8,0,5,0,0
CUST_01724,399.77267741324977,2,32.79394998138833,13.921361137051314,874.0083458010537,21.130074298040388,2.0,4.0,0,0,20,14,push,4,5,0,0,0
CUST_01725,362.31364692141625,2,11.422464470374457,43.832900770519515,275.90098393944487,13.79351181400121,2.0,2.0,0,0,10,14,sms,9,3,1,0,0
CUST_01726,615.640607237661,3,54.28675974600255,19.29064680844584,3342.1133734994023,50.59736611393828,4.0,0.0,1,0,30,14,email,17,2,1,1,1
CUST_01727,872.5302499930614,3,30.01524071345947,9.062002220219863,2618.9205483316705,14.223206578318583,4.0,2.0,1,0,50,14,sms,23,1,7,0,0
CUST_01728,429.2354846458892,0,82.19863573108901,6.8564368734223535,0.0,18.501048661230495,2.0,3.0,0,0,30,30,push,2,0,3,1,0
CUST_01729,224.25559704848354,5,41.89615979573528,3.1705781823784323,1565.9080548385477,25.577876616530503,3.0,,1,0,20,14,in_app,13,1,2,0,0
CUST_01730,39.09862844826677,3,38.048446750419934,21.16741932183749,148.7642082528332,47.19493376733254,2.0,,0,0,50,14,email,6,2,2,1,0
CUST_01731,722.4522551499251,1,42.12194580357614,1.7889375162048506,1014.3698245698836,30.14163184234777,2.0,2.0,0,0,10,30,email,10,2,0,0,0
CUST_01732,279.7379512106578,5,18.44316144185788,0.9503872990414695,859.8753659321209,31.40819098301934,2.0,1.0,1,0,20,14,email,23,1,1,0,0
CUST_01733,291.3537904020612,3,25.26458669395551,,736.0933096225418,34.22333687469792,2.0,3.0,0,0,10,30,in_app,23,4,4,1,0
CUST_01734,309.7060420604288,2,35.86526793363951,4.174005735418987,740.5126786109537,41.090518762260544,5.0,3.0,0,0,20,30,push,14,6,1,0,0
CUST_01735,415.16839963233815,2,27.617826170228433,14.797616775802208,764.4032461611897,13.872711459839643,1.0,3.0,0,0,10,30,in_app,5,1,2,0,0
CUST_01736,424.0235742152846,4,23.431763509064183,29.634888461469775,1324.7493484374231,40.62915468193912,1.0,1.0,0,1,30,14,in_app,11,6,1,0,0
CUST_01737,242.0047342234404,5,27.954053273624798,73.6396096714538,1127.5022054919107,32.46662274735404,4.0,,0,0,10,7,email,19,1,2,1,0
CUST_01738,277.5567214137616,5,34.0039926714794,19.722679904435104,1573.0061201455665,74.61020446232534,1.0,1.0,1,0,20,30,sms,13,6,4,1,0
CUST_01739,180.5894786053703,1,133.11925228972265,2.366958982606593,801.3312121112587,57.09505951542611,2.0,3.0,0,0,20,30,email,16,3,1,0,0
CUST_01740,163.7769002139136,3,27.242144027988218,4.879819521253614,446.16339040848885,32.56439668227118,2.0,3.0,0,1,20,14,email,18,3,1,1,0
CUST_01741,163.07197259005443,7,22.055065706156917,2.1232243929590666,839.1980497381297,19.086202493674726,4.0,,0,0,10,30,email,10,4,2,1,0
CUST_01742,275.01150292707734,0,30.215728644486763,1.8418696553456342,0.0,27.11747545898757,2.0,1.0,0,0,20,14,push,15,3,0,0,0
CUST_01743,136.15465027455417,0,81.52884949137939,12.580665195620655,0.0,30.555806730473055,4.0,2.0,0,0,10,30,sms,4,5,1,0,0
CUST_01744,4.654887322581392,2,85.10238253590694,35.582734923252175,26.409466772524354,26.366381408656842,1.0,1.0,0,0,10,14,email,9,1,4,0,0
CUST_01745,221.0567877962164,6,106.64001807999946,17.295695821876382,4714.699969459025,18.396205404943892,1.0,3.0,0,0,30,7,push,11,4,2,0,0
CUST_01746,94.53692275460567,4,34.34942578504106,24.190412920095422,432.9718682807316,7.918649493839344,1.0,3.0,1,0,20,30,email,17,5,1,0,0
CUST_01747,326.1492071493991,8,48.66477010124469,10.642098768851174,4232.526982567663,48.43081001110482,4.0,0.0,0,0,20,7,in_app,11,3,2,0,0
CUST_01748,179.98004650170535,1,17.636759205334478,9.674532471347202,105.80882473051597,11.770011581044152,4.0,0.0,1,0,50,30,email,22,0,2,0,0
CUST_01749,418.9028131383571,5,26.787504697101863,41.5851271759091,1870.2268457621537,41.33237665899808,4.0,3.0,0,0,10,7,push,8,1,4,0,0
CUST_01750,103.76005986944686,3,16.96155196592018,19.200104582667834,175.9931647462612,19.710402321804974,3.0,1.0,0,0,10,14,sms,5,4,1,0,0
CUST_01751,49.28347226128831,6,43.98968850402182,9.224500765227,433.59291863413455,41.548408940095506,4.0,4.0,1,0,20,7,sms,6,0,1,5,0
CUST_01752,278.10219774696407,17,33.88754889619263,6.065091175642731,5340.381033763696,6.756750670619542,4.0,1.0,0,1,20,14,push,9,3,1,1,1
CUST_01753,213.348057242193,13,37.92891674477979,1.4663010671719534,3506.559637013182,19.835536399958677,4.0,1.0,0,0,20,7,in_app,12,1,2,0,0
CUST_01754,86.21665695659914,7,19.930944200190517,25.804110130798016,400.95518841675386,10.780670088866179,4.0,0.0,0,0,10,14,in_app,8,4,3,0,0
CUST_01755,518.8790788186195,0,55.169617536925706,2.7827262322700506,0.0,19.74791456974236,4.0,1.0,0,0,20,14,email,20,1,1,0,0
CUST_01756,122.17374785997895,3,7.8129517901587215,10.854585394962346,95.45376020530227,71.55213460377512,0.0,1.0,0,0,20,14,email,16,0,1,0,0
CUST_01757,156.91953529508314,2,28.468069497940135,15.211829927655323,297.81308242432647,51.42979081902539,1.0,1.0,0,0,50,7,sms,7,4,2,1,1
CUST_01758,588.5070823301298,0,31.062870969724006,20.44324469614174,0.0,38.924320791477314,2.0,,0,0,10,14,email,18,5,2,1,0
CUST_01759,436.4814156125111,2,9.845736294067061,1.3053379704111143,286.49872769212465,9.619104577248454,1.0,1.0,0,0,20,30,in_app,13,5,10,2,0
CUST_01760,109.67325746949157,7,41.69899546809626,,1067.0950887780593,57.11927560029568,2.0,2.0,0,0,20,30,email,16,5,3,1,1
CUST_01761,229.50990870553443,9,29.845722374638353,18.363066142373093,2054.9667052361924,31.687599681918456,6.0,3.0,0,0,30,14,email,22,4,4,0,1
CUST_01762,98.97772899272088,5,46.370808657368144,9.087797708572936,764.9462220770499,31.440805021171254,2.0,1.0,0,0,20,30,email,7,0,2,0,0
CUST_01763,559.2843176365722,4,109.93586577174973,,8198.054089591844,61.421054003047495,5.0,0.0,0,0,20,14,in_app,21,5,2,0,0
CUST_01764,559.022537033063,2,40.23649117503853,60.283613608122515,1499.5403585318993,34.30487338192489,1.0,0.0,1,0,20,14,sms,16,5,4,0,0
CUST_01765,957.643589802914,1,59.35858628926088,23.50675480626343,1894.8123219891272,47.022439102226954,3.0,1.0,0,0,20,14,email,6,5,3,1,0
CUST_01766,1203.9024868149768,1,75.83590444753635,12.959497340283054,3043.301131808399,6.441900198497821,2.0,2.0,1,1,30,14,in_app,21,4,3,0,0
CUST_01767,178.14518893946357,10,44.48785620975115,18.165318437993314,2641.765849999269,14.808073505122742,5.0,1.0,0,0,30,14,email,10,1,3,1,0
CUST_01768,497.9663202756136,1,19.69716369712352,2.5266961667884678,326.9508042041,12.724017881809294,1.0,,1,0,20,14,push,6,5,1,1,0
CUST_01769,40.685002196469455,5,12.377738801430278,49.14169402126811,83.93138838725267,10.858346476796461,5.0,2.0,0,0,20,14,email,7,4,5,3,0
CUST_01770,345.1210945133279,3,41.455761043441484,84.26577426161276,1430.7257625195502,12.304984966945863,1.0,3.0,0,0,10,30,email,17,4,4,1,0
CUST_01771,410.12231448942657,5,26.04550776007142,15.680858364986793,1780.3073207688021,24.361477449940956,3.0,2.0,0,1,10,7,email,22,3,0,0,0
CUST_01772,128.6561294648101,3,71.53312581714444,16.553434863486046,920.3175096153085,32.72772379771858,4.0,1.0,0,0,20,14,push,7,4,1,1,0
CUST_01773,168.57760163841203,3,24.90145171087444,18.284191487148227,419.7827006733945,14.424100661014794,3.0,4.0,1,0,20,30,push,21,0,0,0,0
CUST_01774,561.6463250480958,4,32.83239772239288,16.439616617479256,2458.6927364399244,35.090111896329255,6.0,0.0,0,0,10,14,push,3,6,4,0,0
CUST_01775,417.5459680765037,6,16.520360369579475,8.658243309187268,1379.6019726977536,48.02396276496278,2.0,2.0,1,0,20,14,email,4,5,3,0,0
CUST_01776,878.137348633116,5,26.942376914171753,11.669999280646536,3943.1845715474756,23.104336104732663,5.0,1.0,1,0,10,14,in_app,9,1,2,0,0
CUST_01777,811.4350870353562,1,18.808313883719933,4.984464583178719,508.72419377415275,12.470666240452895,3.0,2.0,1,0,10,30,push,13,0,1,0,0
CUST_01778,56.221879282007734,6,19.86747101954418,8.88183449528663,223.39731145992,28.78820189387415,5.0,1.0,1,0,20,30,in_app,13,6,4,1,0
CUST_01779,193.88712723393832,12,32.08252377870246,8.593263163815182,2488.155347946854,5.373463098267357,6.0,2.0,0,0,20,7,sms,2,4,1,0,1
CUST_01780,116.15672470984198,2,23.00816653161775,5.0981191405688815,178.1702177260882,35.926287714227044,82.0,1.0,1,0,30,30,push,1,2,4,0,1
CUST_01781,512.6984223208608,1,160.37950633478735,23.176173729554137,2740.877329014799,28.390887248268758,1.0,3.0,1,0,30,14,in_app,15,2,5,2,0
CUST_01782,370.8866347699681,11,54.682104062820954,7.906154576481861,7436.315904600317,12.443185762613302,3.0,3.0,0,0,20,14,email,10,2,0,0,0
CUST_01783,124.0142230407958,6,63.48374873223404,12.03490065623093,1574.577554949022,35.43754315124757,3.0,1.0,1,0,10,30,push,11,1,1,0,0
CUST_01784,143.1028008255532,2,30.98379115132251,2.5456506764710105,295.59115292988287,27.38482258432241,2.0,2.0,1,0,20,30,push,1,2,1,1,0
CUST_01785,694.1547091765816,1,35.284765805646515,9.6644095665433,816.4362115394116,21.471288905972806,3.0,1.0,0,0,10,14,email,23,4,3,0,0
CUST_01786,212.98859621995956,1,25.591089707697357,21.497980434584235,181.6870090860505,32.919205035645724,1.0,2.0,0,0,20,30,push,13,6,2,1,0
CUST_01787,32.54683979618124,1,159.91277978892046,8.818992389633882,173.48852083840012,9.165068747438255,0.0,2.0,1,0,20,14,email,21,3,2,0,0
CUST_01788,113.61865312289451,3,31.021537112929202,12.2379069538979,352.46252645729015,34.63901587397669,2.0,2.0,0,0,10,7,push,9,1,3,0,0
CUST_01789,999.4472251545595,1,23.051927775538513,18.145164897534364,767.9728416575095,24.045647739931493,5.0,3.0,1,1,20,14,email,13,0,4,0,0
CUST_01790,600.2855852852867,1,21.06467501547507,7.3892751679903235,421.494025683627,75.87062519404779,2.0,2.0,0,0,20,30,sms,10,6,5,0,0
CUST_01791,92.66665569274326,6,40.496275874493755,6.537686875944647,750.5308906600116,16.1511362904884,3.0,1.0,0,0,30,14,push,4,1,3,0,0
CUST_01792,345.0024562329089,8,77.68119641029072,1.3446363868226086,7146.720950576354,22.01319972120909,2.0,0.0,0,0,10,14,email,10,0,1,0,0
CUST_01793,574.9936557814254,2,63.572164098915174,13.09388580055264,2436.9060694114614,29.191018767938715,2.0,1.0,1,0,30,14,push,7,0,5,0,0
CUST_01794,55.31541413022667,5,21.035358658598014,18.411618137951674,193.92992926303307,55.07830624357371,4.0,3.0,0,0,20,14,email,7,0,1,1,1
CUST_01795,619.4089184323285,1,20.7269335297978,13.057306111237107,427.94824933702733,3.4979254018613974,4.0,1.0,0,0,20,30,email,17,2,4,3,0
CUST_01796,414.6794554764194,2,69.94862929123731,5.001186087158787,1933.7506337208138,28.25611577874679,2.0,2.0,0,1,50,14,email,9,4,3,1,0
CUST_01797,159.8459316354897,8,116.84272785338734,4.56402045818886,4980.489250281782,11.996721011124599,4.0,4.0,0,0,20,30,email,17,5,2,0,0
CUST_01798,463.15013325024313,1,30.356130648367035,,468.64819849176604,47.270933243705365,2.0,1.0,0,0,30,30,email,23,4,3,1,0
CUST_01799,374.75655017554277,11,68.3043903587052,0.7219613125158922,9385.756487313056,18.562243656578083,,3.0,0,0,20,14,sms,8,1,0,0,0
CUST_01800,393.79234736580133,2,13.740492585468804,8.349851004807306,360.7267219462766,8.765654359792544,5.0,1.0,1,1,20,30,email,7,2,4,2,0
CUST_01801,335.7454708766015,6,19.963094609388765,2.6245951369887286,1340.5037199566752,9.366590771958712,3.0,4.0,0,1,10,14,email,17,1,4,0,0
CUST_01802,138.30316651950125,2,18.06978225493726,17.606392904251962,166.60720694504778,21.694007443359027,4.0,1.0,0,0,20,14,email,13,2,3,0,0
CUST_01803,163.06471380763676,5,42.4076290759458,48.94751432006819,1152.531316421586,8.088321170236883,0.0,5.0,1,0,20,30,push,18,5,3,0,0
CUST_01804,248.00021558429313,5,29.743612015778357,1.1448198874414008,1229.4036986947674,12.322349227426466,8.0,3.0,0,0,20,14,push,5,4,2,0,0
CUST_01805,310.8175503357996,3,38.200766727315624,33.517699397391965,1187.346873513356,14.752057390723792,1.0,2.0,0,0,30,14,email,15,4,0,0,0
CUST_01806,482.71714761139276,5,68.8182927993643,,5536.628333932465,38.945590352695746,2.0,1.0,0,0,20,14,email,17,4,2,0,0
CUST_01807,1014.9728888774046,1,22.378491344088367,29.521613457495516,757.1187336075787,46.08153814892319,1.0,3.0,0,0,20,14,sms,5,4,3,0,0
CUST_01808,357.0612276626167,8,35.03669230652859,2.525549339963461,3336.065164855055,30.25071559820201,2.0,0.0,1,0,20,7,in_app,5,4,0,0,0
CUST_01809,476.70282022586196,4,14.838730207638083,35.54402479734891,943.155271806902,43.14557797203689,3.0,2.0,0,0,30,7,email,22,6,1,0,0
CUST_01810,554.969374124731,5,66.57115858321164,47.505576572413354,6157.492368947195,28.88373407813351,4.0,4.0,0,0,20,14,push,6,0,3,1,0
CUST_01811,500.71546452403965,2,63.9338035274362,35.58129605878801,2134.1762754685933,11.57761860295105,3.0,3.0,1,0,30,14,email,16,2,2,2,0
CUST_01812,133.4781639671199,3,41.1462539295222,23.091657336036754,549.2126428637516,57.75704100696137,2.0,2.0,0,0,10,7,sms,12,3,2,0,0
CUST_01813,738.0695695213348,1,35.58633305885338,1.419676260235249,875.5063173863584,27.058730254625434,4.0,1.0,0,0,30,14,push,19,2,3,0,0
CUST_01814,662.3664165800362,5,24.39824587295108,3.7409860458118556,2693.4297816175444,43.3912802099524,0.0,4.0,0,1,20,14,email,2,6,0,0,0
CUST_01815,332.3023265158964,4,14.334518120511582,36.65103779900944,635.1191627907031,31.309363322480493,6.0,4.0,0,0,20,7,push,0,5,2,0,0
CUST_01816,141.0061012237734,2,39.77844428756347,,373.9335561157603,26.705331641550817,3.0,3.0,1,1,10,14,email,17,6,2,0,1
CUST_01817,307.03293837108197,3,52.12895155199876,6.409083187080132,1600.5305169213952,22.946602801951993,5.0,3.0,1,0,30,30,sms,20,6,2,1,0
CUST_01818,63.77647222019617,6,111.23254019163046,0.7769312204935663,1418.8038019026749,60.43669475700744,1.0,1.0,0,0,20,7,email,14,6,5,1,0
CUST_01819,802.5273697865665,7,26.150551771883922,14.836672025599471,4896.857824123403,46.13147976791742,2.0,3.0,0,0,10,14,push,9,5,3,1,1
CUST_01820,176.49345999068112,5,38.943386797322056,12.427663955980522,1145.5421799357966,4.757535134706824,2.0,1.0,1,0,10,14,sms,10,5,3,0,0
CUST_01821,237.92039146891787,9,64.62766241175306,48.96267540699951,4612.871622217607,25.318516670062756,1.0,1.0,1,1,20,14,email,18,0,5,2,0
CUST_01822,765.1108925217746,7,65.80657302350828,,11748.176024623675,42.74660041201867,1.0,3.0,1,0,10,14,email,11,1,3,1,0
CUST_01823,705.3311805809346,7,22.79445776508163,10.576592804896393,3751.449754767699,16.229818156574687,0.0,1.0,0,1,10,7,sms,16,5,6,3,0
CUST_01824,385.604597039737,3,28.008397167246468,14.098661384432427,1080.0166703404984,23.633680703279193,1.0,3.0,0,1,10,14,sms,22,6,3,1,0
CUST_01825,882.5044593536061,4,24.165103983358673,7.9959872065389215,2843.441603474349,25.04771155566195,1.0,1.0,1,0,10,14,email,7,6,2,2,0
CUST_01826,129.55810993032318,4,19.27662571105716,2.1313899662670934,332.9924257278451,11.16982581988681,,2.0,0,0,50,30,email,5,6,2,1,0
CUST_01827,385.75004649373864,0,80.07803908959184,30.3505232280544,0.0,21.045012497404784,3.0,2.0,1,0,20,30,in_app,20,1,1,0,0
CUST_01828,130.56727110369724,5,34.385270357181064,11.962242690194044,748.2651527833307,39.96102996461854,2.0,,0,1,20,14,push,16,2,2,0,0
CUST_01829,635.4049049234482,7,31.672624342259738,8.311011381087116,4695.8195337362495,62.85238455035464,3.0,2.0,1,0,20,14,push,11,6,2,0,1
CUST_01830,620.4050988503182,6,38.421795798730926,1.0638292757627155,4767.4156041036795,29.535633975187764,5.0,1.0,0,1,30,14,email,13,5,4,1,0
CUST_01831,923.5800575183715,3,34.201078515261564,16.42154857727525,3158.7434062315615,36.50543009835193,2.0,2.0,0,0,20,30,email,21,2,5,1,0
CUST_01832,299.9271149751772,2,29.003414825400448,7.654009338849285,579.9273688673759,5.694931067817014,2.0,2.0,0,0,10,7,email,22,3,1,1,0
CUST_01833,1092.725726963455,5,20.96942864251544,4.389331138621315,57284.585393502435,14.791262420147655,3.0,0.0,1,0,20,7,in_app,0,0,5,2,0
CUST_01834,120.57939040247797,0,84.70446153755341,31.403505183088093,0.0,17.498813919270866,5.0,0.0,0,0,30,14,email,17,3,4,0,0
CUST_01835,287.6471801662641,0,23.51965941482258,3.04334763531752,0.0,40.918313739069575,3.0,3.0,1,0,20,30,push,23,3,3,0,0
CUST_01836,124.73384605065968,14,18.947893418443957,10.854710506719378,1102.9403562988985,76.46040476021707,3.0,5.0,0,0,20,14,email,6,2,3,0,0
CUST_01837,347.9238460666193,0,31.552934932039214,23.826600189316675,0.0,81.54833872207523,2.0,,1,0,10,30,push,5,6,0,0,0
CUST_01838,135.1380608296088,2,120.84504806874774,28.364561264835746,1088.7176971247623,30.242897293104715,1.0,0.0,0,0,10,30,sms,4,4,0,0,0
CUST_01839,636.5768180278976,8,20.227762002296434,25.61447919162682,3433.739832332661,12.5942369646905,2.0,1.0,0,1,30,14,in_app,10,5,3,2,0
CUST_01840,424.52008909393584,3,50.6920519095144,34.041075642513015,2151.979439298147,19.22636377197452,1.0,0.0,0,0,30,30,email,18,3,2,1,0
CUST_01841,111.04598653489697,6,28.56553830888207,2.303516853434094,634.4176764820403,52.108936073292234,2.0,0.0,1,0,20,14,email,12,6,3,0,0
CUST_01842,538.7909599371679,16,38.35497896094291,42.31623411870922,11021.501830792698,29.233674333732175,3.0,3.0,0,0,30,30,push,9,4,1,0,1
CUST_01843,841.8516990239098,8,57.58767280392925,0.1629256177825838,12928.074718085558,11.174591203501201,2.0,0.0,1,1,30,14,email,13,5,2,0,0
CUST_01844,454.1525337286589,3,11.801028811475613,,535.9467135336554,58.33469311729472,5.0,3.0,0,0,20,30,email,9,0,4,0,0
CUST_01845,81.38232566796488,1,19.34038380030042,1.3167182183915662,52.4655137659827,2.787440914079529,3.0,4.0,0,0,20,30,email,11,1,2,0,0
CUST_01846,266.69710034379915,6,57.10020329316451,43.65244120513651,3045.6917294656855,14.872136997148774,5.0,1.0,0,0,20,14,email,11,5,1,0,0
CUST_01847,495.8085500107363,1,35.109461426156585,8.27303867428873,580.2523720453526,29.76377982866081,2.0,3.0,0,0,10,14,in_app,21,4,1,0,0
CUST_01848,247.06581325837408,14,37.60453986782042,5.680947148088112,4335.704904836668,19.974358681651406,1.0,3.0,1,0,10,14,email,12,6,1,0,0
CUST_01849,119.11601955312871,13,50.74586669782579,2.7423996084668056,2619.346448254761,25.28204507687011,3.0,2.0,1,0,30,30,sms,15,4,2,0,1
CUST_01850,686.2098778619722,0,19.41875021941653,,0.0,32.78906895604536,2.0,2.0,1,0,50,14,push,8,3,5,0,1
CUST_01851,238.64868810248385,7,62.367451124800866,14.276114190194015,3472.912424620218,9.1736851140623,2.0,3.0,0,0,30,14,email,9,5,4,0,0
CUST_01852,842.1952908762487,0,54.156079292644804,0.7234304480090064,0.0,42.02023221818328,2.0,3.0,1,0,10,30,email,23,2,1,0,0
CUST_01853,194.7659746600159,8,38.20591415173262,13.533242741062555,1984.3232286770929,52.41331834885453,3.0,0.0,1,1,20,7,push,14,6,0,0,0
CUST_01854,227.5486637404193,2,43.85457471018064,22.351466159331697,665.2699916137327,25.490040867970006,8.0,2.0,0,1,20,7,push,8,5,2,0,0
CUST_01855,182.08615804625256,0,66.61862989575579,13.782466850023768,0.0,43.41442361412737,7.0,4.0,1,0,10,14,in_app,3,3,5,0,0
CUST_01856,263.13329965614827,4,23.189429845890086,26.280476657747002,813.5881589991766,48.81935042515654,0.0,3.0,0,0,20,14,email,14,6,1,1,0
CUST_01857,419.5603897199852,0,49.24531376330431,4.623552300381326,0.0,3.443707379796121,3.0,1.0,0,1,10,30,push,4,0,3,0,0
CUST_01858,125.0684334307347,2,94.31255704972325,1.2046783196789714,786.3682508703787,50.36307613722827,8.0,2.0,1,0,20,7,email,5,2,3,0,0
CUST_01859,103.87806920981123,3,48.636571586228584,,505.22731493621916,32.9362915165543,3.0,0.0,1,0,10,14,sms,6,2,0,0,0
CUST_01860,53.91624773398016,5,28.97878653173142,26.415287599944158,260.40457227915977,29.099314176127866,5.0,4.0,0,0,10,30,sms,15,2,1,0,0
CUST_01861,46.409273122909454,4,133.07640197441387,10.447588317578436,823.463878059288,14.615418036100634,4.0,2.0,0,0,50,14,sms,10,2,4,0,0
CUST_01862,82.39699124696614,7,38.034312067063446,25.77347639425724,731.2463383106478,10.724018745195755,2.0,1.0,0,0,20,14,sms,17,4,2,0,0
CUST_01863,193.63856619395133,1,76.64274576495622,9.185101934835883,494.6997133031219,68.8182124960732,4.0,2.0,1,0,30,30,email,6,0,1,0,1
CUST_01864,343.23009916523347,19,25.715171585573234,3.319571779262707,5589.939899132621,20.04305068168547,3.0,4.0,1,0,10,30,email,21,4,3,0,0
CUST_01865,403.0182741132652,3,62.84563608050433,9.64805144775035,2532.79397887152,7.10862579187416,3.0,1.0,0,0,10,30,email,6,6,3,1,0
CUST_01866,331.4991084220074,0,23.858605538411403,3.6492496927059532,0.0,36.81340312146844,3.0,3.0,0,1,50,30,sms,1,1,1,2,0
CUST_01867,779.2498019268181,1,40.20657514023443,9.58078185333989,1044.3655238061135,16.85610486576491,4.0,3.0,1,0,10,30,in_app,10,4,2,0,1
CUST_01868,946.3911247883784,13,23.010621979957023,2.394638274431135,9436.72098099974,25.733926118572764,1.0,0.0,1,0,30,14,push,4,6,4,2,0
CUST_01869,239.56245245015558,5,103.61618937530834,3.0788559278558,4137.09140671477,26.91178871581748,3.0,2.0,1,0,30,30,in_app,10,1,4,2,0
CUST_01870,127.0478089380326,4,29.000735759641856,,491.2639914471131,22.79127060257874,0.0,4.0,0,0,10,14,push,23,0,5,1,0
CUST_01871,1136.7689350811738,0,17.03450041700347,1.8470670004897298,0.0,27.31744264922849,3.0,2.0,1,0,10,30,push,19,6,3,0,1
CUST_01872,670.4170143925636,1,35.06035879354367,,783.502035529987,8.58260152490422,5.0,2.0,0,0,20,7,push,11,3,1,0,0
CUST_01873,637.3534341415357,7,45.70724755562675,81.12215298143039,6797.389945438405,35.0356832655782,1.0,2.0,0,1,50,14,sms,17,6,2,0,0
CUST_01874,187.1064618008973,2,32.5911054952465,12.870982420937741,406.5337623596903,13.601737943780229,1.0,2.0,0,0,20,7,email,10,2,4,0,0
CUST_01875,548.074511492962,2,20.328175164406986,13.22179090414651,742.7569781850481,13.26902255240229,2.0,3.0,1,0,20,7,in_app,0,0,2,0,0
CUST_01876,333.48887071775977,10,61.7065500162925,27.96213428494952,6859.482560274115,16.216768624266415,0.0,4.0,1,0,20,14,push,19,2,2,1,0
CUST_01877,283.13648868006635,7,70.49261958277829,11.145137333103568,4657.107650189756,13.816244298156299,3.0,1.0,1,1,10,30,push,18,5,4,1,1
CUST_01878,282.75818242301614,6,12.320020113485162,3.761227929380068,696.7172989408131,41.30986010826194,2.0,1.0,0,0,30,14,email,21,6,0,0,0
CUST_01879,433.49293885439505,9,19.565813373502305,8.234833906432533,2544.492582106842,38.47881580778408,4.0,1.0,0,0,30,14,email,4,2,6,1,1
CUST_01880,796.1377770158907,3,30.09452952916681,21.097532779642947,2395.9391839689943,16.7292797247812,4.0,0.0,1,0,20,14,push,19,3,4,0,0
CUST_01881,1197.9255405440406,4,24.08151615496432,30.88851887651241,3846.381767607424,23.546628691771936,2.0,1.0,1,0,20,30,in_app,19,0,0,0,0
CUST_01882,215.4972526572566,4,45.40275335929003,4.786638079011617,1304.5558149336039,29.701385235443194,3.0,0.0,0,0,20,30,push,9,4,1,0,0
CUST_01883,347.75721062016015,12,99.85172386630703,4.5566690627519035,13889.662786944564,33.742910006204966,2.0,0.0,0,1,30,30,push,10,4,4,1,0
CUST_01884,277.611686198211,8,26.349568372325262,5.953711228145957,1950.652828383004,19.822288707948907,2.0,1.0,1,0,50,14,email,10,4,5,1,0
CUST_01885,413.1439253796556,2,85.28796213334954,13.602931070471582,2349.080230893564,18.69869164372281,3.0,2.0,0,0,30,7,in_app,9,6,4,2,0
CUST_01886,251.2143478805899,1,13.721998654515609,4.896531986851655,114.90543145374903,24.068306851811002,3.0,4.0,1,0,20,7,push,13,0,2,0,0
CUST_01887,168.90396335960756,5,43.53167732795679,33.543104118121406,1225.4454720639123,27.405140492961742,5.0,2.0,0,0,20,30,sms,11,5,1,0,0
CUST_01888,215.74364175928437,7,23.177294357346714,57.25586740170769,1166.7492411822084,124.79585911565394,2.0,3.0,0,0,10,14,email,13,4,3,2,0
CUST_01889,189.462672542335,12,44.098861173647954,17.050317239705066,3342.035237613102,32.31347524313541,3.0,1.0,0,0,20,7,sms,14,0,0,0,0
CUST_01890,267.114955516506,5,11.541094409084373,52.74896998942061,513.7998199490613,8.179043121470178,0.0,4.0,0,0,20,14,email,16,5,0,0,0
CUST_01891,88.72055679550598,5,15.313973501706895,5.0920106020163285,226.44404263717672,22.10028118263566,2.0,1.0,0,0,10,14,in_app,8,4,3,1,0
CUST_01892,192.549130744057,9,44.043928404542335,25.324810592345237,2544.186038654432,39.05128896239486,1.0,0.0,0,0,10,30,email,6,6,2,0,0
CUST_01893,410.23647459697247,2,22.69170539480326,,620.5976815838128,39.96063978574384,2.0,2.0,0,0,20,14,email,12,1,3,0,0
CUST_01894,408.0537053607292,6,27.279334470426296,4.581415597694709,2226.2867020864232,15.838051857520657,2.0,3.0,0,0,30,14,email,10,5,1,0,0
CUST_01895,362.6023574497542,4,99.66066892446585,5.749844769513128,4818.29246627077,8.548452434673793,2.0,5.0,0,0,20,14,email,16,4,5,2,0
CUST_01896,750.4573665143764,2,35.96487909241863,10.059801091332869,1799.340563380296,25.21114727007754,3.0,2.0,0,0,10,7,in_app,13,6,1,0,0
CUST_01897,421.99960877710544,0,56.8780731130875,23.527559093239926,0.0,50.663900357483286,3.0,3.0,0,0,20,14,push,16,2,5,1,0
CUST_01898,734.1730805669116,10,20.99819979995593,30.861945039821457,5138.771011164384,4.978002254991947,2.0,2.0,0,0,30,14,sms,6,5,1,1,0
CUST_01899,1198.5017283927243,0,14.809632064617984,15.074659002655634,0.0,19.27007019615777,3.0,2.0,0,0,10,14,email,23,5,3,1,0
CUST_01900,557.6454198261961,7,31.549533643577174,-23.0,4105.139017931768,13.683308683323926,2.0,2.0,0,0,30,30,in_app,6,2,3,0,0
CUST_01901,89.16667249211793,1,13.540949058833794,4.594811228376031,40.24671233204951,41.289600913373086,3.0,5.0,0,1,50,14,in_app,9,3,4,0,0
CUST_01902,373.2913878704548,0,21.77682297731974,20.268052641263004,0.0,31.3743311047712,5.0,1.0,0,0,20,7,in_app,16,3,4,1,1
CUST_01903,333.9684566006634,3,38.19301063106965,13.932276135548173,1275.5260813391058,27.407504801406006,2.0,1.0,0,0,30,30,email,1,4,7,1,0
CUST_01904,841.2914720759517,6,30.976952547361886,-11.0,5212.1292017993965,34.21276058205502,1.0,5.0,0,1,20,30,email,19,6,6,1,0
CUST_01905,274.8265832981065,3,40.4760981718059,44.99218072135452,1112.3907765796152,67.40299748807321,1.0,,0,0,10,7,in_app,13,1,2,0,0
CUST_01906,149.12745083000974,8,47.47441990190928,,1887.9304585613897,21.910319931503874,0.0,1.0,0,1,20,14,email,21,6,3,0,0
CUST_01907,202.13118288013115,3,16.160422063073515,23.731866629629142,326.6525227451219,10.5357488695205,5.0,1.0,0,0,10,14,email,12,3,4,0,0
CUST_01908,92.64407145952062,8,18.81848134344476,11.185970147150746,464.91219475780053,24.459722001239975,2.0,2.0,0,0,10,14,in_app,1,0,3,0,0
CUST_01909,1074.6313237366883,1,8.960710160072573,40.531778596352254,320.98199403131935,59.952553911990556,2.0,,0,0,30,14,email,11,2,1,0,0
CUST_01910,304.3944357895464,3,26.514347866959312,,807.0819959290842,10.222554400379025,2.0,0.0,0,0,10,30,email,21,2,1,1,0
CUST_01911,101.79274090553236,8,51.524301727307936,11.849980865263085,1398.613305617688,23.160462713496525,4.0,,0,0,10,14,email,7,0,2,0,0
CUST_01912,891.7585629471444,4,81.02567811210474,,9634.045636675788,11.960912507328505,5.0,3.0,0,1,20,7,push,8,4,2,0,0
CUST_01913,992.1406223896611,1,37.124945215681734,3.2983625669972962,1227.7722084156183,6.27793719513013,4.0,3.0,0,0,50,7,push,1,0,2,0,0
CUST_01914,342.6043058055391,6,75.48525341156531,4.948961776334525,5172.314568724907,8.905575502902648,4.0,2.0,0,0,20,14,email,20,3,2,0,0
CUST_01915,84.24897160075051,2,41.69145593914786,9.597226514894936,234.16415249408058,34.632355301543996,3.0,2.0,0,0,10,14,push,20,6,1,0,0
CUST_01916,206.28449416597803,3,35.32071617553132,25.73637144506814,728.6116069849556,19.966698068653,6.0,4.0,1,0,10,14,push,5,5,3,0,1
CUST_01917,252.0041427991711,6,22.9478780846969,9.428787723670863,1156.5920691587853,33.60500381845954,1.0,3.0,1,0,10,7,push,6,4,4,0,0
CUST_01918,312.3083697721473,11,7.916142065374253,12.355235691319477,906.5017218846423,39.70337490172278,2.0,1.0,1,0,30,30,sms,12,2,4,0,0
CUST_01919,114.86972244674652,6,68.9866972361896,38.66606200121194,1584.896552807767,12.608881886429648,1.0,1.0,0,0,10,14,push,6,3,1,0,0
CUST_01920,589.4190610686094,9,32.074618453251745,21.19157504687653,5671.617447854861,30.455371815608956,4.0,2.0,0,0,10,14,email,6,1,2,0,0
CUST_01921,28.506377768505075,1,76.17077926083695,0.7726111525052807,72.37843361769433,36.072323294673204,3.0,3.0,0,0,10,30,email,10,1,5,0,0
CUST_01922,655.8439659629278,1,18.731753439149493,2.912194548321457,409.5035821657172,56.77889716293435,3.0,6.0,0,0,20,7,in_app,13,5,4,0,0
CUST_01923,751.2358606324605,3,142.20819218944922,0.5845043695255442,10683.189364842721,60.827268374202035,2.0,2.0,0,0,20,14,in_app,1,6,2,0,1
CUST_01924,223.62816054739028,1,28.523481125610232,1.073346510191833,212.62178721761404,3.4401369680779434,0.0,1.0,0,0,10,14,push,20,2,2,0,0
CUST_01925,285.3307597025068,2,21.860614733832506,6.206726986344338,415.83372063788283,42.24877793752067,5.0,4.0,0,0,30,14,sms,17,2,3,3,0
CUST_01926,814.5773359980067,6,29.115968581424593,19.521497123587515,4743.441624411701,41.92266138272563,5.0,1.0,1,0,20,7,push,4,0,6,1,0
CUST_01927,482.56091913497295,9,36.68154815245845,4.202712017426479,5310.324477523235,21.62736961403289,6.0,,0,1,10,30,email,13,3,3,0,0
CUST_01928,230.24387084378307,6,31.755273192598068,7.470770014844822,1462.2914039131192,25.424770734500818,5.0,3.0,0,0,10,30,email,5,6,1,0,1
CUST_01929,253.08073036719347,5,24.307908608195763,7.510027274971433,1025.3105440435288,23.549024222512628,4.0,1.0,0,0,10,7,email,16,6,2,1,1
CUST_01930,435.25073622341296,2,11.222654587034814,13.385191240505762,325.644578092531,2.486633685845906,1.0,1.0,0,0,20,14,push,6,0,1,0,0
CUST_01931,1011.8007759036361,4,20.438154089523465,33.51254682710709,2757.2453554423887,33.68333388164077,5.0,3.0,0,0,10,7,email,7,1,2,0,0
CUST_01932,259.4205967476735,18,63.09625399912732,,9821.080718997835,23.507311944666785,3.0,1.0,1,0,10,14,in_app,20,6,4,1,0
CUST_01933,224.5152844003359,6,19.534192268072044,13.918276475122209,877.1449465194074,14.51263721895881,4.0,3.0,0,0,10,14,in_app,8,5,4,1,0
CUST_01934,310.6319911229488,1,11.820446872572349,10.550098650950199,122.39363159967273,18.777887198788406,2.0,,0,0,10,30,sms,19,0,0,0,0
CUST_01935,312.0552838023573,4,17.578914628167595,17.179695675385158,731.4124257640332,23.115796350016463,1.0,2.0,1,1,20,30,push,17,2,1,0,1
CUST_01936,381.48522012191387,1,31.400136099899512,16.5407164985419,399.2895943976073,29.718362178719033,3.0,1.0,0,0,20,7,in_app,8,2,5,0,0
CUST_01937,286.04607469820525,2,20.998842132609685,11.133355460155714,400.4424243493526,47.327808176162925,1.0,2.0,0,0,20,14,sms,16,5,3,0,0
CUST_01938,682.5134613277149,7,27.997010952334104,20.03152644624123,4458.6119321117485,56.73511414316732,7.0,2.0,0,0,10,30,email,0,3,2,0,0
CUST_01939,138.8995774192465,2,20.510318012645374,10.137609192892366,189.9249669793868,16.768751291245128,2.0,2.0,0,0,10,14,email,13,6,2,0,0
CUST_01940,412.79732187775204,2,60.69409052182907,84.64776133583736,1670.290534747793,13.902024884197377,5.0,2.0,1,1,10,7,email,19,3,7,0,0
CUST_01941,424.5971069171512,2,44.456434359537965,0.7535757142283152,1258.4048941941371,28.694987319625188,2.0,0.0,0,0,20,7,push,20,0,2,0,0
CUST_01942,150.50375652194285,3,125.30812947900237,8.783658400360146,28289.01631399179,33.33931692646735,123.0,2.0,0,0,20,7,push,14,0,3,0,0
CUST_01943,409.8215745822426,10,26.336800561871797,7.588176815839031,3597.7963585749303,29.50281626231562,3.0,2.0,1,0,30,14,email,9,4,0,0,0
CUST_01944,432.64866277851166,3,27.912440761089577,22.064975940326388,1207.6280170169825,36.122191868287864,2.0,3.0,0,0,50,30,in_app,23,4,1,0,0
CUST_01945,13.562825915716079,3,67.36335758838985,,91.36374920694631,37.764953043908655,57.0,2.0,0,1,30,14,push,23,6,2,0,0
CUST_01946,126.9001749220461,5,41.871484363311104,8.539418975733728,885.5831149916497,4.20694912784421,5.0,2.0,0,0,10,14,email,1,6,6,1,0
CUST_01947,860.1646206761254,1,18.823309933345136,,539.7048416228321,21.315987342045965,6.0,2.0,1,0,10,14,sms,5,1,3,0,0
CUST_01948,184.09742283396702,8,46.24034989616936,13.864536083819765,2270.0611324868464,8.388863804823012,2.0,1.0,1,0,30,14,push,23,6,2,0,0
CUST_01949,101.54134791337214,0,42.010405533163286,11.815884860591508,0.0,15.194304132811306,3.0,1.0,0,0,30,14,sms,23,3,5,2,0
CUST_01950,43.924373347172725,3,11.28779966883348,8.562752089763007,49.58095269219344,19.74449196226386,,2.0,1,0,20,14,email,22,2,6,2,0
CUST_01951,116.01245422914275,0,22.40341897558209,20.915430274521466,0.0,4.801468277391775,4.0,3.0,1,0,20,14,email,3,5,3,0,0
CUST_01952,276.6009225517417,3,37.12134399542194,15.59490020757612,1026.7797995494266,18.263068268621012,2.0,2.0,1,0,10,14,in_app,15,2,1,0,0
CUST_01953,94.36205082901336,3,78.86738920459692,31.15698618809849,744.2088588875754,32.860153024574814,5.0,4.0,0,0,20,7,sms,3,6,4,0,0
CUST_01954,487.04735164458816,4,50.339953529607,,3269.058806467564,20.277531741557908,4.0,0.0,0,0,20,30,email,11,3,0,0,1
CUST_01955,148.04576841345218,0,23.6077071181397,2.2694537132596135,0.0,16.013725625312443,4.0,8.0,0,0,20,7,sms,23,1,3,2,0
CUST_01956,383.6376685067853,4,21.65158922994309,,1107.5153615522654,33.74092229997408,2.0,1.0,0,0,20,14,sms,20,6,2,0,0
CUST_01957,779.2822476906015,3,53.444297663556924,0.683411089027043,4164.81924095022,45.11032372171079,,1.0,0,0,30,7,sms,4,5,1,0,0
CUST_01958,747.0216212221573,2,7.723009829171299,7.34993282570145,384.61702155347996,109.99486042168624,2.0,2.0,0,0,20,7,email,12,3,1,1,0
CUST_01959,378.8069884187921,2,20.398292694059123,7.963835936182438,515.1343882881058,17.63072787398812,3.0,2.0,1,0,20,14,email,5,1,4,2,0
CUST_01960,108.73610914015687,0,77.13713419770956,28.953214499088418,0.0,29.60260920476554,7.0,2.0,1,0,20,7,push,5,0,3,1,0
CUST_01961,291.75165869794057,3,39.570761023196546,2.98356513665282,1154.4835164457409,37.058907514501044,6.0,1.0,0,0,20,14,sms,4,1,5,0,0
CUST_01962,387.99580704400364,9,21.005899118142857,15.473062038791019,2445.0602343086284,18.288089103251203,5.0,3.0,0,0,50,14,push,4,1,4,0,0
CUST_01963,1343.9192723806186,4,16.09888386931069,3.2050848534175156,2884.746706104547,30.335647110805258,2.0,3.0,0,1,20,14,push,6,5,0,0,1
CUST_01964,43.384640576206785,0,54.808253876335144,44.5422427202567,0.0,45.51270133888684,2.0,3.0,0,0,10,14,push,21,6,3,0,0
CUST_01965,292.5610124270687,0,34.69816514731679,11.309292009495447,0.0,29.364862877322786,3.0,1.0,0,0,30,14,in_app,9,0,1,0,0
CUST_01966,474.82359621586096,5,29.04289061726415,18.476007242089914,2298.3749612322085,42.46591148356571,2.0,3.0,1,0,30,30,in_app,20,2,6,2,1
CUST_01967,329.5193119573366,2,41.44587397442839,15.60000307404874,910.481058368275,16.9256493813172,1.0,4.0,1,0,20,30,in_app,1,2,2,0,0
CUST_01968,357.4112724802749,3,36.55283798347461,5.428295870359681,1306.4396336438986,20.587015004716143,2.0,0.0,1,0,30,14,email,13,4,2,0,0
CUST_01969,156.267417168387,6,34.90895841670232,34.71952510054662,1091.0265535633391,33.55822058937817,2.0,3.0,1,0,30,30,email,13,5,0,0,0
CUST_01970,582.364691496723,9,14.96161301580805,14.80265630734467,2613.9345444733235,31.856216419353583,3.0,2.0,0,0,30,7,in_app,22,4,2,0,0
CUST_01971,312.1657695585708,1,17.88826494168384,10.709986766403608,186.13679971961128,36.151961458614096,4.0,1.0,1,0,10,14,email,5,2,5,0,0
CUST_01972,356.4427347640512,5,51.881810758171646,11.273111498534568,3082.149085192279,12.603545688413394,0.0,4.0,0,0,30,30,in_app,17,4,2,0,1
CUST_01973,625.3014895481454,1,46.31615684740408,33.203582875421844,965.3853955609101,46.03984002185898,4.0,1.0,0,0,20,30,push,18,0,4,1,1
CUST_01974,236.04517672492,1,41.648774960499395,0.9140866672415026,327.6997481975834,9.000921788679953,3.0,2.0,0,0,10,14,push,12,6,2,0,0
CUST_01975,719.8174610170713,5,23.291591189819247,7.391399230373725,2794.2823388838797,23.27630981345484,2.0,,0,0,30,14,email,6,5,1,0,0
CUST_01976,91.0684526078518,4,52.41086710152028,27.642084021610035,636.3968755694958,46.408465809946414,6.0,2.0,0,0,20,7,in_app,9,5,3,0,0
CUST_01977,371.7451540380053,4,26.510824281531114,0.5735558086114357,1314.0360608283033,67.25996304234548,4.0,1.0,0,0,30,14,email,12,6,3,1,0
CUST_01978,147.61471893912199,10,72.3069373359445,15.29069158907712,3557.8560773980507,6.92043446644047,2.0,,1,0,20,30,in_app,11,4,2,0,0
CUST_01979,114.18125811831656,7,21.155633013297006,,563.6345852077837,9.875135327917892,1.0,1.0,0,1,20,7,email,16,6,2,5,0
CUST_01980,1004.0928101964422,7,24.163117931303336,3.4333404758874515,5661.136363575095,49.40343633744686,6.0,0.0,0,0,20,7,email,7,0,1,0,0
CUST_01981,96.10929983464263,18,30.238946741039655,14.178259008379985,1743.7463994110215,33.90138023737461,1.0,,1,0,50,30,email,8,4,3,0,0
CUST_01982,316.8643691500867,2,55.057620833375985,26.673263905389827,1163.0532194848236,32.1420177733483,4.0,3.0,0,0,20,30,email,21,6,6,0,0
CUST_01983,88.62958169961716,8,32.4257596412241,9.448066805853248,766.368403545072,22.152473777428902,0.0,0.0,1,0,30,14,push,17,5,3,0,0
CUST_01984,690.0832615235565,3,33.872700982102515,2.380318677584709,2337.4983970341477,83.52202851862594,3.0,0.0,0,0,30,30,email,9,4,3,0,0
CUST_01985,217.02318393568603,1,26.181296185298326,5.482518573227681,189.3982752565558,15.243968684456494,1.0,1.0,1,1,20,14,sms,17,6,1,1,0
CUST_01986,623.0523791206768,4,38.89459099500729,59.73125120161697,3231.115660581993,60.31882762661368,2.0,1.0,1,0,10,30,sms,1,2,6,1,0
CUST_01987,463.4212916324802,4,31.73949179732252,1.7664211268188914,1961.1675045964948,13.767529941152368,1.0,0.0,0,1,50,14,push,9,0,3,1,0
CUST_01988,1216.8511554299375,19,20.685202088013437,2.628074462104315,15941.514305363908,28.872222799737745,2.0,,0,1,30,30,sms,5,2,3,1,1
CUST_01989,70.8118527772296,5,35.7437307286744,69.34672540268241,421.8466330113049,12.505125699886953,2.0,3.0,0,0,20,7,push,8,1,4,2,0
CUST_01990,125.89273396180234,17,36.251663183597465,32.068958203454144,2586.16522701245,34.46861194558631,4.0,2.0,0,0,50,30,in_app,13,5,3,1,1
CUST_01991,600.1709689623005,1,135.6231914501922,,2713.236740880715,38.37859468838097,2.0,2.0,0,0,20,14,push,15,5,6,0,0
CUST_01992,385.0887758981231,0,22.951524299683328,2.455145517733133,0.0,16.819777642262988,1.0,0.0,0,0,20,7,push,23,3,4,0,0
CUST_01993,250.18323647739655,0,20.01284974422465,4.127395087084901,0.0,40.647185657714516,2.0,4.0,1,1,20,14,email,14,3,0,0,0
CUST_01994,1072.9131461180948,4,39.150788250878506,2.9800974524035677,5600.719386033787,40.55948260932672,0.0,1.0,0,0,30,30,in_app,8,2,1,1,1
CUST_01995,300.15870076319607,8,18.252428683044414,14.952544474204762,1460.9667411401347,22.290218943577177,0.0,1.0,0,0,20,7,push,18,3,3,0,1
CUST_01996,152.81959844440573,3,17.394775652422716,7.634133171025638,265.82626302337655,11.080328424581335,4.0,2.0,1,0,20,14,push,9,6,1,0,0
CUST_01997,628.2130723086149,4,13.983258408448586,0.7343740695523929,1171.2620967542343,36.52149155199506,67.0,2.0,1,0,10,30,email,4,1,0,0,0
CUST_01998,307.9769311223704,10,20.80630073700425,5.1646816816212056,2135.953549663894,54.219183550933515,5.0,0.0,0,1,30,14,push,14,3,1,0,1
CUST_01999,326.63201909136563,11,21.116766640295022,29.561845141904712,2529.0511122802777,3.5581136017297377,3.0,,0,0,10,14,push,12,0,3,0,0
CUST_02000,491.5256378215323,4,15.333541683692916,23.84764235116571,1004.9105141520283,24.737372364713508,2.0,1.0,0,0,10,7,sms,1,0,3,0,0
CUST_02001,505.1432829818916,1,28.49788169989006,15.450788431330064,479.8504506637345,29.230750812062382,2.0,,0,0,20,14,email,6,4,3,0,0
CUST_02002,124.28128624672455,2,8.007761920476947,1.3413809217148775,66.34766342896107,21.269440221302364,5.0,2.0,0,0,30,7,email,5,4,2,1,0
CUST_02003,238.6944879110117,15,44.48088155094742,32.15692604880696,5308.670621816882,108.27576376391487,0.0,1.0,1,0,20,30,push,10,5,1,0,0
CUST_02004,80.69914969579311,2,23.710633369238117,11.47022160365043,127.56186344308095,21.01814117690829,4.0,2.0,1,0,30,30,sms,23,5,2,0,0
CUST_02005,389.3130611947856,7,25.897068928163694,10.235364267921591,2352.4823420923467,55.83800799175598,,1.0,0,1,10,14,push,17,1,4,3,0
CUST_02006,992.3873708944426,3,47.09302996040595,40.78596433237264,4673.4528189860475,13.481296449820837,6.0,4.0,0,0,10,14,sms,8,4,4,1,0
CUST_02007,129.24160587066396,2,41.39029138123491,0.13325051183154757,356.6231817043668,26.781443952291205,5.0,0.0,1,0,30,7,email,22,1,0,0,0
CUST_02008,65.33618932502776,5,22.69299699295625,12.175488408116092,247.11232464734587,27.424138301029625,3.0,2.0,0,0,10,14,email,12,5,3,0,0
CUST_02009,175.67550276347026,12,43.42669974281583,23.498865705825438,3051.602924270974,3.825349055306839,2.0,,0,0,50,14,email,20,1,1,0,0
CUST_02010,248.43858949827685,6,83.87576910971521,0.9871375154947828,4167.595554140158,22.850130823995567,4.0,2.0,1,0,30,14,email,23,0,3,1,1
CUST_02011,508.2901519893811,4,18.041774081107356,6.6281728726844005,1222.7274786458847,24.706358867831305,2.0,3.0,0,1,30,14,in_app,19,1,2,1,0
CUST_02012,227.89394166529905,2,52.05312474652845,56.903725810116576,790.8394516321259,44.166375553214735,2.0,1.0,0,0,10,14,in_app,19,0,0,0,0
CUST_02013,394.47284653769475,3,16.981704478515606,3.569785768889382,669.882130470197,36.737575628594094,4.0,1.0,0,0,20,14,push,22,4,4,0,0
CUST_02014,198.7062310382279,13,67.03773282828135,11.363027564408116,86585.29897976056,5.262172931913435,1.0,2.0,1,0,20,7,push,6,3,4,1,0
CUST_02015,259.54326570904647,6,21.603249986969303,20.560392074062808,1121.3956103093856,60.19149082590417,5.0,0.0,0,1,10,14,in_app,20,1,6,1,0
CUST_02016,148.24923859845364,7,21.11379629648579,7.423640739905597,10955.364787069042,44.98894777676057,4.0,3.0,1,0,20,14,email,5,5,2,0,0
CUST_02017,108.4450335955255,5,65.99150916375287,7.860518349615609,1192.741904713768,14.38882737624331,5.0,3.0,0,0,10,30,email,12,2,9,3,0
CUST_02018,521.1746550471016,17,51.05711803232075,0.9803764912510787,15078.816330976555,16.734667989373172,2.0,4.0,0,0,20,7,in_app,4,3,3,0,0
CUST_02019,210.55382136241093,2,22.033068964939684,3.1625442438094464,309.2764577939727,39.651705058940465,3.0,2.0,0,0,10,14,email,8,2,1,0,0
CUST_02020,415.6798794169637,1,35.74538762249557,31.880300199502024,495.28794722105283,41.25885236173444,2.0,1.0,0,0,10,30,in_app,5,1,2,0,0
CUST_02021,146.13111019976088,2,21.628867044715637,,210.71002357382116,31.567369468859933,6.0,2.0,1,0,20,7,sms,19,4,6,2,0
CUST_02022,301.67121870057724,8,12.73504121669217,5.449851851653988,1024.4787744110956,18.444063668916325,5.0,1.0,1,0,20,14,in_app,14,1,3,1,0
CUST_02023,29.444051986302895,5,37.098297195939686,7.211996652813549,182.05403187342716,6.014762257534115,3.0,1.0,0,0,20,14,email,6,2,4,1,0
CUST_02024,223.87112159160694,3,26.739629055723114,,598.6230747648254,26.035102170882972,3.0,1.0,0,0,50,7,in_app,20,6,5,1,0
CUST_02025,160.62290502078227,2,18.774505634415487,6.368426039103864,201.04104235525736,15.34599890935236,3.0,0.0,0,1,10,14,email,15,6,1,0,0
CUST_02026,671.2859025010256,4,72.44510102424132,15.915920193748772,6484.183336378108,4.089905601612221,3.0,,0,0,10,14,push,3,3,2,0,1
CUST_02027,92.35423946837179,3,19.15929339522779,0.19367138626535274,176.94419702676615,56.958448457804025,4.0,0.0,1,0,20,30,push,8,0,2,0,1
CUST_02028,268.165636282324,3,36.10340473672763,,968.1692503182835,39.285167571099386,2.0,2.0,1,1,20,14,in_app,5,0,4,1,0
CUST_02029,385.7869896802936,4,63.30390023174025,,3256.242814056628,26.87389616905073,4.0,3.0,0,0,20,30,push,4,3,0,0,0
CUST_02030,608.4451694535892,2,28.399365145279276,30.879704254181476,1151.9637692129204,18.097612572885904,2.0,1.0,0,0,30,7,push,16,1,2,0,0
CUST_02031,551.7915406786473,11,21.316783699214458,9.087647680477646,4312.887670557774,46.76093291979338,2.0,0.0,1,0,20,30,in_app,5,4,3,0,1
CUST_02032,285.21740566541905,15,39.59286727353731,22.46381942196183,5646.287443306792,6.979939112921668,5.0,0.0,1,0,20,7,email,5,4,0,0,0
CUST_02033,317.25504662777047,3,43.52867142308969,26.21153228948624,1380.969068197722,11.68285455548385,5.0,3.0,0,0,10,30,push,18,3,2,0,0
CUST_02034,670.8774396305229,3,56.032754302893636,5.3777672640571454,3759.111074217145,40.87808074481096,2.0,2.0,0,1,30,14,in_app,22,3,5,0,0
CUST_02035,280.9631959680304,1,101.77104881570624,15.338308535238633,953.130637742642,8.071007705641483,1.0,1.0,0,0,10,14,sms,7,6,1,1,0
CUST_02036,343.4702737306651,8,25.16930989533782,14.024993944341668,2305.3092691636316,13.8115877867273,0.0,3.0,0,1,20,14,email,22,2,0,0,0
CUST_02037,685.8929263930288,8,37.24480244121705,9.694357606174737,6812.252410489756,4.489175317033817,2.0,5.0,1,1,20,30,email,8,1,2,0,0
CUST_02038,1327.3377359512933,3,15.463088707136151,9.510971793459792,2052.4741155344113,44.764993465494435,,3.0,1,0,20,14,in_app,9,2,3,1,0
CUST_02039,365.83043556604866,5,49.393863692553005,5.462039272539787,3011.629778156117,20.430565173159522,133.0,,1,0,20,30,email,15,1,4,1,1
CUST_02040,441.7933221159552,4,36.97455545300893,5.570097349412297,2178.0148916460566,51.4060256921592,1.0,,0,0,20,14,email,17,0,6,1,0
CUST_02041,540.4121986002837,12,29.748727582023243,11.916128579184944,6430.6301112648325,29.815688314757637,3.0,1.0,0,0,10,30,push,23,5,1,1,0
CUST_02042,681.458204839996,3,22.85485785752062,,1557.463040745928,47.8058428695189,4.0,1.0,1,0,10,30,push,18,2,3,0,0
CUST_02043,618.896538846159,1,26.86820853374578,40.69542451390137,554.2880422177365,25.325498220022908,3.0,1.0,0,0,20,7,sms,10,2,4,2,0
CUST_02044,185.78669037212623,2,38.16045636990462,15.746445735217094,472.64699280363345,15.063751896489963,2.0,3.0,1,0,20,14,email,4,6,4,0,0
CUST_02045,384.118678031381,8,18.54680927140487,8.789799863722966,1899.7802290752534,18.44431373390374,3.0,3.0,1,0,30,14,push,14,5,4,0,0
CUST_02046,621.8399232327233,0,27.54244455322279,0.9569779591139382,0.0,31.33348276057602,8.0,5.0,1,0,50,7,push,20,4,2,1,0
CUST_02047,779.99177017361,5,33.44849610524785,14.914291275883631,4348.258614462895,24.863421570793832,3.0,1.0,0,0,20,14,sms,19,1,1,0,0
CUST_02048,268.5478093639338,4,13.147451325300372,0.26852926088809187,470.7625669504485,9.106875207873122,,3.0,1,0,50,30,email,16,3,2,0,0
CUST_02049,377.31057084051133,2,17.623294761481823,,443.29702710301996,43.68085699735269,2.0,4.0,1,1,10,14,sms,17,2,1,0,0
CUST_02050,409.7280062979041,8,22.28686025093171,1.1293326504654233,2435.0802179344682,147.78408776332398,2.0,2.0,1,0,20,14,sms,4,3,2,0,0
CUST_02051,309.26034680760876,4,84.85458609352206,16.011160934940584,3498.9544964664965,3.3532509492243774,2.0,0.0,0,0,10,7,in_app,4,6,2,2,0
CUST_02052,370.1532105798328,1,20.116993675588425,7.8103054789423005,248.2123265411082,4.089001597427347,2.0,,1,0,10,30,push,13,6,3,0,0
CUST_02053,1860.8276779058235,1,32.02526197168028,16.29855849967168,1986.4497956362497,30.5493037960681,6.0,3.0,1,0,10,7,email,3,4,1,0,0
CUST_02054,259.7796229475589,7,17.737157836239277,2.2361567795266932,16127.132612008523,10.33356755709711,3.0,6.0,0,0,30,7,sms,6,0,2,0,0
CUST_02055,275.96175786506,3,20.78347260818587,1.8729572728739252,573.5443635495296,35.000129324971894,2.0,4.0,0,0,20,30,sms,17,0,3,0,0
CUST_02056,57.648803919213115,6,13.948820839654537,4.263800179107884,160.82656749789564,40.70010882156731,5.0,,0,0,30,14,email,1,5,6,2,0
CUST_02057,46.914478826792994,4,49.51033386838832,7.952963771875955,309.70020133012747,21.25328871824515,5.0,3.0,0,0,20,14,sms,5,2,4,0,0
CUST_02058,430.9094546161301,0,14.949416149650078,4.375972944310709,0.0,51.98896654042861,1.0,0.0,0,0,10,7,push,18,6,3,2,0
CUST_02059,623.5791217958379,8,57.06589243973615,1.283619706230284,9489.359757884376,35.03656578792131,2.0,0.0,1,1,20,7,email,22,5,2,0,0
CUST_02060,546.8176614511749,3,43.84840383708003,5.896263241455283,2397.708164455883,7.263724983188988,3.0,4.0,0,0,10,7,push,7,2,2,1,0
CUST_02061,145.76563454695793,5,31.650656528135247,18.35043865949102,768.9296721085752,19.46052052112676,4.0,2.0,1,0,50,14,push,11,4,9,2,0
CUST_02062,524.6419044392176,3,58.20757711460655,13.123133450363177,3053.81341101998,20.435694750313264,4.0,2.0,0,1,30,30,email,21,2,2,0,0
CUST_02063,272.5209720320512,4,213.13393388228027,49.58471732930522,7744.462244615194,37.457019931173626,2.0,1.0,1,0,10,14,push,19,2,2,1,0
CUST_02064,221.86143413307843,0,44.10245212620706,8.58843207265075,0.0,38.98962669810745,3.0,2.0,1,0,50,30,email,20,0,0,0,0
CUST_02065,83.1257564397414,7,16.910988653297405,6.070034367403371,4920.085533822306,33.10497553606967,2.0,2.0,0,1,10,30,email,8,1,3,1,1
CUST_02066,162.68428697682117,8,80.91592040192668,17.74685144908361,3510.3330175095093,16.613487156852262,5.0,,1,0,20,14,in_app,8,0,3,0,1
CUST_02067,438.16993915557805,1,37.02772194706927,7.9643737138820345,540.8144890872335,35.46779849190306,4.0,0.0,0,0,20,30,push,17,6,0,0,0
CUST_02068,381.1318530646367,1,117.52769884855493,14.44716903443351,1493.118321619077,40.79325050961276,2.0,6.0,0,0,20,7,sms,12,1,1,0,0
CUST_02069,340.77272752496674,2,24.443635293383608,43.86158166829309,555.3149513034582,13.784552811943145,3.0,0.0,0,0,30,30,email,20,4,2,1,0
CUST_02070,25.188316717884582,4,71.46204099956908,10.372904263794217,240.0011362671466,33.82180748207273,4.0,2.0,0,0,20,14,email,17,1,1,0,0
CUST_02071,343.41482213794444,1,33.112337186683156,10.342557560774331,379.042246184548,24.809593554769247,2.0,3.0,1,0,10,14,push,9,5,1,0,0
CUST_02072,183.4026242311222,3,163.04675655086865,22.38592882366938,2990.3203023802225,26.43078015106038,5.0,5.0,0,0,20,7,in_app,19,1,1,0,0
CUST_02073,383.16025570863997,4,27.967400015356855,21.16351895450667,1428.7994855186605,51.81621683348665,3.0,3.0,0,0,10,14,in_app,22,6,1,0,0
CUST_02074,695.4660594643996,7,200.53748415693548,10.892230224892748,32542.303239023284,42.25157894970125,2.0,5.0,1,0,10,30,email,4,6,0,0,0
CUST_02075,207.4313101061845,4,43.11606354397127,1.003645534853673,1192.4828730063282,25.996149888232434,,4.0,0,0,10,14,push,12,5,7,4,0
CUST_02076,324.68453105904285,0,55.046531502380745,59.28251738816876,0.0,45.439549053401045,,1.0,1,0,30,30,in_app,13,1,3,0,0
CUST_02077,1068.7144804334446,7,91.85391791779954,7.105848179571728,22905.309504769393,14.78409780601892,5.0,1.0,0,0,30,7,push,2,3,1,1,1
CUST_02078,369.1781267190172,3,20.642404396697458,5.7124600143384106,762.0724186149172,24.59486375141577,5.0,4.0,0,0,20,14,push,0,1,7,0,0
CUST_02079,294.85255714938035,3,59.231773214431314,59.887789282621185,1746.4639796767244,10.94724734334772,3.0,3.0,1,0,20,14,email,6,6,2,2,0
CUST_02080,147.95697218916362,10,27.780879477364948,30.851729331170976,1370.124937407664,19.865296307336617,3.0,1.0,0,0,10,30,push,19,5,6,0,0
CUST_02081,534.8619084337718,1,36.25840902826422,,646.4413949876566,40.86988623568105,1.0,1.0,1,0,10,30,sms,15,5,0,0,0
CUST_02082,125.63407667761301,3,34.807634832161206,5.529240532278778,437.30250634700946,21.368639939538483,0.0,0.0,0,0,10,30,push,6,5,4,0,0
CUST_02083,716.2931961607629,6,46.686098414016065,19.145687210225063,6688.186929850299,17.83631477960527,5.0,1.0,0,0,30,7,push,14,6,1,0,0
CUST_02084,482.489329246007,18,45.51812491200874,6.104100735623713,13177.205734398634,24.884552127619195,2.0,5.0,1,0,20,14,sms,14,1,2,0,0
CUST_02085,188.98317787538164,5,23.450294372005843,4.343897725161646,738.6185254224736,29.260779074363757,3.0,2.0,0,0,10,30,push,11,5,5,1,0
CUST_02086,152.50106950934665,0,35.69149776566271,58.43548966799142,0.0,21.690034047806563,2.0,0.0,1,0,20,7,email,12,6,1,1,0
CUST_02087,155.82567147122245,6,8.161259506763349,12.510649691824302,3815.201228076889,8.91037882404204,4.0,1.0,0,0,10,14,email,16,6,2,1,0
CUST_02088,47.954535242753714,10,59.98557993201146,21.563664596834137,958.8602023022211,34.52481051011215,0.0,2.0,1,0,20,30,push,21,6,3,0,1
CUST_02089,423.45911546740405,5,91.50238359938453,18.726968681170973,6457.919737025745,75.7870734755243,2.0,2.0,0,0,50,7,email,20,0,5,1,0
CUST_02090,29.985769497093358,1,37.128201504240565,21.12969439960049,37.11058973825975,12.082954383158413,2.0,1.0,1,1,20,14,email,16,1,0,0,0
CUST_02091,280.44039774267065,4,12.633937833795862,35.056091653966476,472.4088734887849,12.910156198731206,6.0,1.0,1,0,20,14,email,20,2,4,0,0
CUST_02092,266.4069157267235,1,51.71607086875753,10.42027542344136,459.2506311216783,16.871062751223874,5.0,0.0,0,1,20,30,in_app,14,6,1,0,0
CUST_02093,230.30642560594947,1,20.941614213685874,20.99848808697163,160.76627719909132,35.08522741875545,3.0,2.0,1,0,10,30,push,17,5,2,0,0
CUST_02094,421.3652693646604,17,36.943503262614165,23.904489718411423,8821.13521533119,34.047712173973295,0.0,,0,0,10,14,in_app,21,0,2,0,0
CUST_02095,189.38799208160833,11,49.96413641860246,43.88878002330417,3469.6227398839164,27.682918417333536,2.0,2.0,1,1,20,30,email,20,1,6,3,0
CUST_02096,344.0728551572589,5,45.96453991083069,18.729150966531773,2635.858413851549,40.749787615073124,0.0,1.0,0,0,10,14,push,19,4,5,1,0
CUST_02097,716.1977658997001,15,63.33975353222192,33.47013323393182,22681.894986207488,52.375554094883725,1.0,2.0,0,0,10,14,push,12,3,3,1,0
CUST_02098,457.86807354190137,2,36.15547479819936,1.4979365375533946,1103.6291729229538,12.231009813216186,3.0,2.0,1,0,20,14,in_app,6,5,2,0,0
CUST_02099,214.00656882005157,0,36.745543976763464,2.0217814316991345,0.0,30.87834945123572,6.0,2.0,0,0,20,30,push,20,4,3,1,0
CUST_02100,301.8349178108447,1,51.52536572006334,2.585797510847984,518.4051509096345,12.260256052774883,5.0,4.0,0,0,10,14,push,17,3,2,1,0
CUST_02101,230.51791105547386,7,31.726885938030932,2.346528071284415,1706.5102765037084,24.274327526608687,1.0,2.0,0,1,50,14,in_app,18,6,1,5,0
CUST_02102,263.4093946850942,0,21.91691139486652,1.3738171510237467,0.0,34.4917433958434,2.0,3.0,1,0,30,14,email,4,6,1,0,0
CUST_02103,352.03432495188866,1,43.43263230027917,1.9614362031553492,509.65924642374574,60.090513101287414,0.0,5.0,0,0,30,14,in_app,20,1,5,0,0
CUST_02104,79.18999585899374,1,16.821910167944267,82.48919941599392,44.4042332179957,37.05043492108906,2.0,,0,1,30,14,email,18,0,1,0,0
CUST_02105,60.62024954674468,2,31.54660296407573,4.7656263684053695,127.49086293562308,25.963362280837565,3.0,1.0,1,0,20,14,push,9,2,4,2,0
CUST_02106,136.68434455847347,20,14.488191300532321,9.752697819426167,1320.2059545006916,0.5083237516134271,2.0,2.0,1,0,20,14,push,11,2,2,1,1
CUST_02107,435.88087964428473,2,23.738837507628517,25.85719821978111,689.8203583038572,48.79138639739591,5.0,1.0,1,1,20,14,sms,22,6,1,0,1
CUST_02108,479.3931269763713,2,24.33694275694059,1.8886307718857216,777.7975392863134,16.337188074396767,2.0,4.0,0,0,10,30,email,2,3,5,1,0
CUST_02109,530.6087208810958,10,18.347078541802567,5.726924677909379,3245.0399589902872,22.314894935539943,3.0,3.0,0,0,20,30,push,5,6,2,0,0
CUST_02110,141.73852967228493,10,64.091973166062,2.6025565835748874,3028.100680117723,36.72084716411372,2.0,1.0,0,0,30,14,email,19,6,0,0,0
CUST_02111,323.27372612001574,12,60.99518702795487,0.968975700374687,7887.256554365687,15.062899136751692,3.0,,0,0,20,14,email,14,4,4,1,1
CUST_02112,219.54455725971897,0,72.85037248492175,48.56834953765159,0.0,44.39739707022545,5.0,2.0,0,0,10,30,push,2,4,6,1,0
CUST_02113,272.15674088784317,15,29.585768929051795,29.31677060720475,4025.983224195775,38.23468153785748,5.0,0.0,0,0,30,14,email,16,2,1,0,0
CUST_02114,216.33676667936214,7,25.529514312552433,31.71645807762626,1288.6936022968216,27.575924932424734,5.0,2.0,0,0,20,30,push,9,0,3,1,0
CUST_02115,367.0304735179818,1,53.63226699648892,30.451788002257302,656.1558783854719,33.41353447293378,1.0,2.0,1,0,20,30,in_app,10,0,3,0,0
CUST_02116,169.66862749566243,4,35.76778890268914,2.5185924112868814,809.1562202231803,10.035884772808933,4.0,1.0,0,0,50,30,in_app,6,1,1,0,0
CUST_02117,662.9651896545832,6,35.66288376194352,23.056542222573526,4728.650099373249,4.174971944202266,4.0,1.0,0,1,50,14,push,5,0,2,0,0
CUST_02118,666.9841034213422,4,7.197395465181816,19.522197027725134,640.0731148417503,19.305273155618153,1.0,5.0,0,0,10,14,push,10,3,2,0,0
CUST_02119,426.20363973798203,0,52.13876708009887,38.93731045182447,0.0,49.94131116402264,1.0,1.0,0,1,30,14,push,13,5,0,0,0
CUST_02120,610.9171337097994,3,48.15307453504383,3.713892822657208,2941.7538274263306,45.658857874340995,3.0,1.0,0,0,50,14,push,6,5,3,0,1
CUST_02121,75.94288601887577,2,33.0080062650943,8.01766856693334,167.11488383335958,46.35217230708859,2.0,1.0,0,0,30,14,push,10,2,3,1,0
CUST_02122,689.3019341357623,7,54.02833681051687,5.2418412135704875,8689.761981046458,41.69831756148196,4.0,2.0,1,0,30,14,push,13,5,4,0,0
CUST_02123,397.1862695329439,4,47.51384744352942,4.474429274436215,2516.2463756337143,17.423264798032058,2.0,2.0,0,0,30,7,push,11,5,6,1,0
CUST_02124,178.6905542933429,1,21.801721816669534,,129.8587251989982,15.170651360060383,2.0,2.0,1,0,50,14,email,11,0,1,0,0
CUST_02125,163.4413709506879,6,29.02415021423301,2.685883571896176,948.7493803385892,26.06429249854456,2.0,1.0,0,0,10,7,push,8,2,3,1,0
CUST_02126,850.6392489643454,6,18.08944977550704,9.376921095137675,3077.5191942431106,44.294059204041275,85.0,,0,0,10,14,in_app,4,4,6,1,1
CUST_02127,536.5548951961263,7,79.62621652424464,15.60403766852042,9968.895127807033,11.274276376192157,2.0,1.0,0,0,10,30,email,22,2,1,0,0
CUST_02128,266.48845090981087,8,59.51975576755087,2.094157214648468,4229.6873368066435,11.995332713299764,3.0,1.0,0,0,30,14,in_app,21,5,2,0,0
CUST_02129,75.00045278040803,8,20.320893570930394,4.455487523452101,406.4203249926032,6.5121325015321325,1.0,4.0,0,0,20,7,sms,22,4,3,0,0
CUST_02130,713.207103468092,5,48.005966722295184,51.33603545506142,5706.3660791989605,18.021570411390247,3.0,0.0,1,0,10,30,email,12,6,2,0,0
CUST_02131,109.25949280329347,1,39.140408582020264,23.80262695185884,142.54870632617363,20.63744860066486,130.0,3.0,0,0,20,7,email,7,1,3,1,0
CUST_02132,222.82761593361374,4,21.942562519017812,16.94943966767836,651.9211858116012,12.21102463473606,4.0,4.0,1,0,10,14,in_app,8,2,3,1,0
CUST_02133,266.1968404011673,4,35.68021042218144,29.0659224403837,1266.3945705644667,26.63061632328974,2.0,1.0,0,1,10,14,push,14,2,1,0,0
CUST_02134,161.24990142353957,5,55.42500348946583,0.2110039363352712,1489.5460581792834,26.21804129426214,,3.0,1,0,20,14,email,16,6,1,0,0
CUST_02135,256.8475081340499,3,58.20386238146694,0.09139438247722956,1494.9517016456953,60.092595113961146,7.0,,1,0,10,30,email,15,5,4,0,0
CUST_02136,298.36586941718457,0,134.18107820862951,2.5079472415881408,0.0,43.98980940463827,2.0,4.0,1,0,20,7,in_app,5,4,4,0,0
CUST_02137,252.63435168283328,5,35.04291635461014,10.255591900923553,1475.5074090537814,43.060962355749396,2.0,,0,0,10,14,in_app,21,6,1,0,0
CUST_02138,380.54504492702256,3,28.71232977896509,12.658633890569313,1092.6334825695758,20.92179043165764,2.0,2.0,1,0,10,14,email,14,0,2,0,0
CUST_02139,871.6830659821192,17,46.39929004341597,1.8103026825991726,22919.102729181785,31.43072481862793,2.0,2.0,1,1,20,7,push,20,0,1,0,0
CUST_02140,79.02951765343425,10,29.672552983585835,1.1254706037215048,781.6691832795867,14.142906490098516,5.0,2.0,1,0,10,14,sms,14,4,0,0,0
CUST_02141,338.174042144892,0,23.31407687413973,26.43307971245411,0.0,29.814846923689732,4.0,1.0,1,0,30,14,push,10,1,2,0,0
CUST_02142,110.42363932450147,6,19.00173058576916,9.367432990492953,419.64804894886436,16.22019144900422,0.0,1.0,0,0,10,7,email,4,5,1,1,0
CUST_02143,71.03568512166578,5,4.235098909211488,73.38163959530303,50.14052542897624,32.898927155853535,4.0,0.0,0,0,30,14,push,8,4,6,0,0
CUST_02144,579.3432202413256,5,51.46508713783166,3.907749438661287,4969.3248854053045,10.311119086430129,1.0,5.0,0,0,10,7,email,6,2,4,0,0
CUST_02145,360.0863739473009,9,12.394040605500864,15.627856605972992,1338.8775420571246,28.159252816586395,3.0,1.0,0,0,50,14,email,23,6,2,0,0
CUST_02146,66.18954273702333,2,19.53265995492704,24.47434529687191,86.19052205695917,11.549919028489478,7.0,,0,0,20,14,push,10,3,0,0,0
CUST_02147,256.66101438373704,8,39.46705032144139,30.91084617671652,2701.2408453960384,9.828835172669404,2.0,4.0,0,0,20,14,email,21,1,3,0,0
CUST_02148,137.02443431815095,4,27.305712332560322,5.4861465094864155,498.87330480309816,48.88517912517678,3.0,5.0,0,0,20,14,sms,8,2,1,0,0
CUST_02149,263.88083834273954,5,120.25065422444013,3.2216866444452035,5288.640574668026,10.45802721173094,2.0,2.0,0,1,10,7,push,4,5,2,0,0
CUST_02150,491.52622832557495,2,13.389301816049835,3.8445840091347283,438.7462014370498,53.152521463145376,0.0,0.0,1,0,10,30,push,19,5,3,0,0
CUST_02151,456.76171535776325,13,126.87884535328668,16.482609350160587,25113.139586677826,53.8450245814983,4.0,1.0,0,0,30,30,email,11,2,2,0,0
CUST_02152,217.61864951961005,5,75.81913985292148,11.082522340404328,2749.9431370885363,12.785519659356012,4.0,3.0,1,0,20,7,push,20,5,6,0,0
CUST_02153,598.1434806776414,13,57.13733929535747,13.706585433066298,14809.741701206613,25.786164790103555,2.0,0.0,0,0,10,14,email,13,1,2,1,1
CUST_02154,754.2846368134926,6,78.53837084099447,,11848.057305144583,39.71117945457064,0.0,1.0,1,1,30,14,email,4,2,2,0,0
CUST_02155,497.26202797753666,9,42.214645020123506,7.438395308484434,6297.521997917529,24.824303083598988,3.0,,0,0,30,14,sms,1,5,3,2,0
CUST_02156,188.4376136131265,1,11.917980208345568,5.569183091729841,74.85985831830371,12.583577752498263,4.0,1.0,1,0,50,7,push,5,2,3,0,0
CUST_02157,270.78029868917935,3,45.101297192112554,29.902402929815334,1221.2542724949683,17.239834996527993,,2.0,1,0,10,14,push,8,5,2,1,0
CUST_02158,853.4345151863497,6,13.620755442869333,22.45897135825121,2324.8845635714047,6.008190371469943,5.0,1.0,1,0,20,14,push,10,3,1,0,0
CUST_02159,231.2170961047992,1,24.11858325045457,8.420521274113883,185.88762604439847,25.9734036916304,3.0,3.0,0,0,20,30,push,20,3,3,1,0
CUST_02160,457.78749477857724,7,31.59979841721799,14.935268982911325,3375.398262349464,11.824625682856253,2.0,2.0,1,1,30,30,in_app,20,5,1,0,0
CUST_02161,159.2946190188635,12,19.170305422704395,0.7328029440879819,1221.4905995139798,10.043891664507205,0.0,3.0,1,1,20,14,in_app,10,2,3,1,0
CUST_02162,601.0341514166018,14,58.41815309603083,15.210680799771447,16385.275700919075,41.797522267666345,3.0,3.0,0,0,20,30,email,15,5,4,1,1
CUST_02163,143.3738707950897,11,29.129326604596777,1.5338965085033311,1531.3409132836564,52.63057491952527,3.0,0.0,1,0,30,7,email,5,6,2,1,1
CUST_02164,280.1371100729572,5,42.33376262989311,18.777437068012276,1976.5429869421348,14.40526893340423,3.0,,0,0,20,14,in_app,22,4,9,0,0
CUST_02165,446.3085380870164,9,32.92894646087155,12.794051637111044,4408.9409867091645,36.41915189685212,4.0,2.0,0,0,10,14,email,8,4,0,0,0
CUST_02166,970.7425911091105,0,35.71988354569527,5.3606973698218905,0.0,131.1912442157125,3.0,2.0,0,0,20,14,in_app,15,3,4,0,0
CUST_02167,355.1825419126247,5,19.450633288294632,6.950545151468422,1151.4208955244667,20.63969609467516,,3.0,1,0,20,30,push,12,3,1,0,0
CUST_02168,243.00926868676672,3,16.372042145655616,1.4161698685833726,397.85579887246945,17.079327061875325,2.0,1.0,0,0,20,30,in_app,18,5,2,1,0
CUST_02169,228.4235453777538,7,30.196885737380498,5.846574052365511,1609.4585965498554,31.77643397024943,3.0,3.0,0,0,10,14,push,23,3,3,2,0
CUST_02170,583.0588972307307,7,18.547433688160403,,2523.324120958412,29.44408605615576,2.0,2.0,0,0,30,14,push,10,3,4,1,1
CUST_02171,420.8157751164842,3,76.411516395571,9.988375996733126,3215.517149982815,18.879722891540553,2.0,1.0,0,0,10,14,in_app,8,3,0,0,0
CUST_02172,484.6707956288784,3,14.499859355008075,9.643682968278599,702.7658370098599,14.239687825016192,0.0,1.0,0,0,10,7,sms,4,1,0,0,0
CUST_02173,813.599073596657,1,134.58572903995716,14.882551327706004,3649.9608155413284,19.22376063449322,4.0,2.0,1,0,10,30,sms,18,4,6,2,0
CUST_02174,314.18046321610683,0,39.69459675401149,9.937634699763425,0.0,25.969519549906288,3.0,0.0,0,0,10,14,email,8,6,1,0,0
CUST_02175,399.58509035023644,0,34.52197724917512,6.589418637109003,0.0,6.050047710830593,1.0,4.0,0,0,30,14,push,10,0,2,0,0
CUST_02176,225.90376568696007,1,23.94693283875139,2.2540010279217384,180.32341016422214,30.419857913035113,1.0,,1,0,30,14,push,22,5,2,0,0
CUST_02177,153.9017949682623,2,49.114417120624466,14.926569473149865,503.9197969122705,8.894492984724888,5.0,2.0,0,0,10,14,email,22,0,1,0,0
CUST_02178,181.55978024145838,4,29.29553143283695,20.729899725167876,709.1853665336818,54.94230117557105,3.0,3.0,0,0,10,30,email,16,5,2,0,0
CUST_02179,16.831613763884828,4,39.65767573785348,38.4792585328028,89.00035743905813,21.937943942138148,3.0,,0,0,20,14,in_app,4,0,4,1,0
CUST_02180,443.07913511957366,6,54.87697711758239,0.04527611075330529,4862.968711847008,19.821336495580034,3.0,3.0,0,0,20,30,email,10,1,1,0,0
CUST_02181,410.9074990278758,3,49.48084779718232,,2033.2051418119165,42.371894788433565,1.0,0.0,0,0,20,30,sms,21,4,0,0,0
CUST_02182,436.38183609629084,14,69.68023607793829,34.44988957456975,14190.02170101307,46.60977514681115,2.0,1.0,0,0,50,14,email,11,6,2,0,1
CUST_02183,144.89336625609818,0,45.72771842837532,14.96070360176731,0.0,7.914995164014845,1.0,3.0,0,0,10,7,email,23,0,5,0,0
CUST_02184,184.28773829445623,6,18.71339143470821,47.51927495798543,689.7297166642451,11.10896045958898,4.0,2.0,0,0,50,7,email,6,0,2,1,0
CUST_02185,179.17429405119307,7,9.507932006687446,8.454026416435893,397.50130120982556,18.078114352518938,1.0,3.0,0,0,20,14,push,13,6,1,0,0
CUST_02186,641.5614389937117,8,37.58557140703652,8.085474755248889,6430.2542072798005,7.26120473949828,,3.0,1,0,50,14,email,6,0,2,0,0
CUST_02187,345.43771555629763,2,37.91238700797973,6.329968404696516,873.0912239548518,25.345027601174912,1.0,,1,1,20,30,email,18,4,1,0,0
CUST_02188,311.60471857974613,14,105.16787564365862,2.311591380039685,229395.64405500388,1.4489764612777298,2.0,2.0,1,0,10,30,push,21,5,1,1,0
CUST_02189,516.4759470530863,3,30.891949928260885,7.137498641819157,23932.423643272592,51.0909187938569,2.0,1.0,1,0,20,30,push,3,5,1,0,0
CUST_02190,179.69536986369857,5,41.45860177931122,,1241.6531301275202,23.92427119521336,4.0,4.0,0,0,50,14,email,10,1,2,1,0
CUST_02191,392.53886454451185,9,52.789158778197155,10.679241143454904,6216.538934116039,17.889249792054578,3.0,3.0,0,0,20,7,in_app,1,2,3,1,0
CUST_02192,1054.253276875011,9,45.06225024391904,28.180383074895712,213781.61242356032,11.97014183087272,4.0,3.0,1,0,30,14,email,3,5,0,0,0
CUST_02193,710.9665345665137,5,54.94684564406899,5.811359448143096,6510.894738820812,17.35151340875572,3.0,1.0,0,0,50,30,email,9,4,4,0,0
CUST_02194,388.2307752815123,4,20.268630902208493,1.4913419581120548,1049.187505207896,33.92156533265898,4.0,0.0,1,0,20,14,in_app,13,3,1,0,1
CUST_02195,320.6010793948127,2,18.433694259309473,54.60781123311818,5909.862276768579,9.721719724895722,4.0,,0,0,20,14,push,20,3,0,0,0
CUST_02196,433.68654303247325,8,27.984855858666272,2.07131392635604,3236.441438561875,22.35683575740608,3.0,3.0,1,0,10,14,email,22,1,1,1,0
CUST_02197,777.6605160639766,0,8.985032758908197,11.283827006345243,0.0,45.01688600926546,,3.0,0,0,50,30,email,7,1,4,0,1
CUST_02198,741.0889789335146,20,32.33829869201485,24.84681762584975,15977.037838741531,28.054528477391592,7.0,2.0,0,0,20,14,push,6,5,1,0,0
CUST_02199,865.5449752204978,6,22.292496556437122,,3859.0316759088796,59.73370694287292,4.0,3.0,1,0,30,30,email,5,4,5,0,0
CUST_02200,360.0541694173187,9,40.17833822130143,27.629020402395028,65098.70188577458,29.282791241172912,5.0,4.0,0,0,10,7,sms,0,2,3,0,0
CUST_02201,29.661096595877897,5,28.24619410580011,12.213633923679025,139.63551530634234,12.234834529172767,1.0,3.0,0,0,20,14,in_app,12,6,5,0,0
CUST_02202,1005.6942327219203,35,18.006635204057098,6.050562337165919,21127.36403802234,7.180670459657308,3.0,,0,0,20,30,push,12,4,5,1,1
CUST_02203,153.59727827764695,10,72.7125587930651,,3722.8170424060622,31.64886037841984,2.0,0.0,0,0,30,30,push,4,1,2,0,0
CUST_02204,510.5769122171445,2,34.796314031123956,14.592922334286731,1184.4129716366247,46.747482288292716,3.0,0.0,1,0,20,14,email,0,6,2,2,1
CUST_02205,30.514608094034756,9,55.57399104530649,14.332664312335618,508.7455670906774,9.885705228134237,4.0,,0,0,30,30,push,9,5,1,0,0
CUST_02206,306.66165332394274,6,36.970070372606706,10.517984151752552,2267.460580793217,12.055337376630849,2.0,1.0,1,0,20,7,in_app,3,3,4,1,0
CUST_02207,231.55527115407682,10,43.745864329510546,4.818324044294149,3376.528492229757,15.523643598318712,2.0,,0,0,10,30,email,2,3,1,0,0
CUST_02208,866.847144495269,2,14.634804551835536,5.45463984940835,845.7425690670001,17.039258125871978,4.0,0.0,0,0,20,30,email,11,6,5,1,0
CUST_02209,391.85324443581874,3,71.29755979594466,1.3830299304516878,2793.8180126397706,57.89457964506713,4.0,0.0,0,0,30,30,email,19,5,3,1,0
CUST_02210,304.20624938451476,0,56.104105419019504,4.190227523362938,0.0,38.39932034030248,2.0,2.0,1,0,10,14,sms,15,5,5,0,0
CUST_02211,423.7773257533666,0,32.743216786194765,4.882318594921591,0.0,5.046856875116249,4.0,1.0,1,0,10,7,email,5,4,1,0,0
CUST_02212,8.240864523243577,5,39.36201465930551,0.9074244921453899,54.06283836154406,67.72969400987708,0.0,2.0,0,0,20,30,push,15,6,1,0,0
CUST_02213,176.14280265079017,7,60.434704402521476,1.7533127327741589,2483.8655825275086,7.753159707716143,3.0,0.0,0,0,10,7,email,9,0,1,0,0
CUST_02214,200.23895432407085,4,26.490862905929916,4.725860468190908,707.2670249900965,142.14093979865052,0.0,1.0,0,0,20,30,in_app,4,3,2,2,0
CUST_02215,472.549828304835,1,12.809047423518269,,201.76377202440156,33.7249184923947,1.0,5.0,0,0,20,14,email,9,6,4,0,0
CUST_02216,124.3860054013575,3,26.790346445523497,3.054434170454068,333.23441776771244,16.75185346374379,2.0,4.0,0,1,30,7,email,20,4,3,1,0
CUST_02217,348.5779861045789,6,36.28606180762469,11.067449270922836,2529.704469713618,18.88086604216975,7.0,,1,1,50,7,push,6,0,4,0,1
CUST_02218,281.9989562177942,3,32.47712920221964,10.636199504542628,915.8516535976383,25.796416000527028,3.0,,0,0,10,14,email,11,5,3,1,0
CUST_02219,184.54380590655904,7,73.00585872225513,26.939953683959352,3143.648438485688,41.38814493135335,4.0,1.0,1,0,10,30,push,9,6,1,0,0
CUST_02220,195.06297964794328,11,18.616691423151014,14.09200119595388,1331.523343401587,3.627990737216096,1.0,3.0,0,0,50,7,email,18,4,1,0,0
CUST_02221,279.9915187080644,3,20.086051555782245,37.33355356759407,562.392407995195,13.133783357027722,3.0,3.0,0,0,30,7,in_app,13,0,5,1,0
CUST_02222,42.635754607527495,6,17.552073638878454,14.83700940004563,149.6691809040948,27.52397137135909,4.0,1.0,1,0,50,14,sms,10,3,1,1,1
CUST_02223,521.4151146645137,1,42.83025121612758,0.3877021074145107,744.4113449655696,22.279988241523174,3.0,0.0,0,1,30,14,in_app,10,4,0,0,0
CUST_02224,152.62648726971187,6,13.255065061196662,7.206679034304992,404.61480376438703,37.11613321690101,1.0,1.0,0,0,20,30,email,21,0,1,0,0
CUST_02225,243.58711674542195,9,51.74117254837938,18.012066237416402,3781.044911426133,37.72531684445841,0.0,4.0,0,0,20,30,sms,7,4,4,2,0
CUST_02226,845.8798634166945,7,18.920940793723585,,3734.4633233390628,9.437576183108861,4.0,,0,0,20,14,sms,4,2,3,0,0
CUST_02227,527.6675297011017,1,20.824675051200778,8.155343377085494,366.28349470317596,68.86610445334334,2.0,4.0,0,0,10,14,email,20,6,2,0,0
CUST_02228,104.12791417470056,5,95.78778350251247,16.70036036313955,1662.363683255736,11.411101024729893,,0.0,0,0,20,14,push,11,6,0,0,0
CUST_02229,5.707236613721544,1,69.37647528552338,5.047474027084135,13.198265329349562,8.386332137615359,7.0,1.0,0,0,30,7,in_app,2,1,1,0,0
CUST_02230,436.8749172413875,5,35.570903656436165,35.949815874302594,2590.005931851153,59.80832106985168,2.0,1.0,0,0,10,7,sms,21,0,1,1,0
CUST_02231,251.41292831993985,2,15.080116826638712,7.994626867508056,252.7557553861358,44.12671330793883,5.0,0.0,0,0,10,14,push,14,5,2,0,0
CUST_02232,350.14156800666865,2,110.90272591493286,14.9632362406626,2588.776956537893,26.647317827089744,2.0,4.0,0,0,10,14,push,7,5,1,0,0
CUST_02233,515.4880715115332,2,29.43566600555923,,1011.5823135242217,56.95381401927509,3.0,2.0,0,0,10,30,sms,16,3,3,0,0
CUST_02234,573.030762860788,5,38.41886388132533,23.090300652221863,3669.198479693438,21.18726682003342,133.0,1.0,0,1,10,7,sms,7,0,3,0,0
CUST_02235,213.50855005728354,8,57.23469448590486,11.377231361654717,3258.6924353752397,58.63723391198765,4.0,4.0,1,0,20,30,push,9,4,5,1,1
CUST_02236,276.40030473389874,3,10.198726668501006,29.426220397060742,281.8931159071418,16.008014824682494,4.0,1.0,1,0,30,14,sms,9,1,2,0,0
CUST_02237,400.99190615304906,0,22.55546982646068,12.329637928933883,0.0,48.5925210657977,2.0,2.0,0,0,10,30,email,17,4,4,0,0
CUST_02238,420.1719903036405,13,31.79010748398561,8.741631367470909,5788.16885118892,19.537467258595406,2.0,,0,0,20,14,email,4,0,2,0,0
CUST_02239,347.59327804446343,2,35.81732901631228,31.007115955202437,829.9908535718041,16.895975722306787,1.0,1.0,0,0,30,14,email,8,5,5,1,0
CUST_02240,784.2082749041125,1,15.147505951774953,,395.9599837180404,19.640271443345743,3.0,2.0,0,0,50,14,sms,21,5,2,0,0
CUST_02241,416.79627429323176,3,40.27788652107954,7.850208816956488,25181.509557587295,53.580496695370904,3.0,0.0,0,0,10,30,email,21,3,2,0,0
CUST_02242,510.17977437457,6,33.79268106027035,6.300896912313045,3448.0684797681056,48.54289379051215,0.0,0.0,0,0,20,30,email,23,1,6,0,0
CUST_02243,369.6878854242228,3,90.05229790663155,18.7809792630143,3329.1243590694785,25.774450088633817,1.0,2.0,1,0,20,7,push,1,2,0,0,0
CUST_02244,123.52184841774728,4,60.35081629116448,0.18999138754751527,993.9525842406042,37.1368745715245,5.0,3.0,0,0,50,14,push,4,5,3,1,0
CUST_02245,175.6551323212992,3,28.175323104552493,16.219801507355044,494.91401081255265,37.20415903231573,2.0,0.0,0,0,10,7,email,23,6,1,0,0
CUST_02246,99.8184832022528,4,29.440118171470473,6.378006429511505,391.8223921561684,39.335452636417436,2.0,4.0,0,0,30,14,email,8,2,2,0,0
CUST_02247,617.6236056252787,1,60.86742036506573,1.545338412794519,1253.1051876993806,20.928722203889016,0.0,4.0,0,1,20,14,push,17,2,1,1,1
CUST_02248,65.77598867855096,3,39.25875878888601,58.930505848517,258.22836736317294,63.459071392332774,1.0,2.0,1,0,10,7,email,22,6,4,1,0
CUST_02249,267.5713469560786,16,14.546056901967413,3.578212615844907,2075.790953684899,14.452870599522107,2.0,2.0,1,0,20,30,email,19,6,3,0,0
CUST_02250,223.28329332481613,9,116.31179826224998,6.441678604949255,7791.14441055804,38.891208539523134,1.0,1.0,0,0,20,14,email,9,6,6,2,0
CUST_02251,218.50268385568464,3,18.284958541542647,3.4798621461111376,399.5312515516993,35.87251297179401,4.0,2.0,0,0,10,30,sms,14,1,3,1,0
CUST_02252,234.43730917425182,14,146.55220689588316,16.27025010485276,16033.409017835573,11.574567720961415,0.0,2.0,0,0,30,14,email,10,3,1,0,0
CUST_02253,883.5934416696207,1,42.810052788655305,,1260.8893960528694,59.30249085523626,1.0,0.0,0,1,30,14,push,8,0,2,0,0
CUST_02254,38.962326353697826,8,22.617755200995248,29.56051132500331,234.99742920779286,10.584010330141249,2.0,0.0,0,0,20,7,email,17,0,1,0,0
CUST_02255,719.4775638522648,8,8.002711242114527,5.587671323006165,1535.405650317251,71.92636301720981,1.0,5.0,0,0,20,14,sms,23,3,4,1,1
CUST_02256,250.83383330211464,13,52.77611292115186,11.152510324959072,5736.481708012372,38.13483857337033,1.0,0.0,0,0,20,14,in_app,10,3,3,1,1
CUST_02257,547.362467772218,0,13.063389833483205,16.326556596466943,0.0,50.485314933062476,4.0,,1,0,10,30,in_app,12,6,4,0,0
CUST_02258,318.92891006010433,2,41.0330046781101,14.894376732886116,872.4407638987211,11.724968251521346,4.0,1.0,0,0,20,14,push,10,5,2,1,0
CUST_02259,110.2742672817222,7,105.65505837382692,18.88315196360687,40778.61951373473,17.323936258904645,3.0,,1,0,30,14,in_app,23,2,1,0,0
CUST_02260,765.9670268186272,5,16.733165044241037,22.027365540652035,2136.175446367115,26.74762444480597,4.0,3.0,1,0,30,30,sms,17,2,1,0,0
CUST_02261,688.1284341945117,2,51.56448948199534,1.5383560027831695,2365.5327604856548,48.72778172210116,6.0,3.0,0,0,20,14,email,11,5,5,0,0
CUST_02262,118.41615512633898,5,20.349172162490763,2.764451037095206,401.6117879143475,28.345762753958738,6.0,4.0,0,0,20,7,push,18,6,3,0,0
CUST_02263,460.7466043354569,2,65.35864519990861,19.881999783230548,2007.5849226549199,24.0226048587937,5.0,2.0,0,0,50,14,push,5,1,2,0,0
CUST_02264,182.73939020885658,5,34.44946983625975,9.71330419842392,1049.212518482751,19.57469893530328,2.0,2.0,0,0,50,14,email,1,0,2,2,0
CUST_02265,68.98372132076247,11,32.73883412791017,,828.0970902770215,46.95567587050909,3.0,1.0,0,0,30,14,in_app,11,3,2,1,0
CUST_02266,152.97022346702556,7,68.33164527586428,9.11666069292112,2438.9649778009784,16.27077635040424,1.0,2.0,0,0,10,30,sms,16,5,2,0,0
CUST_02267,736.2204843908511,2,48.1911533950888,6.978848040499235,2365.2876197257388,42.993680204028614,8.0,2.0,0,1,10,7,sms,4,0,3,0,0
CUST_02268,556.6462177215777,4,20.433722032386832,13.413078059994804,1516.5805444402934,18.653469066250942,3.0,0.0,0,0,30,14,in_app,7,1,0,0,0
CUST_02269,236.68738673120856,3,96.76332543813139,5.858474735452696,2290.2658629372795,49.153243935979575,6.0,0.0,0,0,20,14,in_app,23,4,4,1,0
CUST_02270,738.5527060393248,4,13.177411445403129,15.192660534929878,1297.6283842128066,134.5094163162715,2.0,2.0,0,0,30,14,push,5,1,3,1,0
CUST_02271,652.8891556730674,0,39.07247509732054,3.396680861851624,0.0,43.98325235161656,1.0,3.0,0,0,10,14,push,5,5,5,3,0
CUST_02272,153.1876917889609,0,20.212094956942032,21.26299346133065,0.0,66.68272558387798,3.0,3.0,0,0,20,30,sms,9,3,4,0,0
CUST_02273,860.3877730831248,9,13.567336492392757,22.821403780396917,3501.951129407765,10.815843378005855,4.0,1.0,0,1,30,30,push,23,6,4,2,0
CUST_02274,221.46395904050317,12,16.76832003679248,12.959773332309048,1485.4314167225036,20.752188173911318,1.0,3.0,0,0,10,7,email,8,6,1,0,0
CUST_02275,247.06224622518445,1,32.15140940368766,6.9144325069428065,264.7799808860197,30.110502671846117,3.0,1.0,0,0,50,14,push,6,4,0,0,0
CUST_02276,40.26566573413101,2,40.84710944120406,0.217518140691644,109.64907033099931,20.2478224346789,3.0,3.0,0,0,20,30,push,5,6,3,0,0
CUST_02277,179.79118493081506,5,62.51203503216818,1.9436450333551056,1873.185475145023,22.189303706067477,6.0,0.0,0,0,20,30,email,18,0,3,1,0
CUST_02278,269.20970402031713,1,80.28813933610657,1.2456219495683738,720.4782075671744,26.283266778862163,1.0,1.0,0,0,20,30,in_app,19,3,5,0,0
CUST_02279,377.3278956427101,1,39.119156702997365,0.15386180116241308,492.02496926864706,24.66501320623732,1.0,3.0,1,0,30,14,email,16,0,2,0,0
CUST_02280,110.64445700603993,8,25.383111027186537,19.21387536516332,748.9334764605543,13.668235180537097,2.0,1.0,0,0,20,14,in_app,21,4,2,0,0
CUST_02281,159.5338321399849,13,61.769541328255755,46.8762610285089,4270.210376304519,47.40893253278271,1.0,3.0,1,0,30,14,push,21,5,4,0,0
CUST_02282,872.9096294664296,9,22.901790824702324,0.1684664795698191,5997.358122872574,25.110994370829665,1.0,,1,0,10,14,push,18,4,4,1,0
CUST_02283,623.8038547730966,1,12.713078701509282,1.7934231492568664,264.3489166678415,29.530232589462912,5.0,1.0,0,0,20,14,email,15,6,1,1,0
CUST_02284,703.2488707344337,8,58.17216102905276,29.564281702458953,163638.02620745194,33.502833718063926,5.0,2.0,0,0,20,14,in_app,18,4,2,0,0
CUST_02285,287.1919848256505,1,73.2843522813656,17.495447433198912,701.5559529449191,10.002119743804228,6.0,3.0,0,0,10,14,email,22,4,4,0,0
CUST_02286,385.58647928374575,6,20.224869512992548,7.780608949091959,1559.6872458975922,21.51804094943294,3.0,3.0,0,1,30,30,in_app,16,3,5,1,0
CUST_02287,468.02149471965066,0,107.39288133697512,73.99786027204472,0.0,17.53872292000487,2.0,4.0,0,0,20,14,email,17,3,3,0,0
CUST_02288,864.4834942287519,9,46.98514046029321,12.786411877280102,12185.363520582894,30.56576866441216,0.0,1.0,0,0,50,7,in_app,9,3,1,0,0
CUST_02289,67.36648377897113,2,42.964628612735865,16.611723739398798,192.95839710062594,120.03524419962318,2.0,1.0,0,0,30,7,in_app,11,5,3,1,0
CUST_02290,195.57092886537973,2,24.28814425915545,15.884083350268323,316.6703288786248,53.9262967832962,3.0,,0,0,20,14,email,23,5,0,0,0
CUST_02291,360.22430664583726,2,60.96947084527666,,1464.179024120225,24.676713177795435,3.0,1.0,0,0,30,14,push,21,0,2,0,0
CUST_02292,320.45855971815257,4,13.268238861038558,10.045105069734355,566.9227620539783,12.381155091495408,3.0,2.0,1,0,10,30,in_app,5,2,3,0,0
CUST_02293,157.7525251674588,0,27.007800526142177,3.658065176826766,0.0,33.740896233332535,2.0,,0,1,20,14,email,4,3,1,0,1
CUST_02294,439.7443457101023,3,21.329733929947036,10.683865335737485,937.9629891195128,47.77949444883272,4.0,3.0,1,0,20,30,email,10,3,1,0,0
CUST_02295,202.17313375607225,3,15.099178674307161,0.468973682889755,305.2648269727535,15.373893465381142,0.0,3.0,0,0,20,7,in_app,5,4,3,0,0
CUST_02296,302.99099271616996,8,55.57827976309626,7.218011502477322,4490.591509034015,9.119758949742957,1.0,0.0,0,0,30,7,email,23,2,5,6,0
CUST_02297,425.88624353918647,4,40.637166787053616,6.983245191661673,2307.574708135154,22.139372446271825,3.0,3.0,1,0,20,7,email,17,0,2,0,0
CUST_02298,210.25146200646773,3,53.66789171892288,5.1718440118349225,1128.3752696708339,26.980182094806192,2.0,1.0,0,1,30,14,email,19,3,1,0,0
CUST_02299,524.8587478087506,2,28.022842877919356,1.2381578041788943,980.5356148630747,21.79591705864578,4.0,3.0,0,0,30,14,push,15,4,4,0,0
CUST_02300,592.545289283309,1,59.802515852511206,22.108341661850464,1181.1899685231974,18.945840836328422,,2.0,0,0,10,14,email,18,0,2,1,0
CUST_02301,163.10302824359914,0,34.68422781477066,8.182675978471309,0.0,8.19969772231963,1.0,2.0,1,0,20,7,push,6,3,2,1,0
CUST_02302,200.9674830965695,2,24.945967842456767,25.227966231846278,334.2218913804331,9.227210684495612,7.0,2.0,1,0,30,14,sms,23,3,3,0,0
CUST_02303,126.82404316938978,3,22.571019054711613,27.093405739660284,286.2547894971865,41.51153343563848,5.0,1.0,1,0,30,14,push,13,0,5,1,0
CUST_02304,297.8467058484433,2,10.077021572127178,3.604295866622009,200.09384533478544,50.17096337530146,4.0,1.0,0,0,30,7,in_app,8,0,1,0,0
CUST_02305,377.1395868532454,3,66.59455264274199,8.205346631005783,2511.544207036042,43.23550972448362,1.0,1.0,0,0,10,14,email,23,3,1,1,0
CUST_02306,227.16794316717284,1,62.21170102095379,19.1467549531075,471.0834720620393,19.71999243366138,1.0,5.0,1,0,30,30,in_app,1,2,1,0,0
CUST_02307,369.4424210811499,7,191.79389634628566,,16533.253663443742,64.04213512080356,1.0,,0,0,20,30,push,16,4,3,0,0
CUST_02308,196.5455605507371,3,27.091720841489728,28.972383027154866,532.4757459074685,3.0353598352186117,2.0,,0,0,50,14,email,19,5,4,1,0
CUST_02309,201.93247272643572,21,22.19626071954871,12.714383981282548,3137.5020686653884,45.74077066712297,3.0,3.0,1,0,20,14,in_app,4,5,2,0,0
CUST_02310,391.5278771871161,5,11.930985820632893,14.896805922883505,778.5522585169964,25.760436716510142,,2.0,0,0,30,14,email,19,0,1,0,0
CUST_02311,213.226186099316,1,58.90817091683385,23.198599222840876,418.692153822771,31.03813092430108,1.0,4.0,1,0,20,14,push,16,2,5,1,0
CUST_02312,285.5693093588158,2,51.31052314780644,1.955425309701822,976.8473772105746,36.558253203324846,8.0,0.0,0,0,50,14,email,8,6,5,0,0
CUST_02313,401.69493482249544,12,84.02109947928788,13.1650038389566,13500.34003161878,43.84772944269762,,3.0,0,0,20,14,email,4,3,2,0,0
CUST_02314,365.50574785801786,1,19.106236275791606,1.339516890392217,232.78130595784003,69.26433590386955,1.0,2.0,0,0,10,7,sms,18,4,3,1,0
CUST_02315,198.89237088055896,0,50.897781578086956,4.5277519768966386,0.0,32.57620648150925,4.0,5.0,0,0,20,14,push,22,4,3,0,0
CUST_02316,634.0563531490188,5,24.210239274491578,,2558.4426705415462,59.0659172704655,2.0,,0,1,10,14,push,10,2,3,0,0
CUST_02317,453.26713569539584,0,74.16035560627765,12.55789943149467,0.0,49.835571572918894,,0.0,0,0,30,14,sms,13,1,2,0,0
CUST_02318,360.2576530166232,10,45.68312953197211,27.85910531853893,5485.899009214219,24.076403492743587,3.0,2.0,1,0,10,30,push,10,1,4,1,0
CUST_02319,111.28038434784294,2,13.02126228007315,2.1374509422285195,96.60073808137399,9.3541809267724,3.0,5.0,0,0,10,30,sms,18,0,3,1,0
CUST_02320,326.42614409932105,0,30.608623292211448,21.940928107611818,0.0,19.563659828162606,2.0,,1,1,30,14,push,20,4,3,0,0
CUST_02321,176.72501849280974,4,10.289577385291834,2.315917838215278,242.4567671598528,0.48788919978491163,,1.0,1,0,20,7,push,14,5,5,1,0
CUST_02322,430.07880791760255,4,16.478079337569675,3.1547373096729996,944.9163624364858,17.135627580770898,4.0,0.0,0,0,10,30,sms,11,5,4,1,0
CUST_02323,5.453610535250533,5,17.087060970585718,37.322916234489725,15.53102928760908,24.673224896573384,5.0,2.0,0,0,50,14,email,16,3,4,0,0
CUST_02324,244.28745839067992,2,22.543237468523806,0.14665189460187292,367.135345672215,44.50727552361624,7.0,1.0,0,0,20,14,in_app,10,2,1,0,0
CUST_02325,191.5343696436331,5,28.286609484977298,3.2936993999526867,902.9763195101234,32.79374370824989,5.0,1.0,0,1,20,7,email,14,0,2,0,0
CUST_02326,526.2180578005065,8,36.55251000574348,3.641703131461947,5129.224219454911,22.28408018602015,2.0,3.0,0,0,20,30,email,11,5,4,0,0
CUST_02327,42.163252872919514,1,35.471424209074065,4.966790662528043,49.8530209563263,26.856385891997203,5.0,1.0,1,0,10,30,push,5,2,1,0,0
CUST_02328,310.69591843319597,3,32.644751824555094,6.7744823150301805,1014.2591150153894,12.709950487505465,,2.0,0,0,10,30,email,9,4,1,0,0
CUST_02329,449.3488528141235,9,40.424306772401806,1.633468335865354,5449.3847621954865,16.544508424378037,4.0,4.0,0,1,10,14,email,7,0,1,0,1
CUST_02330,971.3243518605408,2,15.644559412881465,9.479490959752656,1013.0627687907208,15.575830859994072,3.0,3.0,0,0,20,30,sms,7,1,2,0,0
CUST_02331,201.39619088007487,4,34.60185276332092,,929.1575125234702,16.413205473307027,6.0,4.0,1,0,50,30,push,0,1,0,0,1
CUST_02332,381.89015467305694,5,78.31000839077295,14.709791465411449,4984.303536133445,28.146372178564228,1.0,1.0,1,0,10,14,push,19,3,6,1,0
CUST_02333,45.744801830403944,5,29.979634582218786,30.319585945855735,228.56874048525387,32.862417932659724,5.0,0.0,0,0,50,30,push,1,6,3,2,0
CUST_02334,298.709758642264,4,44.558532383570174,5.301351967461003,1774.6757938333,38.50440248774781,4.0,4.0,1,0,20,14,push,18,4,1,0,0
CUST_02335,665.6476693186188,3,42.13904843223198,11.860995767348602,2804.9759376219613,63.39553383333789,3.0,3.0,0,1,20,30,in_app,5,4,3,1,0
CUST_02336,977.5271272437715,0,55.5543076404368,6.963362322800183,0.0,0.9115432055762364,5.0,4.0,0,1,10,30,email,22,3,2,0,0
CUST_02337,408.4817225937655,4,39.34163370143983,0.6162410696682941,2142.711773868944,33.03565159127202,3.0,2.0,0,0,30,14,push,19,3,5,1,0
CUST_02338,63.00252999913785,1,54.993727716969524,25.81185885662706,115.49146600842636,32.32853818327641,3.0,3.0,0,0,30,30,sms,4,5,3,5,0
CUST_02339,738.1246821573695,0,44.89717285985531,15.085702299072917,0.0,31.981459937055632,3.0,1.0,1,0,30,14,email,19,0,1,0,0
CUST_02340,63.648996793513675,0,49.12514418341418,0.03261949765436286,0.0,7.329283264920624,1.0,2.0,1,0,10,14,sms,9,1,2,0,0
CUST_02341,100.91291718118286,1,43.17564596043979,4.3066723330357055,145.23267950166442,16.052985785340017,5.0,3.0,0,0,20,14,email,21,4,5,0,0
CUST_02342,780.2812406330796,2,18.100261601744403,5.5440018369768165,14123.294578392415,4.886837271571277,3.0,1.0,1,0,50,14,sms,11,6,3,1,0
CUST_02343,282.1855673985816,1,16.40426549194208,25.032369148003365,154.30156552002163,18.800639232163,5.0,4.0,0,0,20,14,email,17,3,2,0,0
CUST_02344,182.7397974304719,0,26.79093341578402,21.45138734948438,0.0,23.55059939587259,2.0,0.0,0,0,20,14,push,1,0,0,0,0
CUST_02345,493.41188156106443,2,84.01407269593213,7.5662891280087194,2763.569445767195,28.068476951951176,2.0,2.0,0,0,10,7,push,2,4,2,0,0
CUST_02346,339.82112066259367,1,29.87458663419383,2.567915308634574,5076.007754681744,30.36076507001178,3.0,1.0,1,0,10,14,sms,0,2,4,1,0
CUST_02347,625.6903744823098,1,39.87444692762444,7.317190769607599,831.6352543473442,10.997973027157828,5.0,3.0,0,0,20,14,sms,1,4,2,1,0
CUST_02348,351.6660813172441,3,10.171769697608225,,357.70663896193736,21.270108927976565,2.0,0.0,0,0,20,30,email,12,2,3,0,0
CUST_02349,357.68850123486874,0,37.19763337861364,9.032916124956875,0.0,20.003302821722233,2.0,0.0,0,0,30,14,email,18,1,3,0,0
CUST_02350,610.6766468688716,2,34.86713904650923,1.8472707194220972,1419.503170588864,28.008475569864654,5.0,1.0,0,0,50,30,email,2,0,2,1,0
CUST_02351,279.1900627328379,0,6.659261718330814,0.5896513266634978,0.0,13.105967647445649,1.0,3.0,0,0,20,30,email,7,6,0,0,0
CUST_02352,137.37594821091847,13,39.43025303467241,6.082020248213085,2347.2663061616463,32.200756427125455,5.0,5.0,1,1,30,14,in_app,11,1,3,1,1
CUST_02353,513.3696067162759,3,12.297692781050127,2.4089201606640422,631.326170652529,71.94126144036598,96.0,1.0,0,0,20,7,push,11,1,2,0,0
CUST_02354,237.1805570894753,2,21.42997196030491,20.49979846540537,338.8515125304636,48.38080948262346,4.0,4.0,0,0,50,30,email,15,6,9,1,1
CUST_02355,372.80275008160487,3,60.14048295047075,4.9016836307897895,2242.0537435171364,52.64563568371562,2.0,0.0,0,0,50,7,push,3,5,3,1,0
CUST_02356,34.17358900355977,5,36.396438123424836,31.488913526174255,207.2994862705691,57.93328273218851,2.0,0.0,0,0,30,14,sms,18,6,5,0,0
CUST_02357,270.32992230168577,6,25.303176606428885,14.409490329238903,1368.041153200351,41.85902593474236,7.0,1.0,0,0,10,7,email,5,4,2,0,0
CUST_02358,194.01167232549744,6,24.036052252397816,7.504808924919802,932.6549387181481,18.05632665024923,2.0,4.0,0,0,50,7,push,10,4,6,0,0
CUST_02359,32.759225617820256,4,25.76983597848759,14.126341889101171,112.55998279379956,74.29718406969403,2.0,1.0,1,0,10,7,email,8,1,3,0,0
CUST_02360,277.0745898916842,2,36.471581660657165,5.247064153221431,673.6899020885103,19.052479368552042,1.0,3.0,1,1,30,14,in_app,11,0,3,0,0
CUST_02361,284.44636201622285,3,16.11280480783383,2.285452050738708,458.3228709465838,43.43850065855824,3.0,0.0,0,0,20,30,email,6,5,1,0,0
CUST_02362,392.77659956696283,5,65.01711096630191,49.93772611804859,4256.199959835326,12.488074370253697,1.0,2.0,0,0,20,30,push,16,5,2,1,0
CUST_02363,658.1132090005808,0,16.63421623054693,12.422873891455058,0.0,22.334303429367317,1.0,5.0,0,0,30,14,email,14,4,2,0,0
CUST_02364,587.7023445688286,4,11.748968861793374,0.11032655755911201,920.6528728456169,11.984903590992198,3.0,1.0,0,0,30,14,email,14,2,2,1,1
CUST_02365,205.72641188950226,3,60.02084263605933,5.572787348201363,1234.7872594100938,58.5247406959,4.0,5.0,1,0,10,14,push,16,1,3,0,0
CUST_02366,345.2520045311269,0,25.47881201913699,2.606990504735496,0.0,13.555041177613067,5.0,2.0,0,0,20,14,email,6,4,1,0,0
CUST_02367,434.390268808408,2,34.54544675453653,4.479796787301311,1000.4137267873112,37.62657964174702,3.0,2.0,0,0,50,14,email,13,0,6,1,0
CUST_02368,210.7036578020286,5,49.046979799718414,0.8599170303123601,1722.3963413238132,43.94980694114949,1.0,2.0,1,0,20,14,in_app,12,4,2,0,0
CUST_02369,70.40326966816943,2,21.506126139402774,4.217264260512794,100.9401065406694,36.187690631521185,5.0,1.0,0,0,30,14,push,15,4,2,0,0
CUST_02370,254.11712052663773,4,35.955693753297545,17.23356445078449,1218.2609817500784,13.06365669198659,2.0,4.0,1,0,30,14,email,18,3,2,0,0
CUST_02371,676.8161758874451,8,48.858530465915166,25.77285823850639,8818.198333178914,12.351332530155599,2.0,3.0,0,0,50,14,push,21,0,1,0,0
CUST_02372,66.6600929746218,5,88.76042901899899,6.401679948883448,986.1297418122986,62.24051958596595,3.0,3.0,1,0,50,14,in_app,4,4,4,0,0
CUST_02373,124.42972765361995,5,24.370287491261912,11.08679086267879,505.3980392296901,20.918863486858108,4.0,4.0,1,0,20,14,push,4,3,1,0,0
CUST_02374,150.9492796724407,6,25.084037302542605,0.6403341194419083,757.2834724190877,5.934329733022252,2.0,1.0,0,0,10,7,push,4,1,0,0,0
CUST_02375,125.79598073376064,4,46.43232943125988,1.4278660104816903,778.8000558077861,30.38419055726747,1.0,0.0,1,0,20,7,push,21,5,6,1,0
CUST_02376,494.9479199635712,4,37.53056915758836,,2476.756951946309,42.70455132858635,3.0,1.0,0,1,10,30,email,9,4,1,0,0
CUST_02377,176.11992252978425,7,30.501581792053006,27.542905089656195,1253.4517851921923,7.165751477320958,2.0,0.0,0,0,20,14,push,15,6,4,0,0
CUST_02378,504.26168212363655,0,86.10900464278919,1.38153139173183,0.0,32.5220534315617,4.0,1.0,0,0,20,30,push,9,0,1,1,0
CUST_02379,310.4265659546335,12,12.067762469296426,8.133368486490225,1498.461624839959,117.89480986777251,9.0,0.0,1,0,30,14,push,11,2,2,1,1
CUST_02380,49.71138169729523,7,14.110973113626958,52.81221957624743,163.67772646674874,9.97858128692707,3.0,2.0,0,0,20,30,push,14,1,5,0,0
CUST_02381,214.58320271822004,5,12.15172136820367,,434.5925482880957,43.979089879421686,2.0,2.0,0,0,50,14,email,10,6,2,0,0
CUST_02382,599.725085084993,5,68.10209502279659,3.302280834791891,6807.0891220021595,9.120024109065072,4.0,4.0,0,1,20,30,push,4,3,3,1,0
CUST_02383,337.3522233675249,3,45.09782380719127,5.035747444455818,1521.385113039287,40.297783973233855,4.0,3.0,0,0,20,14,push,13,0,1,0,0
CUST_02384,228.3914506855806,5,14.549446471237358,44.32352913779747,553.8281977063502,21.27437585626426,86.0,1.0,0,0,20,14,in_app,21,4,3,0,0
CUST_02385,682.2970643107094,2,30.758917899244878,3.745926523090623,1399.1146256019274,15.717387154709192,1.0,0.0,0,1,20,14,email,11,5,6,1,1
CUST_02386,112.91135516771281,2,32.570098514904075,8.72160201574021,245.1689307509153,21.766477895090947,1.0,3.0,0,0,20,14,sms,21,3,6,0,0
CUST_02387,181.79919641377032,4,8.79750561513152,6.591768439060273,213.250593503539,9.119818803186492,3.0,5.0,0,0,20,14,sms,13,0,4,2,0
CUST_02388,561.6937991531661,8,37.075867147803486,10.101310459173021,5553.40924670608,7.419798337894893,2.0,2.0,0,0,30,14,sms,15,1,4,1,0
CUST_02389,487.8230722341101,1,16.33765167429112,4.049207780025597,265.66278109478156,52.07757350388302,1.0,0.0,0,0,20,30,push,8,6,4,1,1
CUST_02390,103.83683763272076,0,50.60250738528609,16.5551456917725,0.0,27.07469103370652,,3.0,0,0,50,14,push,10,2,1,1,0
CUST_02391,423.89668085652,3,16.640429602739456,4.0101739414816615,705.3822876627835,19.742765453125067,2.0,3.0,0,0,10,7,sms,14,1,0,0,0
CUST_02392,173.59903290081346,3,37.76927314556225,,655.6709291436272,55.148846598981535,9.0,1.0,0,0,20,7,email,18,2,6,1,0
CUST_02393,30.599749315801873,4,72.00547369541995,6.642115679217823,293.7799259260555,32.73463414150382,7.0,3.0,0,0,30,30,email,16,2,1,0,0
CUST_02394,232.1320449949144,3,59.426250039515196,4.344782816357009,1379.4736948051775,34.77629178567421,1.0,0.0,0,0,20,14,push,15,4,0,0,0
CUST_02395,1018.7089618495478,1,44.893765416036715,17.811781911254307,1524.4560386829298,35.85150584739354,4.0,2.0,0,0,10,30,sms,22,6,3,0,0
CUST_02396,606.8275830969518,1,31.53817302272242,50.38922407789598,637.9411103557378,28.335021208710675,1.0,0.0,1,0,30,30,email,2,0,1,0,0
CUST_02397,289.126133558356,6,13.462896008834573,30.531420550763407,778.4950139065124,39.913867427827455,1.0,1.0,0,0,20,14,in_app,21,4,5,1,0
CUST_02398,62.07970341675779,1,25.4455912412788,1.3625868250417663,52.65515858408793,15.67113891566324,2.0,4.0,0,1,20,30,push,10,0,0,0,0
CUST_02399,31.999531650910342,6,28.916035372912535,9.088416665658642,185.05991782687155,30.32874957093065,3.0,2.0,0,1,30,7,email,6,4,1,0,0
CUST_02400,311.17237567203443,7,27.696515025097206,17.800834117508604,2010.9577549123285,21.783082264083834,2.0,4.0,0,1,30,14,email,4,6,2,0,0
CUST_02401,404.0749115751481,6,13.195642409633043,12.404150828457551,1066.4056079699492,66.51675984063039,0.0,2.0,0,0,20,7,push,23,0,1,0,0
CUST_02402,498.99670824831577,2,42.97681769294191,19.43895498082253,1429.6860373177324,26.71118388422175,2.0,2.0,0,0,20,30,sms,22,4,4,0,0
CUST_02403,459.4953341441959,4,16.30465413163102,55.40545065802277,998.9216664425786,12.539627321068119,1.0,1.0,0,0,30,7,email,23,0,2,1,0
CUST_02404,487.4562109243492,7,83.73569634122534,6.284452767144199,9524.079893441305,26.332799950543812,4.0,3.0,0,0,10,30,push,14,5,2,1,0
CUST_02405,368.97596947070485,6,36.19108114229606,22.102193073990392,2670.7278501343267,40.87333721658226,3.0,1.0,0,0,20,30,email,11,0,1,0,0
CUST_02406,672.3779517456587,12,59.59415964932096,1.4819203928284375,16027.919600405685,54.44488553756851,2.0,1.0,0,0,20,14,email,15,4,1,0,1
CUST_02407,193.6817404823112,1,58.85965516392468,30.574290508565582,380.0013485445862,36.034798502649785,4.0,4.0,0,1,10,30,push,8,1,4,0,0
CUST_02408,307.5938980012686,3,115.21028052666094,22.605402490719477,3543.797927701529,25.026118968983752,2.0,1.0,0,0,20,7,in_app,8,5,4,0,0
CUST_02409,49.95615256198626,7,36.93385474328652,11.039801229041425,430.5170991935009,19.47131989222958,4.0,1.0,0,0,30,7,push,12,6,4,1,0
CUST_02410,190.16031055137447,0,26.20534113523924,25.808347108828926,0.0,44.6695140856124,4.0,1.0,0,0,20,30,push,20,4,2,0,0
CUST_02411,595.5026560647882,0,26.51018198732405,16.477239492577194,0.0,31.470672606879884,135.0,1.0,0,0,10,14,in_app,23,5,2,0,0
CUST_02412,476.5498887023166,10,81.26062523669721,12.05200736861419,12908.247304142904,9.315020909055905,5.0,0.0,0,0,30,14,email,9,0,3,0,0
CUST_02413,17.47461576334696,0,14.997128515045752,43.78171068797847,0.0,22.63162095312748,3.0,1.0,0,0,10,30,sms,21,0,3,1,0
CUST_02414,1068.7110183704626,4,19.552932067911314,2.093504414211565,41792.867884851956,21.68276441601737,3.0,4.0,1,0,20,14,in_app,5,1,3,1,1
CUST_02415,338.0146127127159,5,38.17554229248411,74.35856188416412,2150.6485238486543,29.46154352725988,2.0,2.0,1,1,10,14,push,5,1,1,0,0
CUST_02416,342.83363015281736,2,30.21448749065727,2.516215880119327,690.5694953085947,43.71175458036905,4.0,1.0,0,0,20,14,email,22,0,0,0,0
CUST_02417,179.8199375996781,0,59.180179176653944,9.813973696610223,0.0,35.676911832453975,79.0,3.0,1,0,20,30,in_app,22,0,2,0,0
CUST_02418,215.50385643089635,9,14.831956226217583,3.9479836289930716,958.9031295492399,59.65681482524137,1.0,4.0,0,0,10,30,push,4,5,2,1,0
CUST_02419,335.18144684739104,2,31.811644290549722,4.760034366247105,710.8448639934002,27.91187366768239,1.0,,0,0,50,7,email,21,0,3,0,0
CUST_02420,457.601249122896,4,29.600550362616655,14.988237669131554,1806.0331760878096,10.482872595557522,4.0,,0,0,20,30,push,11,2,8,2,0
CUST_02421,381.85784045133437,0,17.403191650696016,0.5299027886404191,0.0,47.380210500133146,3.0,7.0,1,0,50,14,push,19,1,2,1,0
CUST_02422,192.4528492993718,2,56.103380679505136,42.38902698410074,719.8170311398726,15.04813512565692,3.0,1.0,0,0,20,14,email,8,4,3,1,0
CUST_02423,135.60244954454203,0,31.341071510830872,4.919690650916495,0.0,57.206371645395436,3.0,0.0,0,0,20,14,push,16,6,3,1,0
CUST_02424,127.09207176925993,5,30.555821792199012,4.772790663875073,647.2337826971457,13.435612938131957,3.0,4.0,1,0,50,30,push,20,1,5,2,0
CUST_02425,627.4797510795713,4,20.1898080609259,29.878464888780087,1689.1594315218806,24.20277734610744,2.0,2.0,0,0,20,30,sms,18,6,1,0,0
CUST_02426,576.7426655350639,7,26.524813419263033,21.712093942538573,3569.531371990732,24.277314376573838,2.0,0.0,0,0,10,14,in_app,9,2,1,0,0
CUST_02427,428.0850560697239,5,17.939831185699436,16.708413875606585,1279.9622731685874,25.030667655981944,3.0,1.0,0,0,20,7,push,4,6,2,0,0
CUST_02428,624.3963952240445,4,55.604260789143815,2.373658570354979,4629.213332778544,19.628606797715157,3.0,2.0,1,0,10,14,email,20,1,4,0,0
CUST_02429,271.8420814858561,3,61.54013712107536,22.02016377536478,1672.9198969918127,132.64845529467303,3.0,,1,0,50,30,push,9,0,3,0,0
CUST_02430,542.9667322960163,3,90.74350631991847,6.712277253053177,4927.070510360903,13.510323210060868,1.0,1.0,0,0,10,14,email,13,4,1,0,0
CUST_02431,444.067954273197,5,42.966984830676516,76.46410716024594,3180.0435091743348,23.474224002141934,5.0,1.0,0,0,30,14,email,0,5,1,0,0
CUST_02432,553.1370078819537,1,27.017068799195343,16.686844673071107,498.1380199109266,19.056082629884312,0.0,1.0,1,0,10,7,sms,23,0,5,0,0
CUST_02433,115.1351410644759,15,24.99365683671023,27.108556179878267,1438.8241028058674,8.23693562777177,5.0,2.0,1,0,10,30,in_app,5,3,2,1,0
CUST_02434,365.1125077775206,1,44.4510607800935,19.85178182395942,540.9879424930309,51.63942490262778,4.0,3.0,1,1,10,14,sms,15,6,3,0,0
CUST_02435,225.63265789296753,1,37.3569186509614,13.52984014286974,280.964694863593,13.623792477693286,2.0,0.0,0,0,20,14,in_app,19,4,3,0,0
CUST_02436,23.39329769048745,2,29.828822145977593,18.898576534875016,46.51963441449724,11.178347560037464,4.0,2.0,1,0,10,14,email,4,4,0,0,0
CUST_02437,696.5089906317864,3,28.29691686103491,13.650300099387866,1970.9057000871003,20.53552207432978,4.0,1.0,0,0,20,7,push,13,3,2,1,0
CUST_02438,577.8503733520047,7,66.86758044628237,0.7883364800252417,9015.87314274021,48.1379840926451,2.0,2.0,0,0,20,14,push,23,6,1,0,1
CUST_02439,389.00634697003426,0,25.556497604945505,6.358785757428915,0.0,32.43541803770059,2.0,2.0,0,0,30,30,email,21,6,2,2,0
CUST_02440,143.4615881542628,4,74.29216951793532,5.706119329574448,1421.0763501958286,37.86698768010509,3.0,,0,0,20,30,email,7,1,0,0,0
CUST_02441,47.26725380588829,2,36.93951023902306,18.775046917218045,116.40194706220747,141.50580876236364,2.0,2.0,0,0,20,14,in_app,23,3,0,0,0
CUST_02442,22.882984093502213,3,26.5564195666974,-6.0,60.76901265251075,7.495336095946426,0.0,0.0,0,0,20,14,email,23,1,2,0,0
CUST_02443,188.95432359957667,3,20.673205733993132,14.142939993039946,390.62916061015625,36.043626647774374,2.0,3.0,1,0,30,14,sms,10,0,2,1,0
CUST_02444,492.4977643040506,8,30.183190457212113,28.157954709500547,3964.0410185974188,35.72449296340859,2.0,3.0,0,0,20,7,push,5,3,1,0,0
CUST_02445,227.60842249566434,1,44.79154537624349,11.176309384744304,339.83109947432496,18.984619228848594,3.0,2.0,1,0,20,30,email,3,2,1,0,0
CUST_02446,431.87737284036706,4,26.411307291821316,3.69382615100218,1520.8594675295226,15.061531521415935,,3.0,1,0,10,14,in_app,10,4,3,0,0
CUST_02447,447.3894236213105,3,55.15797449928168,0.18776545999617725,2467.7094419352575,31.101575946868532,3.0,4.0,0,0,50,14,email,12,5,3,0,0
CUST_02448,487.45937382941577,4,25.63156752150076,2.6063308734671113,1665.91304723962,13.768931382095296,4.0,1.0,0,0,20,30,sms,7,3,2,0,0
CUST_02449,37.48483760628477,5,30.726616027350946,,191.96370199598618,34.97630461535483,3.0,4.0,1,0,50,30,push,0,1,3,0,1
CUST_02450,155.5777228808498,1,15.301997240979901,4.058735018976456,79.35499620935664,46.139821712498815,3.0,1.0,1,0,30,14,in_app,5,1,3,0,0
CUST_02451,426.15562254827313,7,46.32520058357029,15.117753449890769,4606.407095351839,20.48187855749997,4.0,1.0,0,0,10,7,push,7,3,2,0,0
CUST_02452,799.5266030600085,5,28.21050944459926,2.462845268896231,3759.1754644721227,35.229486165010435,2.0,2.0,1,0,20,7,sms,8,4,1,0,0
CUST_02453,654.3114269637406,6,85.3979678122181,1.2821139623082927,11175.373235803203,7.1939009646405205,3.0,0.0,0,0,20,14,push,10,6,6,0,0
CUST_02454,374.3304344209414,5,50.5461110800156,53.031865889032005,3153.4912864785665,15.383529309417565,3.0,3.0,0,0,30,14,sms,16,2,4,1,0
CUST_02455,701.511243953836,6,34.837690611412555,86.66962655845725,4887.806335458179,14.56058830114422,7.0,4.0,0,0,10,14,email,18,3,1,0,0
CUST_02456,372.2204506818531,4,69.06897290325594,15.20125828413716,3427.85122962435,45.16142651017938,0.0,3.0,0,0,30,7,email,9,5,2,0,0
CUST_02457,64.6062017159645,1,42.22723152182473,1.7238647781890515,90.93803458685811,17.273355376265194,2.0,0.0,0,0,10,7,email,22,6,2,0,0
CUST_02458,481.64421415420424,3,60.640080722732925,25.849234056300947,2920.694402594821,10.560968991938116,3.0,3.0,0,0,20,14,email,5,2,1,0,0
CUST_02459,669.6420634085232,3,19.738619555064336,11.622313283679661,1321.780992768911,10.29313060073741,5.0,6.0,0,0,30,7,in_app,8,4,7,2,0
CUST_02460,967.6239088545245,2,43.67226860394284,3.0147438938288347,2817.222083672793,19.41512063794195,2.0,5.0,1,0,10,14,email,5,6,1,0,0
CUST_02461,184.39388179961426,4,44.774246372125376,12.859442004406816,1100.8129457611326,39.58732449889836,4.0,2.0,1,0,10,7,sms,15,6,3,2,0
CUST_02462,103.52515328561194,3,13.107116944188386,0.6026786994810256,135.69162907795442,0.3868815894811539,9.0,7.0,0,0,10,14,push,6,0,1,0,0
CUST_02463,544.0708940364555,3,81.77530297933791,53.88778928034782,4449.15622020704,41.503597545358005,2.0,1.0,1,1,10,14,in_app,16,1,3,0,0
CUST_02464,407.90395422863264,1,16.507265963120837,26.2275257795656,224.4459686620236,37.089400111032795,3.0,1.0,1,0,20,14,sms,2,0,1,0,0
CUST_02465,381.54276790429645,1,15.1897761714222,4.532332991318151,193.1849748097051,17.508658853004118,2.0,3.0,0,0,30,14,sms,6,5,6,0,0
CUST_02466,708.1500378554509,3,5.994178100073845,8.14279327373471,424.4777448479608,56.14606595872211,2.0,3.0,0,1,30,14,push,11,2,0,0,0
CUST_02467,542.5943576612273,0,44.005453256928,7.544934884080107,0.0,33.450050822142074,3.0,0.0,1,0,30,14,email,18,4,2,0,0
CUST_02468,436.01446815837716,0,12.356234380652204,29.65264312697892,0.0,26.90595402851137,2.0,,1,0,10,30,push,5,3,7,1,0
CUST_02469,205.08800459585234,4,24.284743366901157,6.569073690687453,664.0679412320159,38.33146634053889,3.0,6.0,0,0,20,30,push,6,5,5,0,0
CUST_02470,512.3894108993101,1,54.746915679235975,0.7375411653528992,935.0579957812641,45.76044805671536,,0.0,1,0,20,14,email,14,2,5,2,0
CUST_02471,99.22932998119745,4,37.15995659231825,3.625129050849405,491.64767930481617,35.14910375009689,4.0,1.0,0,0,20,14,email,19,0,3,0,0
CUST_02472,371.43624854825646,1,22.77769217518788,3.6419625439685963,282.01535107129206,45.41048938633472,2.0,7.0,0,1,30,7,email,13,4,2,0,0
CUST_02473,292.18534352632713,1,12.750778052975189,44.710009236839745,124.18634885455026,43.609662897633704,2.0,2.0,0,0,50,14,push,14,4,1,0,0
CUST_02474,61.062639271930074,2,31.04482937516954,,126.37861449297307,31.362407355493094,2.0,3.0,1,1,30,30,email,23,1,3,1,0
CUST_02475,408.76555456286536,0,55.32169566117369,5.36284284240982,0.0,26.208306699530425,7.0,3.0,0,0,50,30,push,18,1,6,2,1
CUST_02476,184.74613582074306,2,50.42574549936763,0.041564034123041424,621.0641084592264,21.882523715802783,3.0,1.0,0,0,50,7,push,10,6,5,1,0
CUST_02477,401.58827277690165,5,96.74401809708304,10.916005805980959,6475.2105215174815,19.78367402699183,4.0,1.0,0,0,20,14,in_app,4,2,2,0,0
CUST_02478,127.96324531900301,6,22.374565746654117,23.9359782008919,572.6244091090525,15.291877554528535,1.0,4.0,0,0,20,30,email,21,1,3,1,0
CUST_02479,546.3629560088211,8,15.025966188900917,4.692023772172401,2189.235014361735,46.55842835108066,2.0,2.0,0,0,30,7,sms,19,4,2,1,0
CUST_02480,882.9740212365134,2,39.883814393860696,8.671692815183263,2347.758131839861,13.847435812056636,6.0,0.0,0,0,20,7,sms,10,2,1,0,0
CUST_02481,99.26640457147336,1,37.59431105139701,2.845435871114903,124.39506968045957,6.596454379892366,3.0,2.0,0,0,20,14,sms,19,0,3,1,0
CUST_02482,127.80404925901686,13,33.01903562660269,5.948961698549205,1828.6521308066103,29.770888522438483,2.0,2.0,0,0,20,7,sms,17,1,2,0,0
CUST_02483,82.68588348070763,2,21.161028129100668,21.335228772343452,116.6478870809863,23.164342885666457,1.0,3.0,0,0,20,7,in_app,6,4,1,0,0
CUST_02484,252.95400425356706,16,6.7394110506060105,8.38662221141287,909.2058728328159,9.152741361313268,5.0,1.0,0,0,20,14,push,5,1,4,1,1
CUST_02485,397.08478425040136,6,18.102174020865696,8.893307537408932,1437.619573107735,33.26216578867183,1.0,2.0,0,0,10,14,in_app,18,3,4,2,0
CUST_02486,490.7564066442321,3,46.258307977710565,23.377725119129277,2270.1561000583456,44.974813335048246,0.0,3.0,1,0,20,30,email,13,6,3,0,0
CUST_02487,366.05372717949524,3,39.2667521303211,21.593701996806704,1437.3740971537427,35.205560809735005,1.0,1.0,0,1,20,7,email,10,6,1,0,0
CUST_02488,480.27907270551276,7,59.09571398345092,,6622.568099663135,48.7960262331589,4.0,2.0,0,0,10,30,email,9,3,0,0,0
CUST_02489,284.130505154693,3,40.73587465733283,8.049132059664297,1157.4304644306235,21.275887030408693,4.0,2.0,0,0,20,7,email,16,4,2,0,0
CUST_02490,182.87010578238514,4,51.50146972180623,28.34301604571974,1255.7438954633346,54.38426131735543,2.0,2.0,0,0,20,30,email,10,5,6,1,0
CUST_02491,130.87837455123912,1,52.39646947398595,9.152444794162848,228.5854918992967,20.89545789961652,2.0,3.0,1,0,10,7,in_app,0,6,4,8,0
CUST_02492,260.52582477053795,5,33.524787888980214,16.260148103393224,1455.6788358389852,28.352412399245896,3.0,,0,0,20,14,sms,8,2,5,0,0
CUST_02493,133.94774080960036,7,33.66636447826343,5.478431700958762,1052.2244747317256,24.18968079839936,3.0,3.0,0,0,10,30,sms,21,4,1,0,0
CUST_02494,388.4460967819007,0,5.781612023718502,0.9210884788985471,0.0,36.43483173129158,2.0,4.0,0,0,30,14,push,9,2,4,0,0
CUST_02495,135.9916999182956,0,22.332645907383352,2.703039617062718,0.0,73.24974998180632,3.0,0.0,1,0,20,14,email,2,3,2,0,0
CUST_02496,200.33986300563546,6,22.918819020375754,-1.0,918.3106125586062,19.830154852902922,2.0,,0,0,10,14,email,17,0,5,1,0
CUST_02497,625.3071742124819,3,31.022655592149572,6.541966228483006,1939.8689104894097,32.28156270560207,2.0,2.0,0,1,20,30,push,7,2,2,0,0
CUST_02498,666.2865020813731,7,18.94986294813962,33.89874163206946,2946.0755096820517,30.171988353472738,6.0,4.0,0,0,20,30,push,2,4,6,2,1
CUST_02499,652.2114973998407,1,58.121660486131454,11.832409557594799,1263.5871739008317,8.749612085166673,6.0,3.0,1,0,20,30,push,18,2,2,1,0
CUST_02500,287.82754097607346,1,19.51325583822854,14.798903405091611,187.21508147847769,16.24383976323994,1.0,2.0,0,0,20,14,push,0,4,5,3,0
CUST_02501,189.31448986038944,6,64.16510871317735,17.504140153249363,2429.47696457432,10.629017520933765,2.0,2.0,0,0,20,7,email,5,6,4,0,0
CUST_02502,432.08140494782253,4,18.60270460171012,11.377320124488085,1071.7176986848308,35.695228365295016,8.0,2.0,1,0,20,14,push,6,6,0,0,0
CUST_02503,138.6632807395219,3,23.051529486780492,22.02204881350456,319.640070470081,28.447645008883022,2.0,1.0,0,1,50,14,push,16,1,5,0,0
CUST_02504,507.72007179193884,1,22.023555567074677,22.924816411921288,372.7267071209637,27.42749825682566,2.0,1.0,0,0,20,14,email,4,4,0,0,0
CUST_02505,174.890661311494,2,24.58802644081225,6.493761853284804,286.6810803052103,25.79805643499023,2.0,1.0,0,0,10,7,sms,16,1,6,0,0
CUST_02506,251.960084974181,5,67.16704783228991,1.3289465451368827,2820.5691798814405,37.66888136239397,3.0,3.0,1,1,20,7,push,8,1,3,0,0
CUST_02507,515.609660172418,0,27.214481051845762,64.41488361126324,0.0,18.529997140448998,1.0,2.0,0,0,10,14,in_app,11,0,1,0,0
CUST_02508,44.6119504845069,6,27.63288427216145,15.434363965420317,246.55137297875524,15.552497125992048,7.0,3.0,1,0,10,14,push,19,3,1,0,0
CUST_02509,181.4445184010343,4,21.219530829244455,18.512154675279564,513.355673601088,11.016555567711775,5.0,3.0,1,0,30,7,email,10,2,1,0,0
CUST_02510,394.5149002765106,10,28.335740287875954,21.20165423277328,3726.290584644162,11.580819019063336,3.0,2.0,0,0,10,30,in_app,5,3,2,0,0
CUST_02511,457.29792974416523,3,37.707880547359956,14.238541092980492,1724.3735709347986,6.959333517828591,3.0,0.0,0,0,30,30,push,5,4,3,1,0
CUST_02512,405.8736419145833,11,29.104810683047738,9.548709096384759,4331.3876866931205,14.478783483650112,4.0,3.0,0,0,20,14,in_app,9,5,3,2,1
CUST_02513,249.44418126284864,10,30.25994808984299,62.6688546353411,2516.055992109061,31.44334925710609,4.0,4.0,0,0,20,7,push,5,3,2,1,0
CUST_02514,551.9691117989667,2,60.92345475758512,19.51041725119989,2241.857680684586,32.98070358730498,2.0,3.0,0,0,30,30,push,14,6,4,0,0
CUST_02515,126.8357710887101,11,39.02450068312382,28.047316359998756,1814.8909663484978,20.81848956976862,4.0,2.0,0,1,50,14,email,13,3,3,0,1
CUST_02516,121.74216384190953,2,16.601102479035248,8.688584542493535,134.73694253060265,123.40904439617904,2.0,1.0,0,0,10,14,email,16,3,3,0,0
CUST_02517,391.71894788260846,10,31.46389996008585,35.27308516534872,4108.335262882825,28.148505794884652,2.0,0.0,0,0,30,14,email,14,5,4,2,0
CUST_02518,113.69905970237599,2,23.97447903755243,19.75998127928196,181.72504822826903,44.32681770731591,4.0,4.0,0,0,20,7,push,9,2,1,0,0
CUST_02519,903.0076646243604,6,45.268687781011906,20.56387557533456,8175.594406748175,44.43124891649866,2.0,2.0,1,1,20,30,push,13,4,1,0,0
CUST_02520,185.9734174055466,1,35.22527569467069,,218.36549666634826,13.356872296006525,3.0,4.0,1,0,10,14,in_app,20,0,2,0,0
CUST_02521,544.8970183563601,2,65.24741876101741,14.41370165644628,2370.2082625551484,21.97092856022348,3.0,1.0,0,0,30,7,push,2,1,1,0,0
CUST_02522,95.42672886577581,6,21.24189116616253,6.12441312825899,405.40883778194205,59.23654228871449,2.0,,0,0,30,7,email,4,4,1,0,0
CUST_02523,779.7725185239159,1,29.50465072550592,16.58462904578744,766.8971934798743,19.2285897201543,0.0,1.0,0,0,30,14,email,23,0,2,0,0
CUST_02524,303.30001878438736,10,17.488289884883066,12.597381554974898,1768.0662168639487,18.282732675087004,4.0,7.0,1,0,10,30,sms,18,0,3,1,0
CUST_02525,181.65338227449485,1,32.295187975650165,1.7680685189469454,195.5510042322483,54.54336119857361,2.0,,1,0,10,14,sms,3,0,6,1,0
CUST_02526,235.70873297541473,1,13.171447123144429,11.324947580956659,1552.3125564245224,26.33281642429389,3.0,1.0,0,0,20,30,email,22,2,1,0,0
CUST_02527,157.38426501906824,11,40.160773654774594,9.001915424223748,2317.580409559748,48.988077067491474,1.0,3.0,0,0,10,14,in_app,22,0,2,0,0
CUST_02528,251.40810840595353,13,32.03164270645178,22.47136596895615,3489.6397041845726,32.93090342728263,4.0,4.0,0,0,20,30,email,15,0,0,0,0
CUST_02529,101.19389002385117,4,36.34696994846555,,490.4121706220328,61.3889430998378,3.0,2.0,0,1,20,30,email,21,4,0,0,0
CUST_02530,186.69166095328964,7,53.137388014515366,,2314.7383530015036,49.431019470603474,4.0,2.0,0,0,10,30,email,9,0,2,0,0
CUST_02531,537.7154505238211,1,37.89736155027641,19.067240873794738,679.2665613223672,32.05075650685597,4.0,0.0,0,1,50,30,sms,10,5,5,0,0
CUST_02532,351.3565741617386,6,15.39331736909127,16.565889497630018,1081.708651157659,43.78580334098901,1.0,2.0,0,0,30,7,in_app,10,6,1,0,0
CUST_02533,124.44533208211784,9,23.72374237535002,72.15412127612747,885.6926994393134,13.94351666254745,2.0,2.0,1,0,10,14,sms,21,1,1,0,0
CUST_02534,258.3441026549857,9,31.560017710346497,,2446.0033365464765,59.177723121048665,2.0,0.0,0,0,30,7,email,22,4,4,2,0
CUST_02535,671.4360989196956,6,27.197915055574526,17.48843389992271,3652.332396732843,1.3194062915335687,2.0,2.0,0,0,10,30,sms,13,3,2,0,0
CUST_02536,205.36096280919028,8,29.26596323364027,2.74548114259066,1602.6897032529946,28.720113965590294,3.0,3.0,0,1,30,14,sms,21,1,1,0,0
CUST_02537,112.52859543906655,6,87.60792876752032,24.487585898314798,1971.6794347069708,14.9825590129977,2.0,0.0,1,1,10,14,push,20,0,4,0,0
CUST_02538,445.541922234356,2,35.170697117322824,23.137600766846127,1044.667999998289,36.61349314242705,5.0,2.0,1,0,20,14,email,10,0,1,0,0
CUST_02539,25.433890425757518,5,41.65226587644997,19.409594290104735,176.56319438102457,12.477506659784506,3.0,1.0,0,0,20,14,push,16,4,3,0,0
CUST_02540,240.01598884314913,8,9.921648656083397,1.9013291498419547,635.0278168384422,29.983824014189864,4.0,1.0,0,0,20,14,email,6,3,5,0,0
CUST_02541,711.226538572132,0,51.81101603064217,65.78400016434142,0.0,43.738414754677315,3.0,0.0,0,0,20,14,email,5,0,4,0,0
CUST_02542,252.56163438768985,0,183.3097101878098,42.86843582462337,0.0,28.94128624564904,4.0,3.0,0,0,10,30,push,15,3,4,0,0
CUST_02543,574.836606025548,4,74.24663685472254,6.93271019818906,5690.62463178401,14.696476769764638,4.0,6.0,0,0,30,14,email,10,6,4,1,0
CUST_02544,111.04862682906692,9,25.42888899313036,12.916952259430795,847.1529613427701,41.16932275046109,2.0,1.0,0,0,20,14,email,16,2,5,1,0
CUST_02545,244.82780062577515,5,130.14307916401273,32.95810963144079,5310.440639731897,6.266833413372995,2.0,2.0,1,0,10,14,email,18,1,3,1,0
CUST_02546,226.72693558137476,2,33.666316258557416,,508.87071450774243,12.059506839491482,3.0,2.0,0,0,20,30,sms,10,5,4,2,0
CUST_02547,428.65944818875425,6,39.80242204786786,13.713018992847196,3412.3368543229885,21.08432803915063,3.0,3.0,0,0,10,7,email,22,1,6,1,0
CUST_02548,316.04198209544194,6,28.20610011052799,13.866463821932708,1782.8623572227464,41.66153417648154,3.0,1.0,1,1,20,30,in_app,21,1,1,0,0
CUST_02549,775.3121846147071,7,27.77145456843631,15.715435849804212,5024.027659322571,4.89440522604508,2.0,1.0,1,0,20,14,sms,4,6,1,1,1
CUST_02550,195.99200936697537,2,8.594675506219968,12.8526617881861,112.29918148807852,58.92048615497667,1.0,4.0,1,0,20,14,email,5,4,4,0,0
CUST_02551,313.1697535897748,2,53.11696767630401,7.811730948639959,1108.975178574944,19.033508274153377,1.0,0.0,0,0,20,30,email,5,1,3,0,0
CUST_02552,233.6435664418057,3,27.71021382896325,11.630964208990363,647.4313185864019,63.81501485856395,2.0,1.0,1,0,10,14,email,12,5,3,0,0
CUST_02553,296.15663579040665,4,29.581926607935756,30.770706270648773,1168.1178485873293,29.93345490761795,2.0,2.0,0,0,20,30,sms,11,0,4,0,0
CUST_02554,276.07568055032,4,39.017200465695,29.93790865156252,1436.2266895646678,33.040082742521186,2.0,3.0,0,0,10,7,push,21,6,2,0,0
CUST_02555,137.43670925155138,1,25.82267700147004,22.21209218871065,118.29945837159202,21.880917615480328,1.0,2.0,1,0,20,30,sms,9,3,4,0,0
CUST_02556,517.4634477960377,2,38.7951821032219,8.019287037419554,1338.3392459338895,57.10956243792579,5.0,3.0,0,0,30,7,email,10,2,2,1,0
CUST_02557,170.13407632228356,1,68.15852933751728,23.124765148679497,386.53628107745897,48.75179912873874,2.0,1.0,0,0,10,14,email,20,6,1,0,0
CUST_02558,159.87453888579768,1,42.21974540559003,7.361824457992164,224.9954109531494,63.68081055060283,2.0,0.0,0,0,20,14,push,12,6,5,1,0
CUST_02559,65.15669360724023,2,30.201805818059707,,131.18998720484547,45.39498867855063,,0.0,0,0,10,30,sms,14,5,6,1,0
CUST_02560,191.31782846742001,1,30.750398012675298,12.570102221233622,196.10331240979687,64.48450168027028,2.0,0.0,1,0,50,7,in_app,4,0,4,0,0
CUST_02561,168.22410142500186,5,37.35086786974612,5.350652746033643,1047.2193641386689,38.05537663908696,4.0,4.0,1,0,10,30,in_app,1,2,2,1,0
CUST_02562,32.99656535669608,6,20.099799128414226,,132.64486711943658,35.090200137543555,1.0,1.0,0,0,30,7,email,18,5,1,0,0
CUST_02563,250.55810663804917,15,37.51406092756483,26.611306576278956,4699.72603915753,30.64920093525587,3.0,3.0,1,0,20,30,sms,8,6,2,0,1
CUST_02564,752.3827090091555,3,49.936017475402735,36.58514855464754,3757.099610527204,3.0820049813267847,4.0,2.0,0,0,20,30,email,11,0,2,0,0
CUST_02565,78.78973218707858,7,34.90079672228075,3.446772633885327,641.6256996016398,24.794915129700605,2.0,2.0,0,0,20,30,in_app,20,6,1,0,0
CUST_02566,292.0425722799629,0,25.675064326876534,9.138014716679368,0.0,41.56544703606734,0.0,1.0,0,0,20,30,email,10,6,4,0,0
CUST_02567,245.85613252453788,2,27.875213476536562,8.524320149314704,456.8861452424772,3.8131244017238366,8.0,2.0,0,0,20,7,email,22,4,1,0,0
CUST_02568,470.4410569060534,1,48.974575895737935,,767.9883748638894,39.41400258263039,3.0,2.0,0,0,20,30,in_app,15,2,1,0,0
CUST_02569,494.95188364183355,6,17.113956106992266,56.341751429572945,1694.1169623438968,45.54812383777314,4.0,1.0,1,1,30,14,email,3,5,2,2,0
CUST_02570,1131.0585363972066,2,20.289950489508257,10.970292545849146,1529.9414469489998,21.95958999389999,1.0,2.0,0,0,30,14,in_app,4,6,2,0,0
CUST_02571,360.895047601098,5,12.627277964682897,,759.5203470227549,21.797467707080198,6.0,3.0,1,0,50,7,sms,19,3,2,0,0
CUST_02572,149.5195362517997,4,33.79791856257504,16.35685285102217,673.7932146336417,32.221754997434736,7.0,1.0,1,0,30,14,email,23,4,2,1,0
CUST_02573,186.83028715267014,2,55.54161754641434,-2.0,691.7904236746915,54.00273928781406,4.0,2.0,0,0,20,7,push,5,1,2,0,0
CUST_02574,203.2637793088512,11,73.6179657546436,17.843989058748864,5486.7508462500955,9.999236357403822,4.0,,0,0,20,7,email,12,4,2,0,0
CUST_02575,174.2299738270378,7,83.86425719170532,15.62182262211189,3409.3890449581168,27.119852631504248,2.0,1.0,0,0,20,14,email,10,3,2,0,0
CUST_02576,877.2474065590751,0,21.883118934713693,21.31135520647173,0.0,16.68732496082668,,3.0,0,0,10,7,email,9,2,3,0,0
CUST_02577,478.54575620488976,7,38.47538088830458,1.1604828941033989,4296.187056575138,36.817354823668715,7.0,2.0,0,0,20,30,in_app,17,6,4,0,0
CUST_02578,426.0134893353016,6,26.01342095166248,4.142382015776457,2216.413645833155,32.84504367345918,,,0,0,10,7,push,0,4,5,1,0
CUST_02579,115.54465186155137,1,88.99555025390195,21.9988213384146,342.76532904381,20.08428876918405,4.0,4.0,0,0,10,14,push,16,1,3,1,0
CUST_02580,491.49763010364524,2,72.3899718951984,6.9452050900408,2371.9666419839664,48.29381405059097,3.0,2.0,0,0,20,14,in_app,4,3,4,1,0
CUST_02581,637.3275667099831,4,36.629094759183886,36.256301736130325,3112.6309111546743,41.63259736579732,4.0,1.0,0,0,20,14,sms,9,1,4,1,0
CUST_02582,249.39662326361628,4,22.837103329067276,10.936913996899623,759.3995273855559,12.316306503832285,5.0,3.0,0,0,50,7,in_app,9,5,4,2,0
CUST_02583,184.9987568485228,5,4.183608917600444,0.015414921491595058,128.99374148274603,7.91517415106638,5.0,,1,0,10,30,push,8,3,2,0,0
CUST_02584,788.1123117190007,0,14.010963208576575,,0.0,26.701499475544928,,2.0,1,0,10,14,email,22,0,1,1,0
CUST_02585,165.0421981360259,5,10.898491061152095,10.806664846272712,299.78515351639516,47.52610936214184,3.0,0.0,0,1,50,30,push,15,0,4,2,0
CUST_02586,150.41871543059426,1,13.905166449012649,5.720978671117246,69.71990917030269,47.22358706814269,6.0,4.0,1,1,20,30,push,9,6,7,1,0
CUST_02587,128.9540794323111,4,102.23852572188692,0.30978751061362436,1757.8766622643448,8.442325029116002,2.0,3.0,0,0,20,30,sms,4,2,3,0,0
CUST_02588,281.18634952284935,2,15.225553261537641,3.3236635295549948,285.4145160718321,34.969431426025096,2.0,0.0,1,0,10,30,email,4,0,2,0,0
CUST_02589,360.10920943299334,5,17.52159645288615,2.643790673074258,1051.614707775462,61.31257496612962,,2.0,0,1,20,30,push,16,6,4,0,1
CUST_02590,579.8083625060822,2,19.061784526179466,13.114790171506511,736.8121381711928,1.4081430708515792,0.0,2.0,0,0,20,7,push,5,6,2,1,0
CUST_02591,439.8526754509367,3,157.45297423320517,22.016082094531637,6925.6111974182695,50.70617220126673,4.0,1.0,0,0,10,7,push,16,6,3,0,0
CUST_02592,434.8511629763331,5,31.897532743169034,4.010476344508945,2311.779868240453,15.701791068527527,0.0,2.0,1,0,30,30,email,22,5,1,0,0
CUST_02593,703.5268269354451,2,60.130822259986225,17.946178612604907,2820.2431057058225,27.621983704568503,5.0,4.0,0,1,20,14,push,17,1,1,0,0
CUST_02594,123.37151960389788,8,36.79041123344381,34.51243831485004,1210.3703841926074,10.625720225378869,5.0,3.0,0,0,50,14,push,10,5,2,0,0
CUST_02595,73.89436558652328,3,10.067924612778855,14.576497515123997,74.39629020342366,4.612629292492402,6.0,2.0,0,1,20,14,email,15,5,6,0,0
CUST_02596,455.16195389899076,0,83.06169796202892,22.41806047223568,0.0,17.67740230451766,3.0,2.0,1,0,10,14,email,5,0,5,1,0
CUST_02597,271.08444371417147,0,42.125701898152165,3.426704572791897,0.0,37.79637738446466,4.0,0.0,1,0,20,14,email,9,3,3,2,0
CUST_02598,581.2384162676666,2,30.783296227548057,-24.0,1192.828956453231,8.57440081138083,1.0,1.0,1,0,10,7,email,12,6,2,0,0
CUST_02599,291.0867251864036,1,95.20919074789298,6.821117659018787,923.8043847483935,33.72929304783154,1.0,0.0,0,0,30,30,email,8,4,5,1,0
CUST_02600,179.67485292995948,4,26.898503077266337,18.516837133590617,644.3979445925189,28.595188168300535,5.0,2.0,0,0,20,7,push,13,4,4,0,0
CUST_02601,459.8314071410559,2,30.366830208251816,17.38014481628983,930.9081510049303,5.839890035994929,2.0,6.0,1,0,20,30,email,5,5,6,0,0
CUST_02602,319.28654216174107,7,26.921853852191404,46.54282883666201,2005.6833125116527,27.492726777923597,3.0,1.0,0,0,30,14,sms,18,0,2,0,0
CUST_02603,291.28031570026087,3,63.166542565350326,14.91290925134417,1839.917046012921,42.554517447888706,4.0,2.0,0,0,10,14,in_app,9,3,1,0,0
CUST_02604,1267.6209836926782,0,53.962737345540845,7.947182517553087,0.0,11.649205497534059,4.0,2.0,0,0,20,14,push,6,5,1,0,0
CUST_02605,667.9209363150177,2,39.141031554133406,23.9279539731605,1742.8742962648291,18.02420355037391,,1.0,0,0,30,14,email,11,1,4,1,0
CUST_02606,501.2687512778655,6,17.61832355410387,2.492021498660258,1766.3030095150104,32.096511594716546,3.0,,1,0,10,14,push,14,3,4,0,0
CUST_02607,326.7369358341965,0,26.51895720097833,25.151491885072048,0.0,24.221246383796778,0.0,2.0,1,0,10,30,email,11,2,2,1,0
CUST_02608,306.1307285324839,0,17.61497582987544,6.833949826640307,0.0,23.25944704900547,3.0,2.0,0,0,10,14,sms,3,1,5,0,0
CUST_02609,234.8426470738463,3,66.43477857165121,2.5087162566218875,23402.57888629712,32.3262429847319,4.0,1.0,0,0,30,14,push,8,6,0,0,0
CUST_02610,351.6486106725053,2,12.873405381001012,2.6535750254501353,301.79434112353067,10.960018825226573,5.0,1.0,0,0,10,7,email,6,6,3,0,0
CUST_02611,200.2030634114061,9,86.19590863384056,61.654818449470945,5177.005488607364,58.30927100904786,1.0,3.0,0,0,50,14,push,18,5,3,1,0
CUST_02612,99.84850656674368,4,71.70724054795855,14.641517223664785,954.6481171647877,20.319323503646867,3.0,,1,0,20,7,push,23,1,1,0,0
CUST_02613,288.55754054515273,6,19.084617911089726,2.8722133333125823,1101.4020813336044,24.26132922109902,2.0,2.0,0,0,20,30,email,15,1,3,0,0
CUST_02614,372.8162625166331,1,25.793162613288697,4.691153325205681,320.5370161323348,55.87920937724326,3.0,2.0,0,1,10,30,email,22,6,4,1,0
CUST_02615,582.1672039535573,4,21.596726609284982,6.98013212142426,1676.3874592902437,31.530599955798927,5.0,1.0,0,0,30,14,email,19,1,0,0,0
CUST_02616,151.19074243835186,7,42.86862809660489,0.8628393769569428,1512.3125988224995,38.97475813315276,3.0,3.0,0,1,10,14,push,2,1,6,1,1
CUST_02617,307.9723635662241,1,77.28260794324018,1.7213295724178665,793.3635810280508,17.523817226012106,2.0,3.0,0,0,20,14,push,19,6,5,1,0
CUST_02618,437.44978275477183,8,67.44898873983013,21.516791420533284,7868.1454590047315,15.178411034744169,3.0,1.0,1,0,50,30,in_app,16,3,0,0,0
CUST_02619,430.5934185687177,6,25.539894401163114,23.188073944983792,2199.4620880161756,30.278486200569894,1.0,,1,0,20,14,in_app,7,6,2,0,0
CUST_02620,848.5731637265018,11,70.30790510507696,66.63889836244553,21875.84720566587,32.757018911663614,3.0,5.0,1,0,20,30,email,8,4,1,0,0
CUST_02621,238.50714533313197,3,66.89292593603382,,1595.4440807984054,31.66243707215851,4.0,,1,0,30,7,sms,18,2,3,0,0
CUST_02622,140.08686727027066,2,29.56820577295515,32.99831737837029,276.1411545024012,147.87971907940567,1.0,2.0,0,0,30,14,email,22,5,4,0,0
CUST_02623,323.30863429801076,1,32.92805115680307,5.7236518216444345,354.8641083200345,54.26713992651896,3.0,1.0,1,0,30,30,email,6,5,4,1,0
CUST_02624,248.44954453106243,5,83.51518326101997,,3458.21820710477,22.595474382165133,2.0,3.0,1,0,10,14,email,18,5,2,0,0
CUST_02625,215.0338930325376,2,62.490661410584636,2.0421463199573737,895.8406800864121,11.62713050722138,3.0,3.0,0,0,30,30,sms,17,3,1,0,0
CUST_02626,192.10197761159736,4,69.05272827810704,64.35558542858784,1768.688754893418,65.51642006310493,1.0,0.0,0,0,30,7,email,18,3,3,0,0
CUST_02627,373.89819481015576,5,156.21456317743377,59.44124972569788,9734.723862516586,40.43522962610506,2.0,4.0,0,0,20,14,push,11,2,2,0,0
CUST_02628,170.41552573796986,10,45.98706723006976,30.018287083472693,2612.3034130532346,48.77652563027121,1.0,4.0,1,0,20,14,push,1,1,2,1,0
CUST_02629,500.9666608979733,6,40.26162703347607,1.4275242777240476,4033.946571456016,18.11992858825757,,3.0,0,0,10,14,push,5,2,3,1,0
CUST_02630,484.8030860808898,1,74.79585558257773,27.64417713461133,1208.7087204164745,41.840087757336626,2.0,1.0,1,0,20,30,in_app,10,0,2,0,0
CUST_02631,398.43002981909365,1,109.14666703385413,15.102013967311965,1449.5769933651063,49.16662587561032,2.0,2.0,1,1,20,14,email,17,1,2,0,0
CUST_02632,123.17083403913435,11,22.946459207141185,2.0678328539131567,1036.3226568891362,17.591186730147196,4.0,2.0,0,1,30,14,in_app,19,0,2,0,0
CUST_02633,361.8064673589059,3,29.33803764720446,,1061.4691760377632,42.49046531508657,1.0,0.0,0,1,50,30,push,18,4,0,0,0
CUST_02634,608.4286452704127,1,17.972766278863606,17.53024960014202,364.5048612936914,6.490528593359711,4.0,3.0,0,0,30,14,sms,16,1,2,0,0
CUST_02635,525.8322267592569,10,40.67647781229997,24.401872356645512,7129.667634921732,32.27849486046751,4.0,4.0,1,0,10,30,email,19,2,3,0,0
CUST_02636,476.41751017967755,1,56.46128388502277,28.266713896084884,896.6381430016834,39.78631610278997,1.0,1.0,0,0,30,30,in_app,13,0,0,0,0
CUST_02637,304.526368187379,19,18.74025022581487,11.77335390549885,3614.3702154537364,12.354012530655885,1.0,1.0,1,0,10,14,email,0,3,2,0,0
CUST_02638,294.40395860900827,4,65.38398247180561,11.47351235473923,2566.5737692428775,17.092871317639055,,,0,0,10,14,sms,14,0,1,3,0
CUST_02639,675.1559084997434,3,25.229245377053818,17.290120760157393,1703.3674083307724,15.838383274999874,6.0,0.0,0,0,20,14,sms,20,3,1,1,1
CUST_02640,369.63874669467015,6,24.0257350043442,22.55743348805009,1776.168515084811,61.08403312155283,3.0,0.0,0,1,50,14,push,11,5,2,1,1
CUST_02641,372.9818310315732,2,65.23283535703627,2.805533818234468,1622.0441583232357,17.847382161854696,3.0,2.0,0,0,20,7,sms,14,0,3,1,0
CUST_02642,1503.7352955023132,3,22.75797572002752,20.196741847102146,3422.1971344390054,10.596096040056176,,1.0,0,0,20,7,email,20,6,4,0,0
CUST_02643,234.4389843593918,3,14.26631142747276,6.2711122917241005,334.45795616114987,32.08642921616582,1.0,0.0,0,0,30,14,email,21,2,1,0,0
CUST_02644,29.25532111992825,5,51.73809026980876,7.261748145741074,252.26907416251507,4.452695689699613,2.0,1.0,1,1,30,14,push,17,5,3,0,0
CUST_02645,262.1493445523358,3,30.599345561915037,1.2134817892918297,802.1598382786452,21.512084841097725,3.0,3.0,0,0,10,14,email,7,5,2,0,0
CUST_02646,274.14064805884726,2,67.95429181058319,13.316305786847487,1241.9355730222196,3.4355192742561877,1.0,1.0,0,0,20,7,in_app,4,6,2,0,0
CUST_02647,365.69596588849754,2,54.58692594156651,1.47114163124415,1330.8145738056699,23.874165928783945,3.0,1.0,1,1,30,14,email,7,3,4,1,0
CUST_02648,427.7551310777096,3,11.600184272320549,36.65110559578823,496.20383439320625,51.568617721510414,2.0,2.0,0,0,10,14,push,23,6,3,0,0
CUST_02649,36.75670070239058,1,72.91691585715668,14.55211094057125,89.33950841009685,35.8932467072952,3.0,3.0,0,0,10,14,email,11,4,1,0,0
CUST_02650,433.91810775360483,3,103.52881416693982,,4492.302714129312,32.029495397556445,5.0,1.0,0,1,20,14,email,19,5,2,0,0
CUST_02651,286.85919972012914,5,61.56922216865617,4.228525219848773,2943.6162997819233,5.808561235977965,4.0,3.0,0,0,30,7,email,7,5,1,0,0
CUST_02652,242.99165540743044,3,63.074480238980904,17.072802355046218,1532.6572367233227,36.25399907536118,3.0,0.0,1,0,50,7,email,20,1,2,0,0
CUST_02653,60.97117972662158,14,28.542572694614826,50.04378547200327,812.1280204909771,41.851135080094245,4.0,1.0,0,0,20,7,sms,8,0,1,0,0
CUST_02654,768.9231667092513,3,24.87797285889966,5.3196892912635345,1912.9249671971934,44.96964350651627,1.0,2.0,0,0,50,14,in_app,23,4,4,0,0
CUST_02655,212.70665582236316,4,37.617404051603394,1.5192434151718197,1066.8629622046897,43.34298379639859,6.0,2.0,1,0,50,30,push,13,2,4,2,0
CUST_02656,480.81609968879917,12,57.50910107319891,15.075869244002053,11060.520669849775,28.233482837499814,5.0,2.0,0,0,30,30,email,21,2,3,1,0
CUST_02657,149.27595587171447,2,56.64706432565167,6.837941268529942,563.7363116358766,37.15018400674198,,1.0,0,1,20,30,sms,0,0,6,1,0
CUST_02658,377.2382690131398,3,25.465648120517557,,14409.92552442264,39.97462058185307,2.0,2.0,1,0,30,30,email,8,0,2,0,0
CUST_02659,246.03188580752942,11,23.962845842016687,75.74294364758907,2161.7288556697094,65.92761741676497,3.0,1.0,0,0,50,14,email,9,6,1,0,0
CUST_02660,470.7524789236812,5,13.543516316355491,21.043024463310662,1062.6073132112783,10.076455866785233,4.0,0.0,0,0,30,7,in_app,15,0,3,1,0
CUST_02661,239.62303781988854,4,48.8205804853819,,1559.8047738716773,19.582772675193592,2.0,1.0,1,0,20,30,email,12,3,3,2,0
CUST_02662,143.26996560144806,8,26.20974362131071,0.7694530587981154,1001.3517512127888,31.157649374856277,2.0,3.0,1,1,30,14,push,15,0,0,0,1
CUST_02663,296.7356087684749,3,27.64301631966021,3.1907653035570718,820.2667275811259,13.129683570767797,0.0,1.0,1,0,30,30,in_app,10,6,3,0,0
CUST_02664,285.6760869994914,8,93.38447472027792,5.3239703717314635,7114.056353224512,18.91146491808874,2.0,4.0,0,0,10,14,sms,7,2,3,0,0
CUST_02665,359.62347859351974,11,47.41949087474373,10.017941192802061,6252.826162553303,26.218628842731118,2.0,2.0,1,0,10,30,sms,22,6,2,0,0
CUST_02666,569.8434087359228,5,40.19486341446919,10.314929027888953,3817.462996962659,41.157602598841116,2.0,5.0,0,1,30,30,email,6,3,1,0,1
CUST_02667,116.0971617839718,4,54.49551334227349,0.3756655763134045,843.5699238664693,6.417735351766038,3.0,1.0,0,0,30,30,sms,20,3,5,0,0
CUST_02668,550.556546754145,9,77.6621807359959,43.06460966317323,192408.39917732784,18.097505668828184,2.0,3.0,0,0,20,30,email,21,4,0,0,0
CUST_02669,100.14197467370562,4,12.547375797354146,11.739750753654384,167.53586524268076,10.480019140282195,5.0,,0,0,20,30,push,7,0,3,1,1
CUST_02670,458.38888851892534,11,23.58528351922281,0.298865175428633,3964.1183625194326,37.14989992701079,4.0,1.0,0,0,50,30,push,13,6,1,0,0
CUST_02671,468.2880147972794,15,28.80990123250428,,6745.665727337561,38.443684312581816,3.0,1.0,0,0,20,14,push,17,0,1,0,0
CUST_02672,203.76964824167243,4,18.411856656930954,1.1103748264677165,500.2370072611887,51.807848204684305,,3.0,0,0,10,14,sms,20,6,4,0,0
CUST_02673,155.96653892777468,4,28.243604884724054,19.157317884710498,587.3409734285334,12.192561452019135,3.0,1.0,0,0,20,30,push,19,5,3,0,0
CUST_02674,148.92187190282948,3,13.056930416167052,18.13440234915066,194.44625188805878,21.891460105846477,5.0,3.0,0,0,10,14,sms,19,5,2,0,0
CUST_02675,317.935937632998,1,57.58761666763593,62.91893636260572,610.3057633758164,32.075662069519716,3.0,1.0,0,0,10,30,in_app,3,6,3,1,0
CUST_02676,489.1827500999459,4,24.27621939742265,6.279108256008576,1583.4010355814485,40.17207244540364,3.0,3.0,1,0,30,30,in_app,23,5,2,0,0
CUST_02677,268.2730259846366,6,37.35899971325409,2.3380098885542346,2004.4823801667692,42.845664646577674,1.0,0.0,0,0,30,30,in_app,12,6,1,1,1
CUST_02678,25.13727678757349,3,34.150771313012505,1.4455040682948577,85.84573910043198,21.736348411557994,2.0,2.0,0,0,30,30,email,8,1,1,0,0
CUST_02679,193.01663175707384,5,46.268049194072866,1.116426101262671,1488.4171689017564,30.303035909614902,2.0,2.0,0,0,10,14,sms,6,6,2,0,0
CUST_02680,187.46383102491558,7,7.564500027944173,24.93729660979831,330.88303617284896,42.188282067591345,4.0,0.0,0,0,10,14,push,23,6,3,0,0
CUST_02681,425.74945147992804,1,43.38692952090183,19.01690413706441,615.732048164075,22.86678695911438,4.0,2.0,0,0,30,30,sms,2,0,3,1,0
CUST_02682,441.0919075365378,1,28.076838053711974,55.89262556037229,412.8155351568756,59.824319357449916,0.0,1.0,1,0,30,7,email,22,3,6,1,0
CUST_02683,335.9427409358613,9,42.27172218885974,5.548270867240116,4260.263464861442,48.510043136678725,3.0,0.0,0,0,20,7,push,6,6,2,0,0
CUST_02684,551.2444757631134,4,16.31896739806812,,1199.43208377912,1.3423662473148399,2.0,2.0,1,0,30,7,email,23,4,3,0,0
CUST_02685,578.9099083303219,2,42.444801443346655,1.46442554581805,1638.1144075111017,53.70311062663964,1.0,2.0,0,1,30,14,push,2,3,3,1,1
CUST_02686,202.46179021170934,4,72.17596645032854,35.1323512330707,1948.3833837058385,51.57765343814226,3.0,2.0,0,0,30,14,email,5,1,1,0,0
CUST_02687,146.06518712068006,1,37.10900846399417,0.7983269039929076,180.6778088385403,47.481801729534844,3.0,1.0,0,0,30,30,push,0,3,1,0,0
CUST_02688,282.71220134541323,5,21.53448285426979,23.259293160127974,1014.6768420942783,3.5573017546271783,6.0,1.0,0,0,30,30,sms,0,0,2,0,0
CUST_02689,335.4564585759402,2,22.106709599647484,5.5085765142725975,494.38923420429904,18.764416753482283,2.0,1.0,0,0,10,14,email,22,0,2,1,0
CUST_02690,194.28980764275155,7,46.79352228065484,2.99860326202773,2121.3510366615556,27.12619302370815,6.0,2.0,1,0,20,30,sms,18,6,1,0,0
CUST_02691,1733.442665951261,3,46.608670558723134,18.2870340977082,121190.18722463562,27.187427329921775,2.0,3.0,0,0,20,14,sms,21,5,7,1,1
CUST_02692,740.0503697350532,2,41.01448059676641,33.932884433728525,2023.51876867521,26.064509876706833,1.0,5.0,0,0,10,14,in_app,1,4,1,0,0
CUST_02693,179.7317595458423,6,32.37818786366285,21.666865227053346,1163.8777351283923,17.070750152258107,2.0,4.0,0,0,50,30,email,3,3,0,0,0
CUST_02694,120.61480124697465,8,37.403937708831215,5.633497166969709,1203.0582700279726,21.123651406324225,2.0,1.0,0,0,20,7,email,23,1,5,0,0
CUST_02695,167.884656092174,5,31.850546807392064,6.544370625847914,891.2030161844511,22.351413294035105,3.0,2.0,1,0,30,7,push,11,0,2,0,0
CUST_02696,585.7850825686618,1,26.35008172340728,3.147943122133206,514.5161599345706,8.910348419202915,4.0,1.0,0,0,20,14,email,5,3,1,1,0
CUST_02697,595.2585533597459,5,52.16887987297304,26.064319571182132,5175.661993930716,9.162606430791778,,1.0,0,0,20,30,push,10,2,2,0,0
CUST_02698,745.9198493967045,6,39.887783723999625,1.699103359127764,5950.617925634824,22.097671509335598,8.0,2.0,0,0,20,14,in_app,4,4,2,0,0
CUST_02699,142.31888913268335,1,71.83163638265677,35.02878257691216,340.76662315208506,26.799125203740747,3.0,5.0,0,0,10,14,email,23,0,5,1,0
CUST_02700,424.578045554264,1,64.72316846846716,13.786955661074227,916.001212347372,28.053947629257003,3.0,7.0,1,0,10,14,email,16,4,8,0,0
CUST_02701,154.02048148702877,3,39.114307446478016,13.332138313437015,602.4404465938218,30.28512417125029,5.0,2.0,0,0,10,30,push,6,2,4,1,0
CUST_02702,850.9836981432892,4,47.33397759099061,27.28586252658542,5370.725773095035,37.51932065197767,4.0,3.0,0,0,30,30,in_app,13,4,1,0,1
CUST_02703,146.64640371118784,0,18.64704411729744,16.51823142122221,0.0,8.251082717435592,2.0,1.0,1,0,20,7,email,17,1,2,0,0
CUST_02704,96.50266111408419,12,31.609139808639103,5.4412415937595915,1220.146442824323,9.804398409609774,3.0,,0,0,50,14,in_app,17,3,1,0,1
CUST_02705,114.4273420361006,7,40.67435103333461,6.450558423190018,1085.9935048171535,38.93078142203155,2.0,3.0,0,1,30,14,push,8,6,5,2,0
CUST_02706,297.7180834912017,1,12.811694246404308,2.850241701944052,127.14243524382488,9.445869076434743,90.0,2.0,0,0,20,14,sms,3,3,2,0,0
CUST_02707,484.472478862052,5,42.84775433952542,9.356086702346024,3459.7596264236877,4.692617606171266,4.0,0.0,1,0,20,7,email,20,1,0,0,0
CUST_02708,463.3187104544671,8,18.624237340203653,1.7506158820981919,2301.055367376291,57.530356156910365,3.0,1.0,1,0,20,30,push,22,5,1,0,0
CUST_02709,118.98622097013788,8,19.89064788388217,15.878035695073043,631.1234731602158,29.98868333180219,3.0,2.0,0,0,10,14,email,12,1,2,0,0
CUST_02710,221.35148517482455,2,24.102333600395454,,355.672489241774,56.56608465983815,3.0,4.0,1,0,10,14,push,20,5,3,1,0
CUST_02711,198.7769196639849,3,32.51482048305052,29.9189827577184,646.3195859048224,59.578636492056624,1.0,2.0,1,0,20,7,push,12,2,5,2,0
CUST_02712,103.859733901784,4,14.927167364403077,18.082739261877585,206.71088404990638,6.788189917394183,3.0,3.0,0,0,30,14,sms,7,4,2,0,0
CUST_02713,194.96531606478837,0,55.3671293577099,,0.0,44.51665963686159,1.0,2.0,0,0,20,30,email,15,6,1,0,0
CUST_02714,725.367708559988,6,36.835090742490834,-24.0,5343.797073295961,8.239167602132031,6.0,1.0,0,0,20,30,email,13,3,1,1,0
CUST_02715,90.87358339940269,3,105.10789755836186,24.030183356121036,955.153129470567,11.258567286756833,2.0,1.0,0,0,20,30,in_app,21,5,4,1,0
CUST_02716,351.85421772441714,4,39.64830798151633,31.904882469541093,1860.0565851910924,19.92204938701002,,1.0,0,0,20,14,email,22,6,3,1,0
CUST_02717,736.2379023140389,2,46.64114571165945,0.6839036707877066,2289.2652853517056,54.67530558619595,4.0,,0,0,20,30,email,10,5,3,0,0
CUST_02718,711.8346606081265,5,19.83962973929022,,2353.7560170097577,29.346895507784883,5.0,0.0,0,0,30,7,push,5,2,2,1,0
CUST_02719,876.4782638723801,12,16.295904610136226,5.363937292036486,5713.202472368846,5.434718686900564,1.0,2.0,1,0,10,14,in_app,18,6,2,0,0
CUST_02720,376.66936097721396,2,48.01404985786892,3.5685519392716643,1205.6947651927717,21.85931039811075,6.0,4.0,1,0,10,14,email,7,2,1,1,0
CUST_02721,416.4370753519266,9,17.184812863142408,8.039721500199448,2146.917962759158,42.09937380444406,3.0,0.0,0,0,20,30,push,13,1,0,0,0
CUST_02722,197.94756801710653,2,48.67228109399904,0.1300933981070693,642.3039781601402,22.95469324437109,2.0,1.0,0,0,30,30,push,15,0,1,1,0
CUST_02723,88.9336192043171,4,92.19580986008906,32.561031992868394,1093.240939510771,31.816833676367338,5.0,2.0,0,1,20,30,sms,20,1,3,0,0
CUST_02724,267.925840694213,7,58.40848741635296,4.689683918555793,3651.4667220975366,11.607531075766861,4.0,3.0,0,0,20,7,in_app,6,2,3,0,0
CUST_02725,633.7681908923038,16,46.63111255475811,11.059354643844776,15761.768449666368,20.69777535591877,4.0,0.0,0,0,20,14,email,19,6,2,1,0
CUST_02726,24.56138142531979,12,38.927395836074496,14.654929963103982,382.44424680969246,12.975417521225625,3.0,1.0,0,0,30,14,push,11,3,2,0,0
CUST_02727,205.34149837477628,2,26.30144878301027,,360.05192683538434,5.512761027270025,2.0,1.0,1,0,20,30,push,12,0,2,0,0
CUST_02728,444.8175879931097,10,30.915674374229724,4.319353917732754,4583.945235441753,19.6352657503451,4.0,1.0,1,0,30,14,push,22,0,3,0,0
CUST_02729,300.73206028533286,2,23.588110571955035,18.9423857166456,472.91340603615197,54.60569377312121,4.0,1.0,0,1,20,7,in_app,9,4,2,1,0
CUST_02730,686.2057612916506,1,15.040664044165213,1.8776821238669514,344.03301069194487,26.325535733305866,2.0,2.0,0,0,20,30,email,1,5,2,1,0
CUST_02731,591.1952213392789,2,33.82690208369856,18.272859398107798,1333.2201909729524,31.552988865922295,7.0,3.0,1,0,20,30,email,7,2,7,1,0
CUST_02732,78.09274350089535,10,64.37552002008525,37.75442019894064,1675.75365755509,14.859629587317075,0.0,1.0,0,0,50,30,sms,18,1,4,1,0
CUST_02733,319.66315891538767,8,15.282691164434526,1.332898840522124,1302.7502224937134,2.2365268392734023,1.0,3.0,0,0,30,30,push,20,4,4,0,0
CUST_02734,160.6083795391719,1,76.63836957946891,1.8614033413496691,410.2921449560889,1.887422728201638,1.0,2.0,1,1,10,30,push,11,3,8,1,0
CUST_02735,158.83777158380545,6,68.73857491738836,12.220487770611449,2183.6564123448866,32.89184476601097,1.0,2.0,0,1,20,14,sms,11,3,4,1,0
CUST_02736,84.45989773668408,5,42.022252289931394,,591.5325218454574,32.35065836159985,,2.0,1,0,10,7,email,9,2,5,1,0
CUST_02737,359.35229551233584,0,42.225622665874454,3.1125692408856644,0.0,39.16141209171556,0.0,,0,0,50,7,email,19,0,2,0,0
CUST_02738,695.5841842072219,2,29.61414622858772,3.164373972996799,1373.2754496937046,13.081605156583365,3.0,3.0,0,0,20,30,push,10,4,4,0,0
CUST_02739,382.5447216640935,9,33.9609033669655,9.844924744932149,3897.4692977930986,27.988559865705376,5.0,2.0,1,0,20,30,email,7,3,1,0,0
CUST_02740,79.11770991775217,0,25.074432859392875,,0.0,7.23505830526798,4.0,1.0,0,0,10,14,sms,17,5,1,1,0
CUST_02741,288.1857237876348,10,33.750081986577136,9.680301420215995,3242.0972683979157,6.247885671493133,2.0,3.0,1,0,30,14,email,11,1,3,2,0
CUST_02742,432.7511725990495,0,36.013565851512816,11.046326086102752,0.0,18.439500147173874,2.0,1.0,1,1,20,14,push,3,5,4,0,0
CUST_02743,272.240564791368,7,102.38563301875301,19.675841895138195,6503.82193056098,48.06202256686716,3.0,2.0,0,0,20,7,sms,15,6,4,0,1
CUST_02744,377.6991815987462,14,46.49615526153191,43.779400515401846,8195.394568558791,16.056689786277552,4.0,3.0,1,0,20,14,email,10,2,0,0,0
CUST_02745,171.97181388142084,3,29.205532453220112,10.510047564885216,502.25283913529654,31.723398503328937,1.0,2.0,0,0,20,7,email,20,1,4,0,0
CUST_02746,248.49161610477555,0,31.207423148340336,6.577698747083944,0.0,17.004026285331225,2.0,3.0,0,0,20,14,in_app,22,0,2,1,0
CUST_02747,236.645077683054,0,21.586001783148234,4.490317222089607,0.0,39.773058741551246,0.0,2.0,1,0,50,7,in_app,23,1,3,1,0
CUST_02748,780.0527578914351,8,23.829934096275633,15.103788293367534,4956.961549912254,43.321698323757715,5.0,3.0,0,0,20,14,sms,23,4,3,0,0
CUST_02749,121.37984802898463,1,57.19219368567985,42.94876325526905,231.3993259337358,16.926822655689925,2.0,2.0,1,0,10,30,email,20,5,0,0,0
CUST_02750,29.47272801922932,1,24.621492478745072,21.700535721519444,24.188751708451793,26.455517182144185,0.0,4.0,0,0,30,7,sms,9,2,2,0,0
CUST_02751,747.8643106248823,0,22.862052316721016,3.462016280924506,0.0,28.607123710688427,50.0,0.0,0,1,10,14,in_app,7,3,4,0,0
CUST_02752,327.72814586615635,6,23.207893140468258,,1521.17595767711,37.3948959947307,3.0,4.0,1,0,20,14,in_app,6,4,0,0,0
CUST_02753,98.84710736468293,4,21.38078387138561,19.949465146015353,281.7904851834579,47.508400864021134,1.0,3.0,0,0,20,14,push,17,6,3,0,0
CUST_02754,556.9580710231023,9,65.1251657519702,2.0535393681770584,10881.59600768314,26.981840382529633,2.0,1.0,1,0,20,14,email,15,2,1,1,0
CUST_02755,451.3309229138915,14,36.07578430995128,,7598.321279477973,11.44057218083642,3.0,1.0,0,0,50,7,email,13,3,1,0,0
CUST_02756,863.2784992915374,3,27.955423544395202,5.123743714256363,2413.3316084464805,37.95421307134526,3.0,3.0,0,0,20,7,email,10,6,1,0,0
CUST_02757,347.0179859274014,3,33.702397724221235,10.141302805791462,1169.5338179183489,27.064262904847798,4.0,2.0,0,1,10,14,push,18,1,3,0,0
CUST_02758,1269.8924133536548,13,37.72693538669256,,20760.631244879245,6.4045996981348665,5.0,1.0,0,0,20,30,email,10,3,3,0,0
CUST_02759,274.1053282072253,3,21.14966121909001,,579.7234829930293,31.23324047669055,4.0,2.0,0,0,30,30,push,10,5,2,1,1
CUST_02760,451.91983420243724,2,14.385814769017419,21.95304791400237,433.4156683520883,21.32725173557737,4.0,1.0,0,0,20,14,push,8,0,6,2,0
CUST_02761,497.54246260358434,10,73.92873812282426,,12260.89547426849,38.288647908103016,4.0,1.0,0,0,10,30,email,11,3,2,0,0
CUST_02762,211.90852920402483,3,59.90825124411854,3.9590730634503233,1269.506940832635,27.505626458639316,2.0,1.0,0,0,20,7,email,4,6,4,2,0
CUST_02763,206.48978438143928,6,41.54102762383932,4.109411975970922,1715.559567405999,45.19524525763387,3.0,2.0,0,0,10,30,sms,21,3,1,0,0
CUST_02764,504.5487192551326,11,57.484558389944,8.43067139798792,10634.71211461748,22.721337227685897,2.0,4.0,1,1,10,14,push,17,2,1,0,0
CUST_02765,90.63135820106578,0,104.44059376686137,25.027417829419544,0.0,18.799711253659883,4.0,0.0,1,0,20,7,email,13,2,2,0,0
CUST_02766,159.68148152968175,1,24.01690069410529,1.206247833762267,127.83514281953246,26.763566648126734,3.0,1.0,0,0,50,7,push,20,4,3,0,1
CUST_02767,268.2986830802104,3,16.911258194908438,24.809576286331556,453.72683029233497,48.20819137019122,2.0,4.0,0,0,20,7,push,5,6,1,0,0
CUST_02768,845.7795474343563,7,49.25002980357218,38.405376066816174,9719.422514291895,17.987310250544233,2.0,1.0,0,0,30,7,email,5,5,1,0,0
CUST_02769,504.78495884246934,2,13.734410760394667,12.366074578006215,462.19493136075937,18.62587812072063,1.0,3.0,0,0,30,30,in_app,18,4,6,2,0
CUST_02770,318.1567980229264,5,33.87860154851949,0.93437940234781,1796.451231695253,10.610224361394135,1.0,2.0,0,0,20,14,sms,9,5,1,1,0
CUST_02771,196.0988745363919,3,27.686395356632648,4.711474120600479,542.9270969405248,7.108110350594734,3.0,0.0,0,1,50,30,push,18,5,2,0,0
CUST_02772,1068.769698257914,4,49.61695800922471,1.7713930052655908,7070.546831999291,81.95545396971654,3.0,0.0,1,0,30,14,email,18,5,2,0,0
CUST_02773,286.7436506422962,4,24.794828949916216,4.502061202509951,947.967969353369,19.42349294718374,3.0,0.0,0,0,20,14,email,21,2,1,0,0
CUST_02774,159.546680583633,2,68.02408724346155,25.0523169585411,723.5344879617163,54.80209943501359,4.0,0.0,0,0,20,7,push,8,4,1,0,0
CUST_02775,1201.2254086836922,2,21.154864873064348,0.8591588483185176,1694.1174135196673,55.87183058849908,2.0,2.0,0,1,20,14,in_app,2,2,2,0,0
CUST_02776,94.85091247944756,4,50.57616393478124,5.007432334712599,639.6260398565504,18.590039117795495,1.0,0.0,0,0,20,14,push,11,3,1,0,0
CUST_02777,709.9060144727526,0,22.201320600170497,10.914550346867937,0.0,38.54393958889107,4.0,0.0,1,0,20,14,email,4,0,0,0,0
CUST_02778,303.38423318680225,3,46.019844108788966,31.07697952693433,1396.169511632112,5.656193822811841,3.0,0.0,0,0,50,30,push,11,1,3,0,0
CUST_02779,503.94805750223196,6,18.015140225402273,4.314874409356857,1815.7389844443594,23.54989555208931,8.0,1.0,0,0,20,14,in_app,20,6,1,1,0
CUST_02780,443.3218005992063,7,32.63977687376321,22.598289932032177,3376.3157527943763,40.10551632353434,8.0,4.0,1,0,50,7,push,12,4,3,0,0
CUST_02781,498.95152658652296,11,73.20435795477978,13.140520152611726,13392.656256585336,39.867226315610544,3.0,1.0,0,0,20,30,sms,6,6,1,0,0
CUST_02782,1271.262463069697,3,35.48120501505989,16.922288861760567,4510.592408012593,35.193151621288415,4.0,2.0,0,0,30,14,in_app,6,0,0,0,0
CUST_02783,1148.1245415248286,3,67.3461884894431,29.68239796015191,7732.181178288655,5.474810607908994,2.0,1.0,0,0,10,14,email,20,3,4,1,0
CUST_02784,167.04415086608174,1,32.59749066825175,0.40156223410166725,181.50733830143793,27.702375346019544,4.0,0.0,1,0,50,14,push,20,6,3,0,0
CUST_02785,431.56718672918396,3,24.458319987250263,11.31683520487531,1055.5408349019767,42.05101843801452,3.0,2.0,0,0,30,14,email,11,5,4,0,0
CUST_02786,53.55248322132636,1,36.71515074600098,20.62819225478197,65.53958314312285,22.09701048421347,4.0,1.0,1,0,20,30,email,18,3,4,0,0
CUST_02787,536.4963907372284,4,47.99217580361765,32.390661131798026,3433.0172136356546,19.562261340307426,3.0,1.0,1,0,50,14,push,0,4,1,1,0
CUST_02788,624.0747014672004,5,10.555806286067195,2.1354546058382105,1097.935276120497,5.620074638141416,1.0,0.0,1,0,20,14,email,20,1,4,1,0
CUST_02789,30.04093985730933,1,45.302899026677075,6.2657597609673275,45.364722167405446,11.189406640079822,2.0,2.0,1,0,10,14,email,6,5,1,1,0
CUST_02790,294.9086371865684,4,18.842197383734703,1.2271957220746608,740.8969002716701,39.8847781926607,3.0,3.0,0,0,10,30,email,7,0,4,0,0
CUST_02791,503.31226407366,7,16.23123269416377,27.021155891848352,1906.1883110680617,59.31543940218879,3.0,2.0,0,0,10,14,sms,12,2,0,0,0
CUST_02792,389.2261363133391,0,45.74790508114576,,0.0,26.928217578129537,3.0,1.0,0,0,10,14,email,11,4,0,0,0
CUST_02793,96.79792053141921,1,73.928747408609,9.91267774372737,238.53830055486327,59.3250211064662,4.0,2.0,0,1,20,14,sms,5,4,2,0,0
CUST_02794,107.56494418227766,3,37.70692297511802,0.31521840900865367,405.5943065104012,18.964552614072222,0.0,2.0,0,0,50,14,push,16,6,2,0,0
CUST_02795,268.95007852398084,9,14.68395775791593,1.61708836825093,1184.7754776102922,13.579043462443519,3.0,,0,0,20,14,in_app,13,1,3,1,0
CUST_02796,211.884503436467,4,22.146150605507152,14.686785523089771,625.6568165436129,30.2176556512194,0.0,,0,0,50,30,email,21,3,2,0,0
CUST_02797,228.64506455893257,12,25.765585214932454,60.78582477096715,2356.469557946764,10.440110771007236,2.0,4.0,0,0,30,30,sms,23,0,3,0,0
CUST_02798,83.8172872341603,7,37.25023167008024,27.3826054412867,728.5164524003638,30.461644594698388,2.0,4.0,0,0,10,14,push,9,4,3,0,1
CUST_02799,307.35504169243455,1,31.717611390964755,23.98653879861567,324.9522590484803,45.71062177658482,5.0,0.0,0,0,30,14,email,9,0,5,0,0
CUST_02800,850.0795507152193,6,44.57342734671888,8.118496224998028,7578.1918185472505,121.99390569297091,2.0,2.0,0,0,10,30,sms,20,4,3,0,0
CUST_02801,100.9731923971805,1,60.33930396128787,63.20934433204337,203.08840493316916,34.3168172492044,2.0,1.0,0,0,10,7,push,4,4,3,1,0
CUST_02802,251.7939737002537,0,40.725187026997204,26.14221268733789,0.0,19.17725303470177,5.0,2.0,0,0,10,14,push,1,0,1,0,0
CUST_02803,465.101768148398,4,56.76094013814082,6.134256105878864,3519.9484826686225,36.08582779613727,2.0,1.0,1,1,20,7,push,0,5,5,2,1
CUST_02804,64.28434400805713,3,28.16764034010143,20.70414929362209,181.07382815183075,15.542046707931748,3.0,2.0,1,0,20,14,email,22,0,3,0,0
CUST_02805,309.6969803582008,11,239.2580498508348,8.498323756779598,27169.081707238318,6.1807137582842895,3.0,3.0,0,0,10,7,push,10,2,3,0,0
CUST_02806,611.3171603193431,2,46.15052589853232,16.202261499768696,1880.8405626356719,29.772809737082813,4.0,2.0,0,1,30,14,email,15,5,4,1,0
CUST_02807,123.2785664506738,2,49.92037214555284,52.62532104513548,410.2741276525268,25.130528679381936,3.0,2.0,0,0,10,30,email,5,6,2,1,0
CUST_02808,332.7075125455321,4,95.06952691971487,4.24442955058413,4217.3794427118455,23.510464608595246,4.0,2.0,0,0,20,30,push,2,2,0,0,0
CUST_02809,581.6089482280605,2,34.91467687773906,23.77133981468269,1353.7792331056266,33.881939198190935,3.0,4.0,0,0,10,14,push,21,0,4,0,0
CUST_02810,1229.3255403415774,2,22.481550906756386,13.387672721857541,1842.4763144109982,33.468452550498604,3.0,3.0,1,1,10,14,email,17,6,2,0,0
CUST_02811,320.07203905800935,0,72.51985798166402,44.92726061355665,0.0,13.058521472010142,1.0,2.0,0,0,30,30,email,17,0,3,0,0
CUST_02812,162.85371185357903,2,75.11992075300529,2.166082702950796,815.5705285849076,42.88220637593051,3.0,3.0,0,0,50,14,email,11,3,0,0,0
CUST_02813,164.06460215598878,2,36.31038480120378,,397.149922436024,24.73961237787063,,2.0,0,0,10,14,email,14,5,4,2,0
CUST_02814,78.86381267855161,2,95.1806364720784,0.5679137276058298,500.4205256906206,12.712437199526159,3.0,,0,0,30,14,push,14,6,3,0,0
CUST_02815,895.7900950421098,1,31.501290538007773,4.24645859546484,940.6181348330366,19.397222072252994,6.0,3.0,1,0,20,14,push,23,3,0,0,0
CUST_02816,557.6864193647374,1,57.937785409391985,5.803798994033564,1077.0372030295446,9.356699179577165,1.0,0.0,0,0,50,14,sms,11,0,2,1,0
CUST_02817,107.53903225686092,2,82.2134930857038,8.491263663375227,8841.159484892714,24.733684481176173,6.0,,0,0,20,30,push,9,3,4,0,0
CUST_02818,154.7528891966616,7,35.12796051594901,50.41522399202634,1268.4357890001845,30.193854322462794,3.0,1.0,1,0,20,14,email,16,4,2,1,0
CUST_02819,316.0982248411026,20,43.55736765451832,1.0499231276707448,9178.937729563002,33.179765457340906,1.0,4.0,0,0,10,30,push,16,2,7,0,1
CUST_02820,608.188858541652,7,61.28953230604506,2.776572957386133,8697.642495211892,37.23365299448564,5.0,0.0,0,0,20,30,in_app,13,1,2,0,1
CUST_02821,432.334387966235,1,26.58345567213057,3.404397853280827,383.0980679346036,27.486089997714107,7.0,1.0,1,1,20,30,in_app,9,6,3,0,0
CUST_02822,402.94881212452634,1,20.31803612583336,8.274628397340912,272.90428405359216,53.305898303202135,2.0,1.0,1,1,20,7,sms,10,5,2,0,0
CUST_02823,349.3420788242345,1,73.68425102829873,-7.0,858.0336476944206,25.33840383336662,5.0,2.0,0,0,30,14,push,7,5,1,1,0
CUST_02824,113.27399713658288,2,39.80766576071818,50.46700028398846,300.61156115957596,27.494814791001065,9.0,1.0,1,0,10,14,email,7,5,3,1,0
CUST_02825,319.2390957731271,3,24.45039267212364,12.309653150394062,780.5521247946643,27.953788100714455,2.0,4.0,0,0,10,7,push,20,4,2,0,0
CUST_02826,290.82454879507515,5,35.03929209193734,25.172731207604148,1698.3810521227535,11.89457125676335,2.0,0.0,0,0,10,14,push,6,5,6,2,0
CUST_02827,77.69846202723369,7,44.93061350077724,22.208972129928096,814.575898955106,29.540294651733156,3.0,0.0,0,1,10,30,in_app,20,1,3,0,0
CUST_02828,881.0601248050172,0,12.915399990392888,16.218592224708107,0.0,30.86133696155252,3.0,2.0,0,1,10,14,in_app,5,2,1,0,0
CUST_02829,182.8132659372422,5,50.88640209985198,35.21521477534975,1550.4515599449464,39.86178199967594,6.0,1.0,1,0,50,14,sms,12,6,2,0,0
CUST_02830,79.95204282023705,12,42.311872579358365,34.90066373784784,1353.1682593077096,25.96510669767999,3.0,1.0,0,0,20,14,push,11,4,6,0,0
CUST_02831,209.63207047503448,1,89.39452589147437,2.0505633910888332,624.6653183921284,39.44911148311574,5.0,2.0,0,1,20,30,email,18,0,1,0,0
CUST_02832,244.02821501896932,1,29.03799688257734,34.830846393620114,236.2030182327248,58.877089201904276,4.0,,0,0,10,7,push,21,2,4,1,0
CUST_02833,284.10783320579935,9,75.66157683893076,11.131628005282169,6448.813995792812,28.258931547331862,1.0,1.0,1,0,30,14,sms,7,4,3,1,0
CUST_02834,240.78081941871673,3,32.24015338417937,4.681050098299274,776.2810550027823,9.834081926630747,6.0,3.0,1,0,20,14,sms,10,0,2,0,0
CUST_02835,296.69607321253466,11,35.999478534399636,14.066564340499735,3916.3314369136115,57.00160045800967,2.0,0.0,1,0,20,30,push,6,2,1,0,0
CUST_02836,336.1234854804326,7,39.19584511892786,4.946397825272913,3074.0836181358877,31.30491679610916,2.0,2.0,1,0,30,14,email,9,2,0,0,0
CUST_02837,323.3120250998779,1,116.27429306720799,9.780304932090662,1253.0959052871906,18.881015505246133,123.0,1.0,0,0,20,30,email,7,0,3,1,0
CUST_02838,400.802187232996,5,15.741580350685167,25.428029541102273,1051.5433058430945,37.113362216828264,,0.0,0,0,20,30,email,23,4,2,0,0
CUST_02839,418.23004588953097,6,44.56929224917575,0.49091599841107897,3728.043428527338,26.474236909807903,3.0,0.0,0,0,30,30,push,10,0,2,0,0
CUST_02840,425.7924728885683,3,33.96528122155076,3.0333767229029727,1446.2161083679753,70.47011295834508,7.0,1.0,0,0,10,14,push,7,0,2,0,1
CUST_02841,503.2720890182588,0,32.55330512033553,47.053450902205626,0.0,15.793677146127205,4.0,2.0,0,0,20,7,push,4,5,3,0,0
CUST_02842,166.1593836268118,3,46.98396886568475,8.834466455524755,780.6827307063495,9.618686949609467,1.0,3.0,1,0,10,30,push,9,5,1,0,0
CUST_02843,171.4349286374615,4,64.30263709595454,5.4215276485350925,1469.8290668994066,11.919493517235741,4.0,3.0,1,1,20,30,in_app,21,0,2,0,0
CUST_02844,610.093693879142,2,45.55768166413077,38.513803041962255,1852.96361940264,58.30772704767967,3.0,2.0,0,0,10,30,sms,16,3,2,0,0
CUST_02845,214.92691872423404,6,69.4858281729612,36.32287943947208,2986.8749888432253,37.05314917214434,1.0,3.0,0,0,50,14,sms,5,1,1,1,0
CUST_02846,272.03549856279943,4,28.48630041237863,0.6787652146181615,1033.2379913188133,15.112773452440512,2.0,1.0,1,0,10,14,push,0,4,3,1,0
CUST_02847,253.51096590923265,1,32.16467075824969,6.752497777123889,4077.0483760381653,19.48622492566624,2.0,3.0,0,0,20,30,email,14,1,3,0,0
CUST_02848,1200.4866272108777,1,18.16464838134682,36.59698884135922,726.8805823264858,20.455532772142675,4.0,,0,0,10,7,in_app,22,3,3,0,0
CUST_02849,142.34180620948845,1,108.82525319434176,2.9725933684644508,516.3461033629169,12.606950626516783,3.0,0.0,0,0,20,14,email,8,2,1,0,0
CUST_02850,139.94340948349864,0,29.605866035011314,12.948840595764054,0.0,18.676412433376566,2.0,1.0,0,0,20,14,email,9,5,2,1,0
CUST_02851,297.4817846074004,3,27.706611695476,5.802109103812205,824.2212292594472,18.699099170880647,1.0,2.0,0,0,10,14,sms,19,3,3,0,0
CUST_02852,259.2107146805931,9,47.65548025933703,20.00925403002374,3705.843328940895,46.431738585456735,5.0,1.0,1,1,20,14,email,9,3,2,2,0
CUST_02853,106.55380959115892,1,64.34425652923336,2.584305613612293,228.53752195002053,22.960093410724355,3.0,1.0,0,0,10,30,push,12,0,1,0,0
CUST_02854,279.1345222728105,6,21.862028233863604,13.597080662144224,1220.4893613948423,47.27530714410523,3.0,0.0,0,0,50,7,in_app,1,1,0,0,1
CUST_02855,303.73936891928355,12,67.49223041812785,0.00012648370283405453,8200.018989662809,9.103408597011981,2.0,1.0,0,0,10,14,sms,15,0,4,1,1
CUST_02856,197.5365155697484,4,27.60560706669424,4.366594035103082,727.0820573523205,47.843395461578034,6.0,3.0,0,0,20,14,push,0,4,1,0,0
CUST_02857,266.34389733363264,16,78.12981456083783,2.6540152156610346,11098.34629764669,10.915784384258066,2.0,2.0,0,0,20,14,push,9,1,2,1,0
CUST_02858,154.8639998802163,1,23.937699420528645,3.532621017708787,123.56959600644674,56.490011080407,3.0,4.0,0,0,20,7,email,4,4,2,0,0
CUST_02859,106.8006304781482,7,51.483861768214865,29.53743670040683,1282.9854091355414,16.61661755385473,4.0,2.0,0,0,50,14,push,2,6,3,0,0
CUST_02860,213.59625080220718,8,33.97503166170696,36.94070653905748,1935.1838356871706,11.198802064439981,,1.0,0,0,20,7,push,0,2,4,1,0
CUST_02861,123.07516889139924,0,16.847011698206526,21.09938919248899,0.0,40.954393313092226,3.0,0.0,0,1,50,14,push,1,1,3,0,0
CUST_02862,87.79927617442497,11,14.160003400588609,13.377869729239483,455.85395137299463,63.38910178612004,5.0,3.0,0,0,20,30,email,13,1,3,1,0
CUST_02863,42.561390821889,6,21.204815108047057,3.937166122916094,180.50128462389745,42.71904628994212,8.0,2.0,0,0,50,14,in_app,0,3,1,0,0
CUST_02864,353.73453164437893,1,60.07141684492274,4.8179908850051305,708.3111500951001,40.26261697949177,3.0,3.0,1,0,20,14,push,3,4,3,0,0
CUST_02865,207.77748615518433,1,10.32023862682329,5.563559175396163,71.47710794676583,17.1186505214977,4.0,5.0,1,0,20,30,email,10,1,2,0,0
CUST_02866,612.5400735274751,8,40.46217487229967,22.50911991526133,6609.254285695998,16.090914137267447,4.0,4.0,0,0,10,14,email,10,3,0,0,0
CUST_02867,222.1738722704441,9,38.40295130373301,4.373028451810652,2559.6397193290986,29.470248296693384,3.0,2.0,0,0,10,14,in_app,7,0,3,0,0
CUST_02868,352.47799913965474,1,12.068788063543018,54.396698995862174,141.7994089559397,40.04816838736887,5.0,0.0,0,1,10,7,email,15,1,4,7,0
CUST_02869,175.24404229794513,2,20.529500768950843,23.878650501618015,3597.6727011097187,15.339299748488571,3.0,5.0,0,0,10,30,push,3,6,3,0,0
CUST_02870,290.50638823086246,2,20.506237057708013,122.5893252924386,397.1461909227082,12.0716740078288,1.0,3.0,1,0,20,7,push,8,6,3,0,0
CUST_02871,42.97011518750746,1,34.179118337450966,9.2199917452556,48.95602173225722,18.07447051298724,2.0,2.0,1,0,20,14,push,16,3,3,0,0
CUST_02872,211.0076411877802,0,79.82218470505657,13.34941330650627,0.0,14.226451741575469,2.0,5.0,1,0,50,30,sms,4,0,8,0,0
CUST_02873,143.16191994210547,1,63.11618008316087,4.935928860910863,301.19445067056625,19.15020830758993,2.0,1.0,0,1,10,30,sms,16,2,5,1,0
CUST_02874,570.6148886227377,1,26.677351071462986,13.885444401075926,507.4164570130841,17.61688317422595,4.0,1.0,1,0,20,30,in_app,0,6,3,1,0
CUST_02875,336.0879236612464,2,20.132783502306495,54.687463462333355,451.0923603207724,34.066297587599344,,4.0,0,0,20,14,sms,16,3,3,0,0
CUST_02876,517.1139404854063,0,13.000342465731691,0.46276888090584245,0.0,27.266748692640373,2.0,1.0,1,1,10,14,email,18,4,5,1,0
CUST_02877,658.293273995652,6,26.386035447226217,5.122336642223712,3473.9499324639746,133.97696475242105,6.0,2.0,0,0,10,14,push,16,0,5,1,0
CUST_02878,197.11530689350855,8,19.31201938866224,4.954547135703081,1015.1185676078786,13.628129594106769,5.0,2.0,0,0,30,14,push,17,0,1,0,0
CUST_02879,325.5995175452151,16,32.40495071517617,60.57218441651691,5627.219370100179,33.6966836094376,1.0,2.0,0,0,20,14,push,19,3,0,0,0
CUST_02880,112.68938350373325,6,33.15011938047928,2.1346797976998535,747.133303212274,52.03177265633595,3.0,1.0,0,0,30,7,email,11,3,3,0,0
CUST_02881,391.7825822217188,4,24.89453846162127,25.098465186408713,1300.432874894917,14.440711534572435,4.0,2.0,0,0,20,30,sms,9,4,3,0,0
CUST_02882,433.106528646509,4,25.209313049616284,4.8145264355121915,1455.775741930993,41.411125467389155,,,0,1,50,14,in_app,15,0,1,0,0
CUST_02883,372.82092706031176,2,21.83956225439414,29.556437360119755,542.816389751641,25.47450883012524,61.0,2.0,1,1,30,30,email,13,2,1,0,0
CUST_02884,196.93227729552015,0,24.349524024128694,10.034163771537072,0.0,2.54380128608093,3.0,5.0,1,0,20,30,email,16,1,4,1,0
CUST_02885,935.2281211383978,1,78.37846515057316,4.161245882815342,2443.3914900160644,7.1644916434523696,4.0,2.0,0,0,30,7,email,19,4,1,0,0
CUST_02886,303.13644959445554,10,45.18136961007642,18.554312154488944,4565.373323804466,18.059935996074305,4.0,4.0,0,0,10,14,in_app,1,0,5,2,0
CUST_02887,113.31778126210807,2,45.549979118102044,27.637655457348373,344.1081713465785,59.351991745643076,1.0,3.0,0,0,10,30,push,13,6,2,0,0
CUST_02888,462.2088328409122,2,60.774223579648385,9.527114487413439,1872.6921965041283,32.70173113963909,0.0,1.0,0,0,20,14,email,13,4,3,0,0
CUST_02889,582.2006189517156,9,57.634051189789346,18.77588957044572,10066.374082617065,81.95626536126626,2.0,1.0,1,0,30,7,email,17,3,1,0,0
CUST_02890,115.43113319898903,0,77.85581848538084,3.0057406593086924,0.0,20.933879399902338,4.0,2.0,0,0,20,14,in_app,21,1,3,1,0
CUST_02891,244.16499612640297,6,47.136651679959485,41.61577841159839,2301.824074969783,39.3065010587957,3.0,2.0,0,0,20,14,email,6,1,1,0,0
CUST_02892,78.3075443832016,5,37.452994414419415,,488.80867039849164,48.58220372886178,3.0,1.0,0,0,10,30,email,21,6,1,0,0
CUST_02893,675.2058964875533,4,23.232152928150303,3.764481010990674,2091.5315526916884,9.686693787746501,1.0,3.0,1,0,30,14,push,17,5,2,0,0
CUST_02894,276.9172657943426,2,20.196489555643673,5.102741770586217,372.85044442618954,22.160469075581798,1.0,2.0,1,1,50,14,email,7,4,4,0,0
CUST_02895,143.73053265059318,13,56.22459850953112,2.4864451453319503,3501.8496464642835,24.691428599311433,5.0,2.0,0,0,20,30,email,15,2,3,0,0
CUST_02896,587.322380877049,12,30.98078003815569,7.830329345791281,7278.282197375101,19.97308011690427,5.0,0.0,0,0,20,14,sms,15,2,3,0,0
CUST_02897,296.91889076275226,5,14.644607066459894,9.180035440596427,724.7100809716059,21.72113038750204,2.0,4.0,1,0,20,30,in_app,8,4,0,0,0
CUST_02898,533.528223034336,2,9.432684582432977,10.965516582819372,335.50689624725624,50.62194596357098,5.0,1.0,0,0,10,30,email,9,1,2,0,0
CUST_02899,409.6772685794642,5,120.1302644707633,0.6248280536944625,8202.439770351828,48.251924338715405,0.0,4.0,0,0,10,14,push,4,5,2,1,0
CUST_02900,126.88474631551168,16,18.3281525014403,3.7097392709563706,1240.3002563078737,20.165748732253242,4.0,2.0,0,0,30,7,email,12,3,2,0,1
CUST_02901,191.4437698038205,5,21.93880023866685,24.735413999288387,700.0077704438897,18.28831738776822,2.0,2.0,0,1,20,14,push,23,3,4,1,0
CUST_02902,147.28087350812746,12,69.1893364895326,24.95878010811279,4076.106366250447,55.003645489129646,4.0,5.0,0,0,10,14,sms,2,3,4,0,0
CUST_02903,106.12879534557914,1,16.03630509135625,6.007314658397922,56.73045803799388,40.67905023410766,7.0,1.0,0,1,20,30,push,14,5,4,0,1
CUST_02904,58.5060942701351,2,45.551611484166806,9.275448765219512,2665.046875649232,24.762625696605156,5.0,1.0,1,1,50,7,sms,0,3,3,0,0
CUST_02905,1058.187330120001,16,98.80874364104913,3.0400607542959452,55764.352333884475,20.866273833434427,3.0,1.0,1,0,20,14,push,2,0,2,0,0
CUST_02906,367.86221879072644,1,117.71873443197768,25.901369083781685,1443.47582804612,29.55222680834446,5.0,0.0,1,0,50,30,in_app,13,0,2,1,0
CUST_02907,407.84244967161067,4,25.31839050975037,47.08840156649123,1376.7885876318735,70.49402855775288,3.0,3.0,1,0,30,7,push,16,5,3,1,1
CUST_02908,632.0708702485174,2,32.87714923414035,5.165963453731974,1385.3792218475644,77.79602103007743,4.0,2.0,1,0,10,14,sms,14,1,4,0,0
CUST_02909,189.8409484824037,1,26.10611756133776,22.844632783553877,2478.005059518748,7.9276257698066415,6.0,2.0,1,0,20,30,email,11,0,4,1,0
CUST_02910,84.3350052774594,4,32.76070645092216,6.516979228307801,368.3832468575758,7.647940616199918,2.0,3.0,1,0,20,14,email,18,3,3,0,0
CUST_02911,501.69741186213645,4,72.16556118077582,0.039560946733909946,4827.37003599652,6.2600399485355505,3.0,1.0,0,0,20,7,email,5,0,4,0,0
CUST_02912,98.65225825777395,6,14.302187755197773,13.734154198675146,282.1886240153886,24.85975812419168,8.0,1.0,1,1,10,30,email,22,1,1,1,1
CUST_02913,493.4866379225436,2,48.85096231180064,7.924629813060248,1607.1531433687592,30.372740045849373,3.0,3.0,1,0,10,7,email,16,1,1,0,0
CUST_02914,71.60959048880355,10,29.450221171769577,,702.9727593050372,47.435585751598516,6.0,0.0,0,0,20,14,email,18,6,2,0,0
CUST_02915,91.8359019826893,1,75.27143006609246,20.72044292292616,230.4206557882173,22.62211768842786,6.0,3.0,1,0,20,7,push,2,1,1,0,0
CUST_02916,174.32470872045522,2,72.91190567554862,43.7902499209436,847.3564479428879,35.71438044818926,4.0,2.0,0,0,20,14,push,13,0,0,0,0
CUST_02917,480.68979812864853,10,25.93831192224671,8.638971490962469,4156.093973900897,21.471392183423223,5.0,0.0,0,0,20,30,push,11,2,2,0,0
CUST_02918,855.3062016009466,7,30.985872318876655,9.881531342062747,6183.895376481738,19.48028659003957,1.0,4.0,0,0,30,30,email,20,4,2,1,0
CUST_02919,407.37538063933306,8,56.5801176970724,7.6725204649054675,6146.4925289235025,39.12540178648416,2.0,2.0,0,0,20,7,email,18,1,4,1,0
CUST_02920,180.20281896729813,4,59.7394494136271,5.284671675561322,1435.3622917186544,25.594639093035777,5.0,4.0,0,0,50,14,sms,8,2,4,0,0
CUST_02921,565.1906471743247,9,7.512035098085759,15.235129375587594,1273.7195936049995,29.888138512419864,2.0,1.0,1,0,10,7,sms,5,5,1,0,0
CUST_02922,69.33870569242863,3,56.47117312035213,26.40711844752471,391.5638053098283,39.95808942248398,4.0,2.0,1,0,10,14,email,7,4,3,0,0
CUST_02923,133.21585888360326,3,88.9335209785241,-8.0,1184.7355380697036,17.67364719613784,5.0,2.0,0,0,10,30,push,21,4,0,0,0
CUST_02924,318.8737372839013,0,38.60437529537419,60.12745333310987,0.0,7.70723871589893,,6.0,0,0,10,14,push,9,0,1,0,0
CUST_02925,513.1400885537759,6,58.563161384874306,17.271054635713636,6010.221163804693,38.252495186839056,3.0,1.0,0,0,10,14,push,22,1,1,0,0
CUST_02926,254.07548215794228,0,71.32548351533771,,0.0,35.292697531010795,3.0,2.0,1,0,20,14,push,9,2,4,1,0
CUST_02927,233.0502653529867,4,37.82446916580065,101.5798356763916,1175.3336767900942,16.657185790322078,1.0,0.0,1,1,10,14,push,23,4,6,1,0
CUST_02928,244.0931166283193,8,53.97594508485105,10.518642831609787,3513.3751089920816,37.86047878515227,3.0,3.0,0,0,30,14,push,8,1,1,0,0
CUST_02929,628.2615700447728,2,33.36848522507746,,1397.6091278348645,13.64363355974419,3.0,2.0,0,0,20,30,push,10,5,1,0,0
CUST_02930,155.9356742271316,12,32.094963227952036,,2001.899892098279,18.016084305522103,1.0,2.0,0,0,20,7,push,8,0,3,1,0
CUST_02931,125.19561568075436,1,22.26631823186929,,92.92151399941605,13.01350522426617,4.0,3.0,0,0,10,14,push,23,2,2,1,0
CUST_02932,241.04567684714976,10,36.738067099691044,2.6581682546970247,2951.8507500336773,16.586865827614155,1.0,2.0,0,0,10,14,sms,10,6,4,0,0
CUST_02933,687.7131798483599,11,102.73101845357773,0.366502553259319,25904.80763558251,29.538708675339375,2.0,1.0,0,0,10,30,email,19,6,2,0,0
CUST_02934,171.8112462483578,7,19.26910536744817,2.1896768005190106,11587.271525452668,6.630222704225506,,1.0,1,0,10,14,push,5,5,1,1,0
CUST_02935,243.4842068118792,13,47.94831954600206,5.872687813343296,5059.0187061356955,18.769226314593045,2.0,2.0,0,0,20,30,push,4,5,1,0,0
CUST_02936,68.13082145704158,0,40.14801688295668,38.710899795275296,0.0,38.86682704508416,4.0,1.0,0,0,20,14,push,21,0,1,0,0
CUST_02937,251.61438271457723,1,80.22993193544627,0.03705363543183513,672.9001599723288,18.37030377168515,4.0,2.0,1,0,10,14,email,9,3,3,4,0
CUST_02938,354.93454045287734,2,89.81356179573892,24.429150101475553,2125.19568549378,44.037600811155,3.0,2.0,1,0,10,30,email,16,5,5,0,0
CUST_02939,98.79992400396684,1,19.018905254583416,28.95030328224253,62.63554645971623,50.08647544456149,4.0,3.0,1,0,30,14,push,10,0,0,0,0
CUST_02940,629.0553359974764,10,23.464079711591985,24.99427739516655,4920.068182282355,0.3007071902184816,3.0,1.0,0,0,20,14,sms,19,6,1,0,0
CUST_02941,351.57168340239707,1,24.245917252849978,,284.139264807323,13.6245897454562,2.0,3.0,0,1,20,30,email,14,2,2,1,0
CUST_02942,195.05166527242656,2,24.76621354824954,17.053593417585805,322.04607967190697,33.89779147315147,4.0,3.0,1,0,20,14,sms,17,3,1,1,0
CUST_02943,353.51231624350174,1,26.0737981548783,46.155313993791005,307.2469592998857,13.993884648350422,2.0,2.0,0,0,50,14,sms,18,3,2,0,0
CUST_02944,424.6433196749406,3,40.78191451733337,1.9236854018993252,1731.7767563340092,33.57928963373601,4.0,1.0,0,0,10,14,in_app,5,4,2,0,0
CUST_02945,49.6281245398869,7,19.86914081056305,0.4829178730638052,230.0825787510069,66.80518801231608,4.0,2.0,0,1,30,30,in_app,9,6,2,0,0
CUST_02946,363.5528826305968,10,21.617974110806376,31.0315639385658,2619.7589348724237,17.630803555469882,1.0,1.0,0,0,20,7,push,8,5,1,1,0
CUST_02947,671.5148517954675,4,20.607308896961232,15.531590879329123,1845.081863979512,6.30526026839646,1.0,2.0,0,0,20,14,in_app,14,5,4,2,0
CUST_02948,154.02512161891556,3,44.50380519959699,15.595338784334327,685.4704008372453,31.58870366513961,4.0,0.0,0,0,30,30,push,2,2,2,0,0
CUST_02949,198.52444804225243,4,31.87235421446853,50.04439299133185,843.6588704312697,5.300608008360236,3.0,4.0,0,1,10,14,push,5,0,2,0,0
CUST_02950,226.3373479357675,2,28.651881900753565,22.029859309595313,432.3327308523586,53.979022375262296,7.0,4.0,1,0,30,14,push,0,2,2,0,0
CUST_02951,517.1313158932734,2,19.982805550349383,7.59864212514609,688.9156352994389,17.31244143703706,4.0,3.0,0,0,10,14,sms,9,1,6,2,0
CUST_02952,115.7012165918715,12,12.64886587489366,8.586290403626007,585.3956680930415,11.938079528113608,2.0,3.0,1,0,20,7,sms,10,0,3,0,0
CUST_02953,410.8009346392463,8,88.13945150578232,2.34442180131538,9655.405081910907,10.554552517791596,0.0,2.0,1,0,10,7,push,5,2,4,1,0
CUST_02954,229.76267997199136,1,27.84806229053156,5.437159035862491,213.28151412998275,13.894391463733916,3.0,5.0,1,0,20,30,sms,5,3,3,1,0
CUST_02955,881.773124131169,5,168.3921468089715,8.842722678192517,24747.27822848354,26.11808169343357,2.0,1.0,1,0,10,14,email,10,5,2,0,1
CUST_02956,240.56553026157425,1,52.65045257927108,4.538594437820277,422.1961347748073,45.575833666567725,2.0,1.0,0,0,30,7,push,7,0,4,0,0
CUST_02957,24.1262858477888,7,99.2410460930577,37.131388681171714,558.6741640374287,70.57029701915185,4.0,0.0,1,0,20,7,email,3,1,2,0,0
CUST_02958,466.42433475226943,8,60.104960027318235,0.17809317177015313,7475.844265614308,27.100464898073607,2.0,0.0,0,0,20,30,push,22,3,2,1,0
CUST_02959,395.9793965505051,0,36.41969481306792,13.265417600406114,0.0,18.165466433641686,3.0,0.0,0,0,20,30,email,20,4,2,0,0
CUST_02960,340.64885636099814,1,23.136361368347785,22.15038589591036,262.712501349415,40.296969747793554,2.0,2.0,0,0,10,14,email,2,0,1,0,0
CUST_02961,659.2431937707463,8,18.428457088039313,19.757626267024484,3239.689308529649,44.488808306362195,4.0,2.0,0,0,20,14,email,6,1,2,0,0
CUST_02962,58.115449255400016,1,64.83143606553698,15.481120717792688,125.59026776071416,31.71770699775266,2.0,1.0,0,0,10,30,sms,16,1,6,1,0
CUST_02963,135.01799216647362,0,38.82329408210698,7.9230230809114275,0.0,129.28759675569938,4.0,1.0,1,0,50,14,push,3,1,8,2,0
CUST_02964,289.3777593179024,3,47.93762201751657,37.60309416657667,1387.2081646457489,27.148797363937362,2.0,0.0,0,0,20,30,in_app,21,2,3,0,0
CUST_02965,327.3036108942094,18,53.98866423584542,5.983592579846459,10602.41085104836,37.049016874416075,7.0,3.0,0,0,20,14,push,0,1,2,0,0
CUST_02966,257.92796281327117,5,41.000515206415024,,1762.529893580862,8.07562129733394,0.0,2.0,0,0,50,30,push,12,1,3,1,0
CUST_02967,69.22605557669323,2,24.95029063979251,39.18789034899869,115.14734709899501,142.10715700776348,2.0,,0,0,20,14,sms,10,0,1,0,0
CUST_02968,200.13030738013254,5,60.80192700368085,2.061088296202446,2028.0513900918381,26.309221813608346,3.0,1.0,1,0,10,30,email,11,3,2,1,0
CUST_02969,841.4363064018191,10,29.402740715593847,44.0849061565403,8246.844515273222,63.623847270946996,0.0,3.0,0,1,20,7,in_app,17,6,2,0,1
CUST_02970,110.560709620253,6,34.96479012932761,22.443828382411795,773.1464016843356,40.914199223353,2.0,2.0,1,0,50,30,push,1,6,1,0,0
CUST_02971,284.50289308310846,17,50.929094629823325,14.379820557008019,8210.702366429945,8.911955595966866,2.0,1.0,0,0,20,14,sms,14,0,3,1,1
CUST_02972,411.8957424939438,9,31.96437354558249,7.011672521315118,3949.7968124734425,27.033024123392458,1.0,2.0,0,1,10,7,sms,19,6,1,0,0
CUST_02973,506.8020498822751,5,11.126073135321159,35.19263643573403,939.7861120201459,28.784658096153628,1.0,1.0,0,1,30,14,email,16,4,1,0,0
CUST_02974,464.85576016725764,2,61.827762979233796,0.675634189454637,1916.0661172768505,49.50884246719867,2.0,3.0,1,1,10,14,in_app,9,2,1,1,0
CUST_02975,188.26521476063442,4,70.31304179859232,8.479994202259109,1764.9999886247265,47.758256638939024,2.0,1.0,1,0,30,14,email,6,3,2,0,1
CUST_02976,134.49708933240842,4,11.037850767496337,21.1978256266804,197.9411734284997,60.06020025350664,2.0,2.0,0,0,50,14,in_app,16,4,2,0,0
CUST_02977,886.389694478777,1,17.708155153450907,25.001274328928492,523.2108745416709,16.68141923546549,3.0,6.0,0,0,20,30,email,9,3,4,0,1
CUST_02978,541.3859897982554,5,111.53380964935016,3.3899360489075323,10063.806988830607,5.640815501853364,2.0,1.0,0,0,10,30,email,18,1,3,1,0
CUST_02979,305.4226059743077,1,38.06216739733001,0.7316257335051504,387.5015451840955,62.77220969805225,7.0,0.0,1,0,10,30,in_app,1,2,2,0,0
CUST_02980,736.1963266547637,2,33.18608839838352,24.356944176680916,1628.7650916620144,19.608010498423145,4.0,2.0,0,0,30,30,email,0,0,2,0,0
CUST_02981,84.8503413835248,1,25.640418543540186,8.219925594783192,72.51994222119482,59.175714453310476,3.0,4.0,0,1,10,14,email,11,6,3,0,0
CUST_02982,25.148117196813125,5,17.842413600096393,2.323930012162681,74.78385138153942,35.55785458571432,1.0,1.0,0,0,20,30,sms,4,5,1,1,0
CUST_02983,324.54258639063784,13,29.469310936583632,1.3417882825613023,4144.420102553797,29.538954048019946,5.0,3.0,0,0,20,30,email,19,4,3,0,0
CUST_02984,336.0593044903835,5,59.42135321469685,15.351441184347593,3328.1831055347398,19.28755200270473,3.0,4.0,0,0,10,7,email,4,0,1,0,0
CUST_02985,77.05656111033589,2,32.80540289952755,13.11348569107496,168.52476888510898,54.90332933696793,6.0,3.0,0,0,20,14,push,22,1,1,0,0
CUST_02986,528.0151078879427,1,47.75913948963495,28.861241196637845,840.58490634183,35.140050958057714,3.0,,0,0,20,14,push,8,1,2,0,0
CUST_02987,40.09825400625892,2,95.5284672164446,0.48113985515394,255.36831621823822,54.69904629576302,1.0,0.0,1,1,20,14,sms,20,3,3,1,0
CUST_02988,378.3615981309862,0,23.376075661781286,30.422928307031405,0.0,35.074090798224674,132.0,1.0,0,0,10,14,email,7,5,4,0,0
CUST_02989,442.0958809317541,11,39.7148407554797,32.737817828218894,6437.84808694798,40.05186274916983,4.0,2.0,0,0,50,7,in_app,10,2,2,1,1
CUST_02990,321.6700273494427,8,60.499562678819565,8.866975089605068,5189.572261740057,60.86701424872055,4.0,1.0,1,1,10,14,email,6,3,1,3,0
CUST_02991,66.2884608070094,1,18.920723822971485,1.1964709717424822,41.80752198597648,29.738807162405845,1.0,1.0,0,0,10,7,sms,2,2,3,0,0
CUST_02992,654.5441374358489,4,36.84911849236612,43.9894480414859,3215.9165971809557,33.28901179490123,,2.0,0,0,20,14,sms,13,1,3,0,0
CUST_02993,193.52542665550496,15,101.8391608954925,1.1213365842651142,9854.233531269401,53.667307200529045,2.0,4.0,0,0,20,14,push,19,0,3,2,0
CUST_02994,194.03866420007105,8,27.000348456682644,13.398698638369805,1397.0964126589736,11.221271257584844,3.0,3.0,0,0,10,14,in_app,17,0,2,0,0
CUST_02995,163.49684491521813,8,62.86615375666421,10.193295102246282,2740.9114109785564,12.41165402195486,3.0,3.0,0,0,50,14,push,23,0,3,0,0
CUST_02996,476.103714751916,4,30.426619711918754,27.035008802275136,1931.496889625119,50.729203631264376,1.0,0.0,1,0,50,14,in_app,21,4,4,0,0
CUST_02997,186.0285607387173,10,97.49023414679256,10.475617871404948,6045.3226481361235,21.50880280525923,2.0,3.0,0,0,30,14,email,5,3,1,1,0
CUST_02998,100.95242359508848,2,12.338435982164027,9.498297039299683,83.03966771815362,4.281376437790286,1.0,6.0,0,0,20,14,email,14,6,4,0,0
CUST_02999,570.7229471045328,0,34.431564440256736,31.885442289982723,0.0,25.32667064036093,4.0,2.0,0,0,20,14,email,11,1,0,0,0
CUST_03000,279.3296701529633,6,13.635643131961418,49.867746848337895,761.7679396748604,20.808359490644854,4.0,1.0,1,0,30,14,in_app,6,5,4,1,0
CUST_03001,584.3634899371914,1,21.74695853383014,11.953305433092902,423.60428614494555,50.29291447999073,,4.0,1,0,10,30,push,17,5,2,0,0
CUST_03002,295.35366780956565,8,21.669564725032554,,1706.7161123667058,23.08445688703142,4.0,2.0,0,0,10,7,push,11,6,3,0,0
CUST_03003,154.1056706950241,5,28.214223090880967,26.676295502857016,724.6619620932078,16.093601313236345,0.0,2.0,1,0,10,30,push,16,0,2,0,0
CUST_03004,47.75624860584906,7,16.23265882251621,26.676146145144955,180.8825410611364,3.893277767729587,1.0,2.0,0,0,50,14,push,3,1,2,1,0
CUST_03005,325.57191813666043,13,31.720281316336767,5.771304793053827,4475.134227197501,19.168263577688975,5.0,3.0,0,1,10,30,email,4,3,4,1,1
CUST_03006,226.73037221382367,3,43.653344608726115,12.878241781865867,989.7539071514785,9.705384249269684,3.0,1.0,0,0,20,14,email,10,4,7,0,0
CUST_03007,489.9374960957721,2,13.20846775387478,2.5106130715641055,431.4215745730104,30.92726415659705,5.0,0.0,0,0,30,30,sms,0,5,1,1,1
CUST_03008,178.91106308587413,1,22.62466099850664,15.140158970533776,134.9267383733446,34.590503500717716,2.0,3.0,0,1,10,14,in_app,6,1,1,0,0
CUST_03009,386.64992154977995,0,152.10868217549805,26.935519640082248,0.0,10.701029817253767,3.0,2.0,0,0,10,30,email,19,1,4,0,0
CUST_03010,286.2636889240477,0,40.34801840381317,3.1148689642076888,0.0,36.423588153434835,4.0,2.0,0,1,10,30,push,11,5,3,0,1
CUST_03011,142.5697196919239,2,11.126785143213606,5.8523025126027495,105.75617592934847,39.82858682536234,3.0,1.0,0,0,20,14,in_app,16,5,4,0,0
CUST_03012,191.0249732985153,19,14.292293574743667,8.93851814474385,1729.1171657103023,5.445077116235789,3.0,0.0,1,0,10,30,in_app,5,2,0,0,1
CUST_03013,82.9554074231634,2,37.92242202156132,27.972702573963627,209.7246646181175,19.459811227904567,3.0,2.0,0,0,20,14,push,9,3,4,0,0
CUST_03014,927.0174716292042,6,35.17725198065365,19.716305290929455,6521.985437993793,3.4844118668738147,2.0,2.0,1,0,10,14,email,19,4,2,0,0
CUST_03015,380.66501282348065,1,23.27859616791464,5.716060036482847,295.3782369590618,18.973579887073058,3.0,3.0,0,0,30,30,push,2,4,2,0,0
CUST_03016,77.4434492236329,4,123.46885945770327,4.176545265879063,1274.913913081668,32.483657768676245,2.0,3.0,0,0,20,30,push,8,6,0,0,0
CUST_03017,896.0262341713081,6,159.3713944377651,17.84635050745698,28560.190078540167,48.34240726698825,4.0,2.0,0,0,10,30,push,11,4,6,0,0
CUST_03018,109.14627873069206,6,28.257812953755064,9.805651161544525,616.8470257940621,23.384869257137368,2.0,3.0,0,0,30,14,email,14,6,2,0,0
CUST_03019,176.3433343949763,8,55.91172566180352,13.504571289262106,2629.2427026612254,11.934809223401693,6.0,4.0,0,0,10,14,email,5,1,4,1,1
CUST_03020,240.02212456811395,1,57.62172707799178,15.691612310823691,461.01631181812024,20.070432107059414,2.0,3.0,0,0,20,14,sms,22,4,4,0,0
CUST_03021,291.5773349262781,7,62.39741721207001,12.270004513724052,4245.190277294972,31.153237320874354,4.0,1.0,0,0,10,14,in_app,17,4,4,0,0
CUST_03022,480.87935691147635,1,22.55482037439362,14.242750905026153,361.5382505630756,20.85456787123188,1.0,0.0,0,0,20,14,push,3,3,6,2,0
CUST_03023,35.73711141244866,3,106.02442905390839,32.77245120094439,378.90068335407824,19.03000038437098,5.0,2.0,0,0,10,30,push,10,6,2,0,0
CUST_03024,295.0901903434607,15,31.780143682496735,30.39692279170007,4689.004324205246,62.05751401723239,2.0,,0,0,10,14,email,21,2,2,0,0
CUST_03025,230.31090001293563,3,42.657164721719255,2.4207513798026,982.4409999059209,83.50670170497081,0.0,0.0,0,0,50,30,email,21,3,1,0,1
CUST_03026,329.9335794523445,2,33.15607991957423,13.2463472875658,729.2869418982085,8.243501859879114,2.0,2.0,1,1,20,14,email,20,5,2,1,0
CUST_03027,221.33247721383995,6,30.453115269401493,8.678592553325345,1348.0526882910494,28.015404524386106,3.0,,0,0,10,14,email,4,3,0,0,0
CUST_03028,198.13013877849193,8,39.135996730498626,5.043005680037905,2067.7387902528794,13.514212120954433,1.0,,1,1,50,14,email,11,3,2,0,0
CUST_03029,262.2355636701867,2,16.256107035185394,,284.1952927636486,13.257815061030994,1.0,2.0,0,0,10,14,email,10,4,5,0,0
CUST_03030,863.7215093753255,4,10.148320141557738,10.727319694061627,1168.7096520387022,45.949839080781736,1.0,3.0,1,0,30,30,email,10,0,1,0,0
CUST_03031,201.29864474580307,6,29.13591816893504,22.368428870073984,1173.0041681662487,24.7708272795383,4.0,1.0,0,0,30,14,email,9,1,1,0,0
CUST_03032,634.7007345085509,3,19.525931796632122,1.4713218490460227,1239.3123253286278,31.59511123722017,4.0,6.0,1,0,20,30,in_app,20,3,3,0,0
CUST_03033,319.64869441377977,4,45.99359771950898,5.4076790663045236,1960.239128324486,35.439820925414665,5.0,2.0,0,0,20,14,email,18,0,5,1,0
CUST_03034,308.6289936197617,4,42.960199550796744,0.3918067013857736,1767.835087075538,54.830398593415296,5.0,0.0,0,0,10,30,push,6,0,1,1,0
CUST_03035,332.2699667348104,3,33.384376190684,20.553938613922522,1109.2625566340969,27.72213924901024,2.0,2.0,0,0,20,14,email,18,0,4,0,0
CUST_03036,410.9521540063636,2,80.55537807689296,36.53443472560443,2206.960409166411,19.982729758739602,4.0,1.0,0,0,30,7,push,15,0,3,0,0
CUST_03037,214.26434354340162,14,32.99194341374282,13.2782900683019,3298.865312291107,70.22725989003744,7.0,4.0,0,0,30,14,email,2,1,2,1,1
CUST_03038,605.5327946380704,3,13.806085790076516,,836.0037711477985,30.880178687654503,2.0,1.0,1,0,10,30,push,4,5,2,1,0
CUST_03039,411.6749715522249,7,28.95704297268293,0.7130599056671699,2781.5409631370203,44.48827889236008,0.0,0.0,0,1,10,14,email,22,4,0,0,0
CUST_03040,90.47968020292683,5,66.85864804570255,10.51107777694988,1008.2248489958678,27.470289583168316,1.0,0.0,1,0,20,7,push,12,4,3,0,0
CUST_03041,24.424557407283373,8,10.691480359477243,11.225847084777245,69.63591354903856,32.77528497256822,5.0,1.0,0,0,10,7,email,23,2,1,0,0
CUST_03042,846.312573938738,6,31.298751349715133,,5297.705363169192,7.593664088668533,5.0,1.0,0,0,30,14,push,23,0,3,2,0
CUST_03043,340.1012074565323,3,46.771648624672764,22.87556497996783,1590.7094171983865,5.640230385978692,3.0,2.0,0,0,20,14,sms,18,0,2,0,0
CUST_03044,79.81557542721073,2,162.6084885274052,4.8926046309313085,865.2460054109226,13.812778877857568,0.0,2.0,1,0,20,14,push,8,5,2,0,0
CUST_03045,201.06656163909003,5,68.37139819658061,19.2802922892218,2291.200324973924,26.29899053098183,3.0,2.0,0,0,10,30,in_app,6,4,1,0,0
CUST_03046,541.208085114495,2,35.85811244532266,7.735696894320782,1293.7800248235546,16.84123712912326,3.0,0.0,0,0,20,30,email,0,4,1,0,0
CUST_03047,250.25947302795993,4,45.26144361800408,81.55037827358876,1510.280670443523,26.02156884356744,0.0,3.0,0,0,30,30,email,5,3,1,0,0
CUST_03048,268.24952314079445,5,10.605606578937213,3.5777634126651776,474.15815123646325,15.996273294498112,6.0,3.0,0,0,20,14,email,20,3,0,0,0
CUST_03049,473.89724208914237,3,17.639958332213208,0.9000019889503117,835.9527604203225,36.41847390106657,2.0,4.0,0,0,10,30,email,16,4,4,0,0
CUST_03050,364.23985733163886,5,48.938940198736894,58.60963192237864,2970.9187659915888,20.03247310663467,5.0,3.0,1,0,20,14,email,20,6,3,0,0
CUST_03051,433.19379192978226,3,36.47767530536778,4.192574307516645,1580.1902486315648,16.80521444134297,4.0,3.0,0,1,20,14,email,20,5,4,0,0
CUST_03052,470.4174472229479,4,39.37947383738993,,2469.9722074090446,31.970365852366328,6.0,1.0,0,0,20,30,email,23,0,4,2,1
CUST_03053,157.9011104421442,3,33.800270053528415,7.039695292139008,533.710017469649,20.098192031116056,1.0,2.0,0,0,10,14,email,16,6,2,0,0
CUST_03054,171.03483606008152,0,33.01445386393459,15.309270756736863,0.0,140.46696032513512,4.0,4.0,0,0,10,30,email,13,2,0,0,0
CUST_03055,141.75963571616555,9,35.225082120227505,13.597281522875521,1498.0484428306402,35.65025967700492,4.0,3.0,1,1,30,14,email,13,4,6,0,0
CUST_03056,179.13334525615232,5,17.5732680997469,18.427767833135064,524.6597169651483,5.053379671901511,1.0,2.0,0,1,20,7,in_app,16,0,6,0,0
CUST_03057,260.24393970432715,18,28.86540492337349,0.2792333286196758,4507.228019051639,43.5752296445465,3.0,2.0,0,0,20,14,in_app,10,1,0,0,0
CUST_03058,275.15623043180193,9,15.698061307686586,27.13610705814333,1295.8258123531095,17.282925327633322,2.0,4.0,1,0,50,7,email,16,1,2,1,1
CUST_03059,721.2863764037144,9,22.83380528852865,9.770461609900268,4940.91380282124,27.51941831886561,3.0,3.0,1,0,10,30,sms,13,4,3,0,0
CUST_03060,351.6216045901521,4,67.8665315791826,10.973730450923593,3181.778497578722,19.470642425279006,1.0,3.0,0,0,50,14,email,5,0,3,0,0
CUST_03061,264.2446485852861,1,29.71192896140004,7.940577981202089,261.70727423987125,27.80621701476486,1.0,0.0,0,0,30,14,push,4,4,4,0,0
CUST_03062,115.4792443939169,3,47.347010677514064,,546.759701735004,30.927862262487054,1.0,6.0,1,0,20,7,push,6,4,4,0,0
CUST_03063,225.08799943591472,6,35.487365526351056,24.259887161136213,1597.5560223154812,22.143976335609377,2.0,2.0,0,0,20,14,in_app,18,5,2,0,0
CUST_03064,888.6232565926024,2,26.286749734837542,5.596276607957982,1557.267810307071,3.3839301969351094,0.0,1.0,0,0,10,30,push,7,1,6,1,0
CUST_03065,879.4212124638423,0,18.080947797804228,22.92279651963949,0.0,52.03699849618232,2.0,1.0,1,0,20,14,push,20,3,3,1,0
CUST_03066,222.87811782932573,7,26.04866732533786,,1354.6581872678303,54.819508301587085,5.0,4.0,0,0,20,14,in_app,8,2,3,0,0
CUST_03067,55.122131183254496,9,36.96261763000641,30.604852048715504,611.2374773633068,28.423099961939336,1.0,6.0,1,0,20,30,email,14,6,2,0,0
CUST_03068,199.5859969370211,13,46.903489068723,0.4699839602718856,4056.5545044291584,11.98814662744422,2.0,2.0,1,0,50,7,push,20,3,2,0,1
CUST_03069,726.5324334454381,3,35.637630593700564,6.587030870010367,2589.1894477470864,27.662422796543662,2.0,1.0,0,1,10,7,email,20,0,4,0,0
CUST_03070,261.646097320546,1,48.895638035173725,8.427025473457622,426.44509559670854,43.05428952544488,3.0,0.0,0,0,20,7,email,19,5,3,0,0
CUST_03071,474.2349938521246,5,13.301781032285362,20.453298462846192,1051.3616743446928,44.28080686743524,0.0,2.0,0,0,50,30,sms,19,0,4,0,0
CUST_03072,285.4680133567791,19,55.700968498679174,3.0189012575610037,10070.535052265437,5.943712813525676,2.0,0.0,0,0,10,14,push,16,4,0,0,0
CUST_03073,73.373056958875,6,16.82803415835978,5.058991256788403,246.94486176144525,33.75384870998641,4.0,2.0,0,0,20,30,email,16,3,0,0,0
CUST_03074,293.2618079189132,9,59.74603150591694,19.303811760863237,5256.368764621664,26.219183669152258,2.0,4.0,0,0,30,30,push,22,0,0,0,0
CUST_03075,518.573506865221,0,44.76575751801975,,0.0,55.01745090478308,6.0,3.0,1,0,20,14,in_app,18,1,1,0,0
CUST_03076,177.0199063981776,2,10.782088258401192,3.3682486234420996,127.24295028527125,31.90658956969567,2.0,0.0,1,0,30,14,email,5,5,4,0,0
CUST_03077,509.21383304836826,12,51.5306973174807,20.997781540847836,10496.057560275847,21.564711909874912,2.0,3.0,0,0,10,30,email,7,2,4,1,0
CUST_03078,307.37764215580324,4,60.163051648766725,31.25519576303796,2465.70359475943,1.6385414853225477,1.0,4.0,0,0,50,14,push,8,2,1,4,0
CUST_03079,490.6276887475537,1,70.43759047051478,19.57503240609271,1151.9544071165126,56.35407975190607,1.0,1.0,0,0,20,7,email,4,6,1,0,0
CUST_03080,368.0478148517131,6,20.881028710318564,11.234284362082857,1537.0433977377265,9.383692193821426,3.0,4.0,0,1,10,30,sms,21,6,1,0,0
CUST_03081,122.68576388494994,3,36.879155699373186,1.5647709078917855,452.45473884096043,11.634920780237087,1.0,1.0,0,0,10,30,in_app,10,6,4,0,0
CUST_03082,226.9392315869267,14,50.23287183503265,26.336541139358403,5319.911022835211,32.55095280452955,2.0,,1,0,20,14,email,10,3,3,5,1
CUST_03083,221.1113725737809,3,51.51103829082531,1.9865055953294328,1138.967637918497,27.29850410036579,4.0,2.0,0,0,20,7,email,10,5,2,1,0
CUST_03084,169.98223867881848,0,42.339161312651,,0.0,25.12939940115939,2.0,1.0,1,0,20,14,push,11,1,2,0,0
CUST_03085,347.2184040813065,2,25.636529139782585,0.7772858730568916,593.431648939948,20.93632606132702,5.0,0.0,0,0,50,14,push,6,6,3,1,0
CUST_03086,993.6784203889132,5,59.90537610715275,18.551319309817842,9921.113250493214,21.028825710898204,4.0,3.0,1,0,20,14,push,17,2,1,0,0
CUST_03087,606.0650102508466,2,60.11695891897751,10.502424800089553,2428.9856882319887,113.99074668328262,4.0,3.0,0,0,20,14,push,21,0,3,1,0
CUST_03088,661.3075145945637,5,30.18765350169192,35.72567998214064,3327.2203514409603,25.76649514488418,1.0,,1,1,10,7,sms,17,0,3,0,0
CUST_03089,161.25383433471274,15,20.69448247366482,2.2404261495633597,1668.5323242254813,11.08895952683491,3.0,5.0,0,0,20,14,email,7,3,4,0,1
CUST_03090,668.6696013474937,11,21.397155582352863,25.652632817903886,5246.130080848136,13.7466079374307,,3.0,1,0,30,7,sms,1,1,3,0,0
CUST_03091,819.1669410018735,1,75.1052624736055,10.72073448360128,2050.791603788208,47.08230736724789,4.0,1.0,0,0,30,7,email,5,4,3,0,0
CUST_03092,156.704378471216,4,58.58080193941413,6.837780753552649,1223.9824211015061,56.39865479501839,8.0,1.0,0,0,20,14,sms,15,2,2,0,0
CUST_03093,397.99540978780897,4,32.71966032344918,15.474130123858746,1736.3032824732097,14.041295460286102,3.0,5.0,0,1,30,14,sms,18,1,4,1,1
CUST_03094,405.55775759076874,8,29.385344847422083,23.439558031226795,3177.9878832938534,2.869232905643923,3.0,0.0,0,0,50,30,in_app,11,2,4,2,0
CUST_03095,240.19076116031232,4,11.462581451714112,8.704920627833381,367.0941551665721,19.00604575311531,2.0,3.0,1,0,20,30,push,1,5,6,1,0
CUST_03096,327.1295021641059,5,31.480217647930093,3.975227391388751,1716.3513211975119,58.51926523366312,4.0,2.0,0,0,20,7,email,11,6,3,1,0
CUST_03097,419.80044747725043,6,16.205179401264967,37.11647250330665,1360.5883128200308,39.6512608027818,4.0,2.0,1,0,20,14,push,21,6,0,0,0
CUST_03098,252.99393726565205,7,36.43025773859278,5.631265546979627,2150.548012874118,45.19765125670598,2.0,1.0,0,0,50,30,email,4,4,3,0,0
CUST_03099,586.6895549718604,1,67.43393299037386,95.1063449346479,1318.7594712041564,38.675220525698165,1.0,2.0,0,0,10,14,push,21,2,0,0,0
CUST_03100,90.97500291333147,5,18.388566180248095,21.87168515365351,278.8166436366765,27.056801986519964,1.0,3.0,1,0,20,7,in_app,22,2,6,3,0
CUST_03101,220.34518239263775,7,38.212093765678176,17.462590372089835,1964.6318464273513,52.49349482794019,2.0,1.0,0,0,20,7,in_app,15,0,6,1,0
CUST_03102,480.84163287064547,0,60.25995923435281,0.1871586888866801,0.0,28.22584545715166,4.0,1.0,0,0,50,14,email,3,6,2,0,0
CUST_03103,926.2005783096856,0,37.795015814157374,8.92755364833963,0.0,1.302766690059686,2.0,,1,0,30,14,push,8,4,2,0,0
CUST_03104,611.857841779593,5,24.1820403389417,10.471222284295473,2465.9951686019876,46.4304702417787,2.0,0.0,0,1,10,14,in_app,20,5,1,1,0
CUST_03105,322.1729249147213,1,33.32246663310554,7.083124374415819,5367.798270280409,28.72463193186422,3.0,2.0,0,0,30,14,push,16,2,4,0,0
CUST_03106,262.54743452414033,5,58.81219476339529,,2573.498475643919,23.899206110213438,,1.0,0,0,10,14,in_app,11,3,4,0,0
CUST_03107,230.43965920356516,3,38.766121808172805,6.869950686687047,893.3251898119236,47.22513108361077,3.0,3.0,0,0,20,30,push,5,5,1,0,0
CUST_03108,231.53821039628585,2,33.04854861355922,1.1689908232644781,510.1334534785437,27.89779145348698,5.0,4.0,0,0,10,7,sms,11,0,2,1,0
CUST_03109,47.386627008782966,3,66.26659179681403,,314.0150268618903,20.02080507881874,2.0,3.0,0,0,20,30,email,4,3,3,0,0
CUST_03110,901.490760308054,10,45.10308834905598,1.3108325971282795,13553.339136010602,12.188895826267657,3.0,3.0,0,0,30,14,email,14,6,4,2,0
CUST_03111,277.9030307832527,2,16.090974787884974,20.940532009573577,298.1153774540094,13.717171554338947,3.0,3.0,0,0,10,7,email,18,1,2,0,0
CUST_03112,148.26477016684316,8,48.36844301189733,16.682636059434287,1912.3562897298689,48.584480643041786,1.0,2.0,0,0,30,14,email,14,3,1,0,0
CUST_03113,393.5679054485636,2,58.541461856045366,42.18445426567867,1536.002701638717,34.761251886933685,5.0,4.0,0,0,20,14,push,0,0,3,0,0
CUST_03114,158.72845661131564,5,15.762129056884916,7.168815064004127,416.9830696846191,25.879639048026622,3.0,1.0,0,0,10,14,in_app,15,4,2,0,0
CUST_03115,549.1824847770935,7,8.488873470056683,23.140781418076937,1087.7861458902846,45.433765992035205,3.0,2.0,0,0,50,7,email,11,3,2,1,1
CUST_03116,152.4130035877585,2,17.722595347057545,13.286684886022112,180.07693254769825,34.71783380766869,3.0,3.0,0,0,20,30,email,10,6,2,1,0
CUST_03117,496.11832414431933,13,31.140218634208612,15.58125867437123,6694.667668992888,28.789779908933188,6.0,,0,0,30,14,sms,8,5,3,0,0
CUST_03118,227.77077859237207,2,60.69570920573493,11.893228917360457,921.6472628670966,138.49519361002348,2.0,0.0,0,0,20,14,email,4,0,1,1,0
CUST_03119,357.1033914528898,5,19.403021075569207,,1154.8141050862769,26.10340111510786,2.0,3.0,0,0,20,7,push,13,6,2,0,0
CUST_03120,522.3618272393442,13,46.204267317076145,0.6434783599425883,10458.649717534634,7.8104060743961465,2.0,5.0,1,1,20,30,email,19,1,2,0,0
CUST_03121,187.85404142021798,0,5.83906872443896,1.258685440717051,0.0,55.46906150734715,2.0,2.0,0,0,20,7,push,23,3,3,1,0
CUST_03122,513.6992197881921,6,36.89898456912881,1.5126239534633583,3790.9959168276014,25.32555729425599,3.0,,0,0,30,14,push,14,2,3,7,0
CUST_03123,49.90511769016938,6,25.944398468231643,5.109719558449957,258.95165179155003,31.806588645762158,4.0,1.0,1,0,20,14,in_app,8,3,3,1,1
CUST_03124,777.8757194325441,9,116.64781522617467,13.415325920979194,27221.250956788528,37.05563297380444,3.0,0.0,0,0,30,14,in_app,10,4,2,2,0
CUST_03125,575.2534640553008,10,10.641359280285043,15.560678707196432,2040.4929294136643,29.547033234459363,1.0,3.0,0,0,20,14,email,17,0,3,0,0
CUST_03126,270.59249683839533,1,32.82856794736819,18.70339613605713,296.1054722835758,30.818540202649668,2.0,4.0,0,0,50,14,push,11,3,3,2,0
CUST_03127,645.9710562697337,2,10.602260032714977,4.943469935667499,456.58354081195165,30.882850496123616,2.0,1.0,0,1,10,14,push,12,2,1,0,0
CUST_03128,601.3306754930834,1,23.81165960540173,15.756452235269748,477.28937850425297,12.056128313008308,2.0,2.0,1,0,20,14,push,5,5,4,0,0
CUST_03129,289.8089548010208,0,11.932992234604027,1.8781770389551573,0.0,25.973091884662324,3.0,0.0,0,0,10,14,email,12,6,1,0,0
CUST_03130,287.4498506743109,2,131.6929720572265,0.1504400419987056,37855.12515270595,14.931162904031872,2.0,1.0,0,1,10,14,email,23,4,2,0,0
CUST_03131,132.64848460372622,9,26.753659806057904,17.795961772225454,1064.6497292631602,52.11963157100066,3.0,1.0,0,1,10,7,email,8,2,3,2,0
CUST_03132,301.7141871579475,4,29.17704599315962,18.8612476368205,1173.7504953994937,32.51464688778277,4.0,1.0,1,1,20,7,email,5,1,3,0,0
CUST_03133,70.89152013969353,3,32.27715695235952,14.598580332559402,228.81767221402436,22.829990267968945,1.0,1.0,1,0,10,7,in_app,11,2,1,0,0
CUST_03134,491.8704694062415,4,16.78748929760441,4.493687426912268,1100.9693654619914,5.108714701336084,4.0,0.0,0,0,20,14,push,11,5,2,0,1
CUST_03135,499.23051450569045,3,62.373670561201145,39.356006778907634,3113.8839645876888,31.330227334413095,1.0,4.0,0,0,50,7,email,23,0,4,0,0
CUST_03136,50.80202342879396,5,48.62396358634454,31.272912971434824,411.6992895523832,29.062414823659005,3.0,3.0,1,0,10,30,in_app,6,4,4,1,0
CUST_03137,728.9778679718187,11,57.441269028074615,10.870823514059696,15353.585070883215,24.380250292619614,4.0,2.0,0,0,20,14,sms,12,1,2,0,0
CUST_03138,174.31936986188802,11,15.946236906664891,67.83969061099187,1019.2372553873423,52.02203706180795,2.0,5.0,0,0,10,14,email,9,0,4,1,0
CUST_03139,1551.2662259138192,5,65.44362788814928,5.320572357552809,16920.081607359618,32.39509026892908,3.0,3.0,1,0,10,14,email,17,0,3,0,0
CUST_03140,343.7062210003337,1,61.062917534149356,10.13356676713265,699.5901542972497,37.00444923491581,5.0,3.0,0,0,30,14,email,20,0,1,0,0
CUST_03141,733.7181985729915,7,28.805437718954348,39.45004871613275,4931.517236860127,28.970057738522055,3.0,,1,0,20,30,email,18,6,3,1,1
CUST_03142,128.805783493178,8,56.65683567970368,9.301856352985983,1946.0608293249268,37.830621810582684,1.0,3.0,1,0,10,14,sms,6,1,2,0,0
CUST_03143,227.37207124144194,13,39.00161181933639,9.551736009575134,3842.7468131507944,23.23601446801892,2.0,0.0,1,1,20,7,email,15,6,1,0,1
CUST_03144,187.06427880727517,8,12.725403621499149,1.2408241626679237,634.791586929927,43.825227976786906,4.0,3.0,1,0,50,14,sms,7,4,3,0,1
CUST_03145,69.52449986919115,4,29.67534180921383,3.561421359745317,275.0884396977186,47.68020684027089,4.0,2.0,1,0,30,7,in_app,23,1,5,1,0
CUST_03146,91.27057673117957,10,24.806208816275564,2.5772282014793286,754.6923283918474,11.264716292347066,2.0,1.0,1,0,20,14,email,12,6,7,2,0
CUST_03147,262.57417947495463,7,34.85691616761812,12.495309465861673,2135.5894377392415,22.973351774170734,4.0,4.0,0,0,50,14,push,10,3,2,0,1
CUST_03148,383.85573550624616,3,61.11001550563544,5.751699894619872,2345.74299487138,17.031961752938223,3.0,2.0,0,0,30,30,email,15,0,2,0,1
CUST_03149,116.52537617507598,5,12.369022960457478,1.2023856785434577,240.21750889757658,29.152068527645675,2.0,0.0,0,0,20,7,email,13,0,1,0,0
CUST_03150,216.3365932694514,2,25.377253852114467,10.699403209366334,366.00190966003373,43.71456409249691,3.0,3.0,1,0,20,30,in_app,21,0,0,0,0
CUST_03151,158.01844370024605,8,20.224556617820593,16.59439794521217,852.2274563401392,24.961499935768483,3.0,,0,0,50,30,email,11,0,5,1,0
CUST_03152,276.26282974487145,1,20.752468777192497,20.007050790953485,191.10452495264306,37.941517148948115,1.0,4.0,0,0,10,14,push,17,3,1,0,0
CUST_03153,466.1187357104916,2,20.209131782586056,27.257812240168604,627.9903304203817,24.003195264798553,5.0,4.0,0,0,20,7,push,23,4,1,0,0
CUST_03154,313.76948228122535,2,34.498029735419884,9.865437905719121,721.6285953203343,12.400018892789506,4.0,2.0,0,0,20,30,push,14,5,3,0,0
CUST_03155,180.41752193374248,5,45.32710834419647,7.429498053804072,1362.967427313698,31.522866255945246,2.0,0.0,0,1,10,30,in_app,5,4,5,0,0
CUST_03156,587.9296418156787,2,40.812768069504365,17.285978089400786,23995.03611261007,32.43021491253279,4.0,4.0,1,0,10,14,sms,23,0,2,1,0
CUST_03157,374.9288943208505,6,37.01787575673096,0.20182297144467906,2775.8142455155507,37.85538283606703,6.0,1.0,0,0,20,30,in_app,15,3,3,0,0
CUST_03158,320.67851726361164,7,48.08867453311236,15.057439524080182,3598.2344641718705,50.42434149190278,4.0,6.0,0,0,20,14,push,23,5,1,1,0
CUST_03159,117.89320875549919,5,138.13005654965517,7.805109324773112,2714.0992653695675,14.789033220179135,2.0,1.0,0,0,20,14,push,12,1,5,3,0
CUST_03160,546.3750651008194,6,35.92864357694655,9.046177602300782,3926.1029946676617,60.64619555426861,5.0,2.0,1,0,20,14,email,2,0,3,1,0
CUST_03161,402.3302700145109,9,61.11045971888463,5.270397841501145,7375.976327822923,5.819426139448262,3.0,2.0,1,0,30,30,in_app,22,5,2,0,0
CUST_03162,417.33465430593765,4,59.05741230894579,2.0420305734565147,3286.2273000209493,13.482371454778747,1.0,0.0,1,0,30,30,email,21,0,3,1,0
CUST_03163,243.19129829239796,4,96.22377782021945,7.698043312649767,3120.1047272931223,38.864701312682655,6.0,2.0,1,0,10,14,email,11,3,1,0,0
CUST_03164,210.04992111960513,2,46.3541729373472,5.52692626110023,649.1126912702877,23.001792933427073,4.0,3.0,1,0,10,14,email,9,2,2,0,0
CUST_03165,904.5172989603311,10,19.95361423153702,48.32759301723551,6016.12974973543,33.84228052271806,3.0,1.0,0,0,10,30,push,5,3,2,1,0
CUST_03166,207.4791525430629,1,39.76269465930083,43.11319186968619,274.99767302467694,26.848711528940854,1.0,5.0,0,0,30,7,sms,22,4,5,2,0
CUST_03167,96.9920541196092,7,38.500962695172355,15.488882605024092,871.3337400570161,33.201506538140656,1.0,4.0,0,1,10,7,push,12,4,2,0,0
CUST_03168,332.69129372041795,2,54.00677843565447,35.10450851592134,1197.8389991619902,36.67943545823908,4.0,0.0,0,1,50,30,in_app,18,0,2,0,0
CUST_03169,287.96358411066416,2,19.608477501291546,20.871097755304522,376.4351640150156,15.420107450637383,4.0,0.0,1,0,30,14,sms,14,5,3,1,0
CUST_03170,605.9851402036579,2,70.79530212813617,,2860.060072391928,53.333116963302054,4.0,0.0,0,0,20,7,email,4,3,1,0,0
CUST_03171,257.884820753394,3,33.21967395723023,13.891353884496024,856.6849663946509,31.902607155847058,2.0,4.0,1,0,10,14,in_app,2,5,2,0,0
CUST_03172,455.7707347311654,4,54.79656734811232,3.733144249734363,3329.9562347993256,25.269159885283223,1.0,1.0,0,0,10,30,push,9,5,3,0,1
CUST_03173,762.2928770950944,11,39.877166616709104,17.433264725347495,11145.962692572264,50.989207684647475,5.0,1.0,0,0,20,7,email,0,1,4,0,1
CUST_03174,385.69634733936533,1,35.64306033822311,0.6876369511060197,458.2466060149752,20.584771815187047,1.0,0.0,0,0,20,7,push,6,3,5,0,0
CUST_03175,123.40853252743787,3,38.10379358325415,26.698211896201943,470.2333249837799,35.03279132071791,1.0,4.0,0,0,10,30,push,21,1,0,0,0
CUST_03176,393.54907056594163,2,49.560552600440545,13.128305198204377,1300.300627509189,67.19813246899402,4.0,1.0,0,0,10,14,push,13,4,4,1,0
CUST_03177,219.3450458028297,1,107.25325172286794,0.9032317339795042,784.1823137218298,33.893909805742716,2.0,2.0,0,0,10,30,in_app,16,5,4,0,0
CUST_03178,349.50350191023523,3,9.870727600354373,30.807912867070506,344.98538627258665,34.84764196798606,1.0,4.0,1,0,20,14,email,18,3,5,0,0
CUST_03179,289.6062490492559,8,45.78707148821666,31.519346591743705,3536.059207640682,25.636682203556983,3.0,3.0,0,1,20,7,push,22,2,2,1,0
CUST_03180,95.00313370106204,3,34.00068520837023,28.741060101562677,323.0171642778519,54.45539594363357,5.0,2.0,1,0,20,14,email,5,1,4,1,0
CUST_03181,256.7647720028197,4,29.776993337298816,22.328360307134705,1019.4243873574682,14.80674961657938,0.0,0.0,0,0,50,30,in_app,13,3,3,0,0
CUST_03182,117.13085481449438,3,8.020759082766194,,93.94783676255243,30.13984578409624,6.0,1.0,0,0,20,14,in_app,9,3,1,0,0
CUST_03183,194.89313016176794,0,46.90501543996043,7.585310754371919,0.0,13.929136031880478,4.0,6.0,0,0,50,7,sms,9,3,2,0,0
CUST_03184,545.1505927337234,3,30.723186123871216,2.198627129663298,1674.87631260969,1.923061920683173,3.0,1.0,1,0,10,14,email,16,1,2,0,0
CUST_03185,306.8911527077822,3,20.072343441483056,5.111502453717696,616.0024616303228,32.35127363439104,3.0,2.0,0,1,30,30,push,6,6,2,1,1
CUST_03186,436.78473973418755,0,33.97034654529585,6.394444287881257,0.0,14.629440508253285,5.0,1.0,0,0,20,14,email,14,4,0,0,0
CUST_03187,325.60885497344395,6,27.780264578948728,6.649291356464234,1809.1000280821636,29.145312050386433,2.0,1.0,1,0,20,7,push,9,0,4,2,0
CUST_03188,231.83919271229573,2,11.641357972342151,12.503031507294992,179.92820229217682,44.54949605526098,6.0,2.0,1,0,20,14,email,4,5,1,0,0
CUST_03189,350.2230934818701,2,34.9148008173671,3.505160214514359,815.1979700374421,33.0560512954599,5.0,3.0,1,0,20,7,sms,20,5,3,0,1
CUST_03190,58.78963297750194,0,46.90124016344498,3.1545413944360408,0.0,15.451266609487,1.0,1.0,0,0,30,14,in_app,5,1,3,0,0
CUST_03191,493.0552080227465,2,23.81843715591004,18.932648921093005,782.9202991122626,122.61122704089132,2.0,3.0,0,0,10,30,email,11,3,2,0,0
CUST_03192,144.63462359230888,2,38.74600677847071,0.11293231516329215,373.6009404072773,42.1860197074403,3.0,2.0,0,0,20,7,in_app,7,3,3,0,0
CUST_03193,417.7900767405023,3,35.334760097127976,2.429305787353756,22143.768198879505,35.61651246146552,4.0,3.0,1,0,20,14,email,22,4,3,0,0
CUST_03194,224.64921334065968,8,62.00997960991722,8.562830398407504,3714.7981703035334,11.504823447603572,4.0,1.0,0,0,50,7,sms,14,4,1,0,1
CUST_03195,95.06371310679899,5,31.11794193094186,2.4216132405727273,493.03118403284793,20.45514004419224,2.0,3.0,0,1,10,14,email,14,3,3,1,0
CUST_03196,167.3941221077398,10,53.55210490992564,48.213008309592034,2988.1025294728615,9.396161091258364,6.0,4.0,0,0,20,7,email,12,4,2,0,0
CUST_03197,419.3152099606833,10,27.439630760267775,16.63466517893187,3835.2848444951023,36.36530916863682,6.0,3.0,0,1,30,14,push,21,5,2,0,0
CUST_03198,1099.4368044278679,8,107.81245360521152,8.504843289641542,31608.79452513107,131.34527243009526,4.0,2.0,0,1,50,7,email,8,4,2,0,1
CUST_03199,275.82232940905845,3,25.480030833675087,1.7860669686835173,702.7961457958896,47.077322304581095,4.0,3.0,0,0,30,14,email,13,6,2,0,0
CUST_03200,1015.5114344383677,5,21.955123417897116,7.296539518243526,3715.9464792300164,24.759905763231522,1.0,3.0,0,0,50,14,push,6,2,4,0,1
CUST_03201,58.62033367990028,2,31.177750902591562,15.77313985698079,121.84334408658196,26.24571547335931,5.0,1.0,0,0,20,14,email,6,2,5,1,0
CUST_03202,238.55846539218248,9,21.395671959570226,52.01688785480214,1531.2356006128869,20.425981951251526,6.0,1.0,1,0,30,30,email,11,1,3,0,0
CUST_03203,275.9931703273675,4,15.655247114330173,9.599425026953352,576.0988377789809,50.57910955648196,2.0,3.0,0,0,30,7,push,7,2,1,0,0
CUST_03204,434.84130922177394,10,51.24209757929451,17.684922808304982,7427.393599550106,30.802209034087273,1.0,3.0,0,0,20,30,in_app,17,6,5,2,1
CUST_03205,172.98772822794646,6,5.27200513803558,3.260385906676871,182.39843840696727,17.716346654181745,3.0,1.0,0,0,10,14,in_app,2,2,4,0,0
CUST_03206,373.9684725613272,0,21.53070350476214,14.657872992617195,0.0,17.965347033204214,4.0,4.0,1,0,10,7,push,4,1,3,0,0
CUST_03207,247.97499142968707,1,14.804654895258661,4.097910982787081,122.3728056923747,54.37617653893593,5.0,2.0,1,0,50,14,sms,14,4,2,0,0
CUST_03208,665.1229341643887,6,36.064234498229204,3.312207485441643,4797.429893570955,52.21945614415653,2.0,1.0,0,0,10,14,push,3,6,3,0,0
CUST_03209,332.91223289519945,4,8.904266983212883,10.676406918243853,395.24525382352033,28.507987648316842,1.0,5.0,0,0,20,30,email,8,0,2,0,0
CUST_03210,1468.4932053997422,3,46.003179191837916,3.5674689203863323,6755.535607000079,24.168025895868723,2.0,3.0,0,0,30,7,in_app,14,5,2,0,1
CUST_03211,249.52798672668462,3,49.08993166807102,19.16577179194262,1224.931181768428,5.472661483154789,6.0,2.0,0,0,20,7,sms,6,5,3,1,0
CUST_03212,636.3236829040784,5,12.43393182471174,41.54966384515319,1318.6675486131337,33.97377421626365,2.0,2.0,1,0,10,7,email,18,6,2,0,0
CUST_03213,775.3110451101132,2,37.12763688105751,7.503283675046585,1919.0311301814324,23.092217264810998,1.0,3.0,0,0,10,30,in_app,22,1,5,1,0
CUST_03214,15.344859508574862,1,45.1339877029003,5.839331381086752,23.08582334542502,40.69862416068645,1.0,0.0,0,0,10,14,email,22,3,3,1,0
CUST_03215,488.7236463887001,9,58.217163959340276,2.9016759989849192,8535.631395785278,36.14274401506285,5.0,,0,0,20,7,email,4,2,3,1,0
CUST_03216,242.48906420341484,0,13.71708859199495,7.424196215552077,0.0,47.20826767289168,0.0,2.0,0,0,20,30,push,16,2,3,0,0
CUST_03217,108.35358402911396,7,12.606886528041812,12.302239278610683,318.7336457110594,31.92208244054497,2.0,2.0,0,0,10,7,push,17,5,4,0,0
CUST_03218,672.94733857189,0,81.58044046079839,,0.0,40.257507169791445,2.0,6.0,0,1,10,30,push,5,1,2,0,0
CUST_03219,181.572998807436,3,20.223922316605837,14.635684245870442,367.211822267475,2.7583866133128776,2.0,2.0,0,0,30,30,email,4,5,3,0,0
CUST_03220,54.87468054624566,0,24.132452103170348,16.28944313631823,0.0,23.523642581480907,0.0,4.0,0,0,10,14,email,4,5,4,1,0
CUST_03221,338.8863362585012,3,48.41727706852445,1.544277316974402,1640.7953637364997,5.082572490285557,2.0,1.0,1,0,20,7,email,11,4,1,1,0
CUST_03222,740.9062044196904,8,16.419659814194357,17.949135057160802,3244.114088212603,17.35517612618073,2.0,3.0,0,1,20,14,email,20,4,1,0,0
CUST_03223,109.73094315886411,8,28.23296740794424,34.586481811530206,826.1413711592513,22.89009861007088,1.0,5.0,0,1,10,14,sms,8,2,4,1,0
CUST_03224,533.9309078647141,1,56.545553823019716,0.39904332495838585,1006.3806296145991,35.795062486047925,4.0,2.0,0,0,10,30,email,5,4,1,1,0
CUST_03225,39.3789354161931,2,14.116420151791765,12.022756987106845,37.05930649768365,28.069764578141527,4.0,3.0,1,0,20,14,email,14,0,2,1,1
CUST_03226,776.3923854235035,1,24.53246647057648,13.890358200615426,634.8940054470997,8.655700273700957,2.0,4.0,0,0,30,14,in_app,9,0,4,2,0
CUST_03227,391.2140087271864,3,16.84351688238287,,658.9419760621042,33.89041065194425,3.0,2.0,1,0,20,14,email,23,5,3,0,0
CUST_03228,99.00333014977186,10,20.81426874064046,7.310754791067302,686.8939733185679,8.479364079596882,6.0,4.0,1,0,20,30,push,12,1,5,3,0
CUST_03229,500.67020986458186,1,67.45017303811382,25.61488601598175,1125.6764096798267,12.94926706966557,4.0,3.0,0,0,20,14,email,0,5,3,0,0
CUST_03230,190.30705278053932,6,76.9409450640936,,2928.4808986594076,8.411474428257927,5.0,1.0,0,0,20,30,email,18,0,6,1,0
CUST_03231,132.77826730461948,4,38.65594106290115,7.887479912577945,684.3558500482006,21.68329663831987,1.0,1.0,0,0,20,30,email,22,2,4,0,0
CUST_03232,186.86136841152583,3,45.57347281698874,19.054718026655745,851.5921493847992,32.881701041122916,4.0,1.0,0,0,20,14,push,17,6,2,0,0
CUST_03233,465.9758129199839,3,44.831586228814665,39.3368007555467,2089.043483746427,9.095202986693247,3.0,0.0,0,0,20,30,email,7,1,1,0,0
CUST_03234,125.21539973436913,8,22.122571327194652,25.06983089531373,738.6897631698057,8.070654966051782,,1.0,0,0,20,30,email,20,5,4,1,0
CUST_03235,23.172323710650605,16,38.202092916819105,40.03203371651907,472.12334052953855,28.259509071172623,2.0,2.0,0,0,10,14,email,13,3,1,0,0
CUST_03236,194.99733178313602,3,15.22311453582477,4.637360613740788,296.84667159149035,18.26980564961121,2.0,2.0,0,0,10,30,email,11,4,4,0,0
CUST_03237,691.6319897628626,6,18.63158587988017,1.892174877222275,2577.2401629078354,32.563239076456945,6.0,1.0,1,0,30,14,sms,6,6,0,0,1
CUST_03238,685.4153070858047,2,31.434910420390068,11.464800509475182,1436.397918600428,26.592212202675075,2.0,2.0,0,1,30,7,push,10,3,4,0,0
CUST_03239,186.6390700822933,5,17.521302105059,0.6817155376112699,8175.39882879785,7.316646239043206,3.0,,1,0,20,7,push,16,6,6,1,0
CUST_03240,181.08682271873343,2,15.43077281120471,-10.0,186.28730803171194,14.726664782345958,5.0,1.0,0,0,20,14,email,19,1,1,0,0
CUST_03241,171.7398429392061,3,21.603628863647124,4.116582750008266,371.02038279596576,12.649998964890727,2.0,1.0,1,0,20,14,sms,21,6,1,0,0
CUST_03242,165.31949358216224,2,65.87771596719347,,726.0580428030631,18.4224651376612,3.0,1.0,0,0,10,30,email,12,6,3,0,0
CUST_03243,175.22273528159184,2,84.29170759166564,15.987610691079674,984.6549043845182,22.13363356039925,4.0,2.0,0,0,50,7,push,20,6,2,0,0
CUST_03244,351.06035912505797,5,32.47478635647128,9.898451410141014,1900.1016934687232,41.45813547637159,3.0,2.0,1,0,30,14,in_app,23,1,1,0,0
CUST_03245,702.9097600520372,23,46.96108850817839,4.039030863346298,25307.212382217385,12.016282283593744,2.0,4.0,1,0,50,7,push,16,3,2,0,1
CUST_03246,125.02420693017774,0,23.615505918185494,31.850339692677803,0.0,33.25553152023093,3.0,2.0,0,0,20,30,sms,20,0,2,1,0
CUST_03247,147.32053951986455,3,9.588955084238897,21.69291539938773,141.26500364418226,42.88570036655649,5.0,5.0,0,0,20,14,email,22,6,3,0,0
CUST_03248,381.0263537417719,5,19.37311948362024,13.784633501153317,1230.2781795745832,38.023037686448426,2.0,1.0,0,0,30,14,push,9,6,4,0,0
CUST_03249,484.91471319941354,2,27.522217302250727,,889.7285406488564,108.72524844485939,3.0,2.0,0,1,20,7,email,19,4,3,0,0
CUST_03250,70.8710768402453,2,36.0382750392836,8.050510154172562,170.27142396659747,37.83662820682511,2.0,1.0,0,0,10,14,sms,14,5,3,0,0
CUST_03251,880.5369428790567,11,31.16869846989502,7.071480047333784,10063.23650354018,14.130276957191526,5.0,2.0,0,1,20,14,email,18,0,0,0,0
CUST_03252,225.64634637808481,5,27.966647271355715,2.6172933632316377,1051.7619628710088,32.05625410839559,3.0,,0,0,10,14,push,4,6,3,0,0
CUST_03253,78.18678904467686,7,23.458201568361453,24.413378116156636,427.9616733916964,9.531109845278406,2.0,1.0,0,0,30,30,push,21,1,1,0,0
CUST_03254,67.24842467292463,10,40.70364014199205,7.195822310034489,912.4185593341945,21.1683816410147,2.0,2.0,0,0,20,14,sms,17,6,6,0,0
CUST_03255,62.98029162815336,1,14.609396724840519,17.680618723054614,30.670135541394817,16.743469846153957,3.0,1.0,0,0,20,14,push,7,0,1,0,0
CUST_03256,628.0340482203989,1,53.583309346720625,5.348881167460241,1121.738089535563,24.417403895117655,4.0,2.0,1,0,20,14,sms,15,2,3,2,0
CUST_03257,308.8087722352965,13,23.293852084960218,23.843739601284714,3117.1165406277723,28.417636876627284,,1.0,1,0,20,14,in_app,15,1,0,0,0
CUST_03258,631.9557527143755,7,114.46383843872917,1.6680534850050583,16878.418941795542,39.39293069899557,1.0,0.0,0,0,50,30,push,12,2,3,1,0
CUST_03259,266.053493438342,3,27.40733494095543,14.71300677933292,729.1817206875927,27.062280688909002,71.0,3.0,1,0,10,30,email,5,0,2,1,1
CUST_03260,619.9423401647168,6,24.826076337143252,24.722268807267795,3078.1471723112977,36.61511024170557,4.0,3.0,1,1,20,14,push,12,3,2,0,1
CUST_03261,260.9034361424125,3,23.626956541795924,16.193189249599094,616.4354147342008,50.73547257233611,3.0,2.0,1,0,10,14,push,14,4,1,0,0
CUST_03262,433.536360350865,4,24.97507767067508,17.866628897450013,1443.6805697099512,45.68299646380849,1.0,1.0,0,0,10,30,email,12,6,3,0,0
CUST_03263,280.30013626580023,9,47.67164778198078,11.197869851281094,4008.710810791334,2.6581837907137533,2.0,1.0,0,0,10,7,email,8,3,2,0,0
CUST_03264,248.65294463743555,2,32.28601870749464,12.281744429546706,535.2009081491916,30.141866846103653,5.0,1.0,0,0,30,7,email,16,1,3,0,0
CUST_03265,136.58425974760982,1,59.874397890795706,,272.59667712493945,51.83880187237487,3.0,3.0,0,1,20,7,push,14,1,3,0,0
CUST_03266,476.5132650763619,11,43.75705601579039,,7645.2997984783,40.14335239737475,3.0,3.0,0,0,20,7,email,7,5,0,0,0
CUST_03267,110.2236771548942,19,33.74713334180036,19.198168369668014,2355.83098256752,15.948470771707665,2.0,2.0,0,0,50,14,email,9,1,2,0,1
CUST_03268,475.95460536099324,2,41.420362235710506,,1314.2808107871322,36.487881333075705,2.0,4.0,0,0,30,30,in_app,11,0,1,1,0
CUST_03269,319.4586546536783,1,67.88452724005109,11.706119259996203,722.8766581302566,21.920820133946503,2.0,2.0,0,0,10,14,push,20,5,2,0,0
CUST_03270,484.945416704189,5,49.107785079897766,19.397051934708863,3969.0992164984627,11.678763160074313,6.0,2.0,0,0,20,14,in_app,4,4,1,1,0
CUST_03271,340.4176646347001,4,39.1865743109232,17.260266375846843,1778.640281594481,47.825567700732066,,1.0,1,0,10,30,email,10,5,2,0,0
CUST_03272,666.6274354016897,0,42.67637690226677,110.89177412495955,0.0,20.312183107268833,0.0,,1,0,10,14,email,4,0,1,0,0
CUST_03273,403.80904028380974,3,16.583182818250624,23.77150430740577,669.6439138688748,22.226469102792624,4.0,2.0,0,1,50,14,in_app,15,3,3,1,0
CUST_03274,324.55698897988293,16,154.93686506085183,14.818707695159908,26819.11594993733,49.60119639482144,2.0,1.0,0,0,30,7,push,10,4,2,2,0
CUST_03275,19.564644733347716,5,45.46193727163911,1.8352150190200514,148.24110860155972,28.682499684813507,4.0,1.0,0,0,30,30,push,8,5,1,0,0
CUST_03276,685.0140486512181,2,48.26703466517852,6.756827419482289,2204.2397888255086,11.711938926720588,2.0,,0,0,10,30,push,20,1,2,0,0
CUST_03277,62.20765932185409,5,32.5502343126254,4.329216715495657,337.4789811610544,8.627244723507046,2.0,2.0,0,0,10,30,sms,23,2,3,0,0
CUST_03278,85.83807638248007,5,8.343302638381227,28.828941472483983,119.36217485925252,30.714042759095854,4.0,1.0,1,0,10,14,push,17,0,3,1,0
CUST_03279,517.3316474946681,4,28.2415373205972,8.863544107836194,1948.032137312894,36.94329971219211,1.0,1.0,1,1,10,7,email,0,5,1,1,0
CUST_03280,300.2580017630397,0,34.659376033744294,11.495437892984912,0.0,31.172521941409652,0.0,3.0,1,0,10,14,sms,23,2,0,0,0
CUST_03281,65.19897806623479,2,20.212420806874054,50.21057007809715,87.85527872352594,5.922244964988629,3.0,3.0,0,0,30,30,push,5,3,2,1,0
CUST_03282,180.87028639226384,2,20.107001246151587,27.181006351693405,242.4506049254029,39.57587068550221,4.0,2.0,0,0,50,30,email,8,2,3,0,0
CUST_03283,660.6805937722775,7,27.016527881078723,23.396883160841398,4164.835659165155,14.740150340245716,2.0,2.0,1,0,50,7,email,10,3,4,2,0
CUST_03284,332.87505889288923,6,52.61058346844885,2.301108296429869,3502.550214089835,49.95747860082329,4.0,1.0,0,0,10,7,sms,5,6,1,1,0
CUST_03285,305.9377547451676,4,70.34787415811904,0.34547438532470626,2869.609422804071,36.510619158930325,0.0,2.0,0,1,10,30,in_app,10,3,4,1,0
CUST_03286,162.3919658783556,3,36.692698083550184,2.0123742223246133,595.8599375168685,68.30676874320548,1.0,4.0,0,0,20,7,push,21,5,3,1,1
CUST_03287,530.1995644372412,2,23.560527883641544,20.222459629344307,832.7854414545482,13.740679025939654,3.0,3.0,0,0,10,14,sms,7,3,4,3,0
CUST_03288,272.285791608113,5,26.644140983411475,7.932751336825702,1209.1368365643934,51.40094917034715,3.0,5.0,1,0,20,7,email,7,0,2,1,0
CUST_03289,462.94305089925456,2,35.15336693718751,1.874430416130829,1084.9337959521713,25.404509268754406,5.0,1.0,0,0,30,14,push,13,5,4,1,0
CUST_03290,148.02495677227657,2,37.743681137778,,372.46711792307855,57.10024610024259,5.0,2.0,0,0,30,7,push,15,1,2,1,0
CUST_03291,1103.3499784104865,6,42.99034311299684,3.24594608434865,9486.678829116894,40.570053102844504,5.0,0.0,0,0,20,30,in_app,13,3,2,0,1
CUST_03292,743.43402068876,16,25.44156031302079,13.339011694780497,10087.531453922471,34.224361615023675,5.0,4.0,0,0,10,7,in_app,3,6,1,1,0
CUST_03293,330.21821406977506,0,45.493737517355996,20.295378746463147,0.0,49.95263215869529,0.0,2.0,0,0,10,14,push,20,0,2,0,0
CUST_03294,385.58593699572174,0,43.386240030851425,14.049721595552088,0.0,18.05297732546512,3.0,2.0,0,1,20,14,email,17,2,3,0,0
CUST_03295,182.34791451335715,2,26.12634901988293,75.85774734495192,317.605683841583,1.8415517866552822,1.0,1.0,0,0,30,30,push,13,0,6,1,0
CUST_03296,489.26905609457515,13,11.802429341192179,8.541731014118144,2502.310834134807,14.078339428288587,2.0,1.0,0,0,10,7,push,10,3,3,0,0
CUST_03297,26.242400920140085,10,19.473177212143792,5.605247674184763,170.3409745300044,36.989014570766265,4.0,2.0,1,0,20,14,sms,23,1,7,0,0
CUST_03298,871.5375106403573,1,84.82219106715561,3.3696078200977144,2464.1907083243186,36.404531910602216,2.0,0.0,0,0,30,30,email,19,6,5,2,1
CUST_03299,469.3358835493186,3,11.987411340314548,10.51102738411541,562.612229287565,44.880232956721116,3.0,2.0,0,0,20,7,sms,7,2,4,1,0
CUST_03300,122.65649924775532,2,73.0039351006525,28.7068667123009,596.9604740504241,27.77794025308494,3.0,2.0,0,0,30,14,in_app,14,6,1,0,0
CUST_03301,857.3959746510002,8,11.738234971805953,44.0379668152417,2683.817443822406,24.52310587064889,3.0,1.0,0,0,30,7,email,7,4,0,0,0
CUST_03302,1041.465407387731,2,20.82407696677171,53.66268659181908,1445.8370534448243,11.87693081493805,3.0,3.0,0,0,30,14,push,13,0,2,1,0
CUST_03303,400.88094916265345,18,26.447684402506255,11.369392919009542,6361.423695858607,39.023148741406835,2.0,2.0,0,0,30,14,in_app,17,4,4,0,1
CUST_03304,150.2755069838615,6,96.48444945078391,13.942932510498505,2899.849911455062,5.33159549050315,2.0,2.0,1,0,10,7,email,11,2,3,0,0
CUST_03305,309.6108962704211,4,33.638746580648395,13.06760116093077,1388.6563304330816,48.24154654598014,1.0,1.0,0,1,20,14,email,8,0,1,1,0
CUST_03306,443.1208124470661,3,29.124999757013544,9.409616208908854,1290.5893554848446,13.059168952800981,5.0,1.0,0,0,20,14,in_app,9,0,0,0,0
CUST_03307,376.9794797508744,5,18.893016946511224,2.477362246312205,1187.0466165700425,29.82396807032571,3.0,1.0,1,0,20,14,sms,20,0,1,0,0
CUST_03308,122.67366328801951,5,45.29409034658284,,926.0653313523063,7.256772755357368,3.0,3.0,1,0,20,14,email,3,2,3,1,0
CUST_03309,437.42642694444567,6,24.34603331192452,8.607490324667738,2129.9196723811183,19.030724234996526,1.0,0.0,0,0,30,14,push,21,4,4,0,0
CUST_03310,655.4752177885448,5,28.864072756238507,3.0900142208699286,3153.280729359973,43.67158853913539,1.0,6.0,0,0,20,30,push,7,5,2,1,0
CUST_03311,96.70798049499943,8,26.70864503305096,-28.0,688.7837661077749,31.85891165557046,2.0,0.0,0,0,30,14,in_app,14,1,4,1,0
CUST_03312,108.4409172718974,5,51.00467548768973,21.513369952702117,921.8322991734226,10.578118928767184,3.0,0.0,0,0,10,14,email,11,2,3,1,0
CUST_03313,175.97237723837932,2,52.303983341518446,14.450998614566634,613.6037525095728,41.15702563316277,2.0,0.0,0,0,20,14,sms,8,4,3,2,0
CUST_03314,252.93687064204093,4,19.409582905329973,0.7285914247793958,654.5865547388555,65.91113194798743,3.0,,0,1,20,14,email,21,0,1,0,0
CUST_03315,539.6164919905517,7,22.729080983108656,14.602658070861962,2861.8302874639926,43.024501029834084,1.0,3.0,0,0,20,30,in_app,19,3,3,0,0
CUST_03316,650.5651350325627,2,21.423165248200014,14.556025094210323,929.1442928346764,11.892084162283705,2.0,1.0,1,0,20,14,sms,12,5,3,1,0
CUST_03317,144.4920124111911,1,36.9664676743136,8.676165268090035,178.04531019982718,17.035944737944313,0.0,2.0,0,0,50,30,in_app,10,4,4,0,1
CUST_03318,348.8169995977264,4,57.05506827138573,16.083338305991973,2653.570363502428,46.84132926832953,9.0,2.0,1,1,20,14,email,15,4,4,0,0
CUST_03319,632.8628078168799,2,37.262937339482306,29.26989762101856,1572.1551434779485,9.903956549448928,4.0,0.0,0,0,20,30,in_app,4,5,3,0,0
CUST_03320,1144.414309365154,3,8.896085809416524,21.28144847348473,1018.0807897636557,6.046816401351894,2.0,2.0,0,0,30,14,sms,22,3,1,1,0
CUST_03321,347.462844672075,2,52.2401790159206,9.620684767540105,1210.1014138033474,9.5655945660059,0.0,1.0,1,0,20,14,email,21,0,2,0,0
CUST_03322,361.7808647229209,2,14.740598345690545,4.562955417157201,355.52442773581214,35.42762306009662,4.0,1.0,1,0,20,14,email,11,4,1,0,1
CUST_03323,402.66382274014876,2,21.56034538721448,9.746640706023825,578.7714062142477,4.671169805028626,0.0,1.0,1,0,20,14,sms,19,3,2,1,0
CUST_03324,232.05167414824243,5,37.30244294578829,43.77346956539156,1442.6823892315783,125.25012796471225,3.0,3.0,0,0,20,14,push,21,6,3,1,0
CUST_03325,327.91401273179497,6,31.489951207716565,25.720856380390416,2065.1992522501546,1.4155631624389156,1.0,1.0,0,0,50,30,sms,5,4,3,1,0
CUST_03326,35.836736574971475,1,55.90428994488177,0.4111798310942847,66.78091040551848,58.597770784200634,4.0,1.0,1,0,50,30,push,7,1,2,3,0
CUST_03327,183.20390860249577,7,22.95529022005077,22.915328843985638,981.2830746641876,66.09497765814177,4.0,2.0,0,0,20,14,push,6,4,0,0,0
CUST_03328,432.575960938612,5,18.541875789063354,2.8050248533732525,1336.7949561764108,48.24135379492752,2.0,2.0,0,1,10,14,email,15,1,5,0,1
CUST_03329,136.96504000246463,25,27.467798775391284,,3135.10679837593,58.33921704923587,2.0,2.0,0,0,10,14,push,23,5,4,0,0
CUST_03330,548.3896770094963,3,59.51400133274324,24.638526077124233,3263.686396840579,39.522118906017226,4.0,2.0,0,0,50,30,sms,1,5,4,1,0
CUST_03331,53.35362342635339,5,48.31797876945378,12.358696225961442,429.6565406646625,25.846347423997358,6.0,3.0,1,0,10,14,push,23,3,1,0,0
CUST_03332,533.8213299894798,5,34.89308963075653,7.759214370653568,3104.4459190220955,24.80868410965226,0.0,6.0,0,0,20,14,push,4,4,2,1,0
CUST_03333,532.823448308214,18,73.37460631875327,5.812925884164302,23457.42645420947,62.56662308498392,3.0,0.0,1,0,10,7,email,14,6,4,1,0
CUST_03334,1157.7708947992728,6,65.81934194598078,,15240.743683979495,74.39584658006497,6.0,3.0,0,1,20,7,push,15,1,3,0,1
CUST_03335,224.6266091778251,11,53.148471263098614,27.24946875289096,4377.472323698804,13.338630598429853,7.0,2.0,0,0,20,30,email,1,0,2,0,0
CUST_03336,300.4596117238424,4,16.33336104364627,26.148902896117242,654.3353756425722,35.743660998064314,,5.0,0,1,30,30,push,8,4,2,0,0
CUST_03337,815.7892045075398,7,52.9815331860755,26.00603655391737,10085.077989340281,38.64796137303153,4.0,5.0,1,0,20,7,push,11,1,3,1,1
CUST_03338,747.3138746828715,0,29.32924239053594,4.984523449787164,0.0,41.8739596903458,4.0,0.0,0,0,20,7,push,21,5,0,0,0
CUST_03339,604.9441757302002,1,26.128677386232482,24.060620342280323,526.8797068111577,17.967415592302878,,4.0,0,0,20,30,sms,16,4,2,0,0
CUST_03340,386.48224178786086,15,21.987390220424412,,4248.867931727058,23.83704921095619,8.0,1.0,1,0,30,30,push,14,3,2,0,1
CUST_03341,801.1197474839051,2,29.873448076414828,3.4686993030057867,1595.4806119634,32.33421268899274,1.0,3.0,0,0,20,14,email,4,5,3,0,0
CUST_03342,1427.9949701045148,3,22.749604187855187,10.83873222553356,3248.6320352125813,56.67697164198666,4.0,2.0,0,0,30,30,push,8,4,1,1,0
CUST_03343,461.5538915276869,4,36.66609844210195,,2256.4507230785885,50.70022666172085,3.0,2.0,0,0,10,30,sms,10,0,5,1,0
CUST_03344,311.6094457790387,3,29.851470553314513,1.7798656052871187,930.200019480763,109.7022389064827,3.0,2.0,0,0,50,30,in_app,8,4,5,2,0
CUST_03345,501.1444503550512,2,37.80052893764522,0.6392362203060805,18943.525297586424,23.24465671511139,2.0,2.0,0,0,20,14,email,10,0,2,0,0
CUST_03346,343.82041451400255,3,46.153044239500375,14.169239564118953,1586.8358801508114,51.119550155193984,5.0,2.0,0,0,10,14,email,22,2,5,0,0
CUST_03347,240.94059212980602,5,27.754025620786432,5.641826864147577,1114.5118945096817,0.6316009429894721,3.0,1.0,0,0,20,14,email,14,6,0,0,0
CUST_03348,550.0046064284405,9,21.276944383671292,,3510.7252265222846,25.39779574220259,0.0,1.0,0,1,20,30,in_app,11,5,4,0,0
CUST_03349,198.6316655168417,4,9.93593935253601,8.455345168774944,263.1456242758077,43.788963647287034,1.0,1.0,0,0,30,7,push,12,2,1,0,0
CUST_03350,454.88212996096235,1,52.58296615504688,5.49583926748589,797.301721475764,26.7452486416367,4.0,0.0,0,0,50,14,in_app,18,2,2,1,0
CUST_03351,68.2593745363193,4,34.718030322781594,12.891829195785252,4739.662069932078,138.36097139564583,5.0,4.0,1,0,30,14,email,23,0,5,0,0
CUST_03352,897.346307680175,2,29.793616875328333,,1782.3461397009087,52.6161749395291,3.0,0.0,0,0,30,30,email,23,1,4,1,0
CUST_03353,154.1625393286426,10,66.89671277413322,5.519642791087658,3437.655704666407,27.950352551618902,3.0,2.0,1,0,20,14,push,15,1,1,0,0
CUST_03354,84.264612041528,5,15.28523429984427,87.83575517215117,214.66738970670568,35.146223790789335,2.0,1.0,1,1,20,14,email,9,4,2,0,0
CUST_03355,730.1425907433688,8,34.25196232223593,1.3496066372986077,6669.017735467094,51.313115766711505,1.0,2.0,0,0,10,30,email,13,4,0,0,0
CUST_03356,822.9476795759841,2,18.5703238701799,,1018.8269958626039,52.19657245751084,4.0,1.0,0,1,20,14,push,3,6,1,0,0
CUST_03357,380.7334848527084,1,49.087455458101324,18.722002157429866,622.974599303834,28.450414095137383,1.0,2.0,1,0,20,30,push,5,5,5,2,0
CUST_03358,278.43638078337216,8,8.708636483684453,20.712547845963865,646.6136597533683,23.281406066427333,3.0,,0,0,30,7,email,21,2,5,0,0
CUST_03359,229.07314433932015,11,53.64613350683566,8.245347086088481,4505.9257774878615,25.454274634467705,5.0,,0,0,10,14,sms,17,3,1,1,0
CUST_03360,365.6923839316043,1,52.33137587403293,5.054084711913093,637.9061865931982,17.31057815680914,0.0,2.0,0,0,50,14,email,7,1,3,0,0
CUST_03361,290.7245168654779,0,19.03334688744874,23.698337556071692,0.0,14.244505529859527,1.0,3.0,0,0,10,30,in_app,10,6,4,0,0
CUST_03362,263.75718393271967,2,34.460158321384846,46.93516508626413,605.9409544482762,7.655799929591217,5.0,3.0,0,0,10,14,sms,3,2,1,0,0
CUST_03363,139.67716859256998,4,19.28034139023761,68.93110992413524,359.06979931820314,18.213707419696224,3.0,1.0,0,0,20,30,email,20,3,2,1,0
CUST_03364,105.02738824668785,2,42.80084632612969,15.09545058117093,299.6840736254164,38.61462047677827,2.0,2.0,0,0,20,14,push,8,4,4,0,0
CUST_03365,320.78961927866675,5,54.17055334708987,20.212725331354832,2896.2251973879443,15.8975786916067,3.0,2.0,0,1,20,14,email,12,6,2,1,0
CUST_03366,357.47818627500726,0,18.11992570602511,25.91037081961846,0.0,23.901863162230406,3.0,6.0,0,1,10,14,in_app,23,1,5,1,0
CUST_03367,162.1619007396555,4,15.209965010997413,24.057043616017904,328.8635781822661,115.89575011084517,2.0,2.0,1,0,50,7,push,6,0,1,0,0
CUST_03368,183.07998722748414,0,63.93470258511027,75.29280104345892,0.0,31.26076298435501,,3.0,1,0,20,14,push,21,0,2,1,0
CUST_03369,356.8433324710272,5,106.1339902587514,24.94510050513167,6312.201128730065,29.71604489449737,5.0,1.0,0,0,30,30,push,7,2,1,0,0
CUST_03370,136.3314678572472,5,44.55249843603521,16.296065955052292,1012.3179180820649,15.954290474462985,2.0,2.0,1,0,50,14,email,4,5,2,1,0
CUST_03371,620.964545030831,0,46.57504548552214,7.079265414944179,0.0,53.35230081252564,,4.0,0,0,20,14,email,1,1,2,1,0
CUST_03372,442.04862625140436,2,27.13367706503539,13.669048106918963,799.6269781165421,34.33914550133713,2.0,0.0,0,1,10,14,push,19,2,1,0,0
CUST_03373,160.82757278039108,10,36.89281451627257,,1977.7939372297653,31.132747356180733,3.0,0.0,0,0,20,14,email,0,5,3,1,0
CUST_03374,426.1092801851342,6,40.871490701891446,5.4680161512776575,3483.144296615274,17.086301195977477,4.0,2.0,0,0,20,14,email,22,6,5,0,0
CUST_03375,139.42661678786416,5,29.679490108626176,0.4669825643862046,689.6851489724378,50.82979707949487,2.0,,0,0,20,14,in_app,6,5,2,0,0
CUST_03376,534.5444052177512,4,74.43425951534738,5.944210885330324,5305.12226406068,42.138713577089774,4.0,3.0,0,0,10,14,email,19,1,0,0,0
CUST_03377,144.50768765382557,3,36.82020905777,48.369658538363744,532.0803269868786,43.17961960813569,5.0,0.0,0,0,30,7,email,20,4,3,1,0
CUST_03378,274.1775139005968,3,39.77983024570223,23.703107695334115,1090.6734960154404,53.83654349213786,4.0,4.0,0,0,30,14,sms,4,1,1,0,0
CUST_03379,335.66193645936517,0,30.04878326452071,3.1079435883900173,0.0,128.8049053516095,6.0,1.0,1,1,20,14,sms,9,2,2,0,0
CUST_03380,814.6403693945527,0,31.937997167765698,0.1811035349225425,0.0,46.14900976025653,5.0,2.0,0,0,20,30,email,7,6,2,0,0
CUST_03381,153.08033828994093,5,68.80154235821855,,1755.3605631776327,47.52229926024217,0.0,2.0,1,0,50,30,email,0,0,3,1,0
CUST_03382,147.5018701356479,7,36.145180442242484,12.977147508364876,1244.0123993782825,24.700277169496356,2.0,2.0,0,0,20,14,email,10,2,2,1,0
CUST_03383,72.99865510452123,1,36.65599654685922,1.2994223533795894,89.19461498122325,6.412964066939672,4.0,1.0,1,0,20,14,push,11,2,2,0,0
CUST_03384,977.4175150995263,6,36.94097049911898,,7221.350318122758,26.528172124813963,1.0,1.0,0,0,10,7,sms,15,4,2,0,0
CUST_03385,308.16145314640863,1,26.6101419078335,14.426901993834141,273.34066662500396,19.68480358356558,4.0,1.0,0,1,10,14,sms,7,1,2,0,0
CUST_03386,631.2303463540911,4,14.22834341857176,15.812658812289555,1197.5149525533338,24.11878850441195,3.0,2.0,1,0,50,7,email,20,6,2,0,0
CUST_03387,185.8816025220805,6,85.07595862029179,28.820964230072278,3162.8111048884093,16.170995263548424,1.0,4.0,0,0,30,14,push,11,3,1,0,0
CUST_03388,200.95246776088672,2,62.86417251941514,6.1661358175090974,842.1807067681729,23.98845744886154,3.0,0.0,1,1,10,14,sms,15,5,1,0,0
CUST_03389,289.4531717977889,3,70.06519679525768,12.255268870814527,2028.0593445023608,53.961904656755856,4.0,1.0,0,0,20,30,email,11,5,2,0,0
CUST_03390,296.16629672633496,7,17.400321421823712,12.876991350248748,1202.4573767148702,27.269674964314305,,1.0,0,0,10,30,sms,4,6,2,0,0
CUST_03391,488.45386199744115,4,78.8030855470405,51.33120970288821,5132.222863035556,17.393313113911343,,1.0,0,0,30,7,sms,23,0,3,1,0
CUST_03392,315.0351090513204,9,107.7832722191956,2.1145822326661956,10186.654475244732,11.733147151354974,3.0,0.0,0,0,10,30,sms,18,5,3,0,0
CUST_03393,221.6341806521879,3,61.98506373756969,21.338965703698197,1373.80088141499,53.36222792377532,1.0,3.0,1,0,20,14,in_app,23,3,5,2,0
CUST_03394,989.5138434231706,5,89.00508006740237,12.840329372418072,14678.626476947058,10.699666518991373,1.0,0.0,0,1,20,30,email,19,4,0,0,0
CUST_03395,137.93588683136724,10,53.447997131589496,28.001677865659904,2457.465627902057,35.2022767004285,0.0,2.0,1,0,20,14,sms,10,1,2,0,0
CUST_03396,153.83316012693942,4,19.92619978603904,-8.0,408.70803765428394,45.85604500269563,3.0,3.0,0,0,10,14,push,16,4,2,5,0
CUST_03397,139.742125871744,10,44.90634605367456,0.18154877075672043,2091.769420890895,58.14589038165698,4.0,3.0,0,0,20,7,sms,19,1,3,2,0
CUST_03398,501.8464649777575,8,17.95366693485111,4.4448832739874025,2402.6624759048213,16.70626917568433,2.0,2.0,1,0,20,14,email,15,5,0,0,0
CUST_03399,416.75278600793985,5,23.14029608130979,2.9917229318307195,1607.2971434890778,50.673942308568975,2.0,4.0,0,0,20,7,email,15,5,4,1,0
CUST_03400,264.6466444509408,5,40.03556792568377,9.29038551073519,1765.8797850366539,43.82886651915393,,1.0,1,0,30,14,email,6,1,2,1,0
CUST_03401,133.24197898992338,0,36.93690115052882,35.35363335034695,0.0,30.996283440912542,3.0,2.0,0,0,20,14,email,4,1,3,1,0
CUST_03402,334.57882917297155,1,43.72173049341374,0.07527943430838686,487.61217993008586,32.56113345091002,134.0,,1,0,30,14,email,17,6,1,0,0
CUST_03403,551.5156522424267,3,11.29936583972664,10.047085153579802,623.1777121022633,28.474332670703852,3.0,3.0,1,0,20,14,email,13,2,1,1,1
CUST_03404,837.0522505831382,2,30.18838452278893,32.41542819536295,1684.61701375131,52.569018866558196,3.0,4.0,0,0,20,30,email,17,6,1,1,1
CUST_03405,179.11259999092243,1,46.034867504993386,39.09847607136013,274.8474936352331,29.524573619973605,4.0,4.0,1,0,10,7,email,13,2,1,0,0
CUST_03406,263.91692680150004,1,51.88471320532942,16.06343661819135,6846.627028563873,0.7935008452732468,1.0,2.0,0,0,20,7,email,0,6,2,0,0
CUST_03407,413.8453914853443,1,53.96112005990597,26.557512446364917,744.3853618726484,31.21950959467575,3.0,3.0,1,0,50,7,push,23,5,3,1,0
CUST_03408,219.79521865597593,6,38.50372372066663,5.874946304994013,1692.5868748506416,41.16436514922107,6.0,,0,0,10,14,push,4,6,3,0,0
CUST_03409,85.8769208894269,5,26.376290249539277,5.05223330084175,377.51909851937444,28.908876532530513,1.0,2.0,0,0,50,30,in_app,16,1,4,1,0
CUST_03410,264.97014155041296,0,44.74065209220454,0.7555055437644351,0.0,14.581085808083454,2.0,3.0,0,1,20,14,sms,14,6,5,0,0
CUST_03411,97.50142710489723,1,27.66511216730031,10.493595424528518,89.91293057762789,45.00167032902543,4.0,0.0,1,0,10,7,sms,7,4,0,0,0
CUST_03412,584.4537244636729,5,56.86237258511073,9.127459189194814,5538.904239868169,30.749794447568462,3.0,2.0,0,0,50,14,email,19,2,2,0,1
CUST_03413,234.4716958127944,5,42.79343795294032,6.976208288960578,1672.3083277475857,1.3424017821679268,2.0,3.0,1,0,50,7,in_app,7,5,2,0,1
CUST_03414,286.02501871425164,2,31.911508473598175,1.8043054440427226,608.4993205573946,54.81073340850672,2.0,1.0,0,0,10,7,in_app,3,0,0,0,0
CUST_03415,157.46860866569872,10,20.876057525240057,3.9353455645524718,1095.7745776415472,3.672416603665291,3.0,0.0,0,0,50,14,email,16,1,2,0,0
CUST_03416,294.675351252413,6,64.82460670131407,3.4162298751206643,3820.44274990185,43.657977085615094,3.0,3.0,1,0,10,14,sms,8,5,1,0,0
CUST_03417,705.9928090812332,2,46.31332273723712,43.22759252422558,2179.7915211431855,24.44742821357394,4.0,4.0,0,0,30,14,push,5,2,1,1,0
CUST_03418,628.5992593319972,13,116.95412991962044,50.92539870231734,31857.487758759686,25.580831352333007,2.0,1.0,1,1,10,14,email,5,3,4,1,0
CUST_03419,112.9474503835353,2,45.40996427532708,0.051412079039273445,341.9293124603744,29.525641279906917,1.0,1.0,0,0,20,30,push,0,1,3,1,0
CUST_03420,8.06816406473846,4,47.74861849517848,2.804848766162529,51.365825051160684,13.585399850320556,3.0,0.0,0,1,10,30,email,8,4,1,0,0
CUST_03421,266.5926162312557,10,13.747248716720211,32.94378378501736,1221.6383337907378,19.541122820497016,1.0,4.0,1,0,30,14,email,7,5,0,0,0
CUST_03422,235.7803042940054,2,39.896580868963966,0.5864161377257032,627.1218651716479,40.51769830818372,4.0,2.0,0,1,30,14,push,11,4,0,0,0
CUST_03423,224.21444863608818,2,27.387399846389037,43.08985236924315,409.37671707561356,33.181220111788,4.0,0.0,0,0,30,14,push,11,5,0,0,0
CUST_03424,189.09583414257884,11,54.37254685308007,7.172101314610117,3769.9281039345287,60.59818487621313,3.0,4.0,0,0,50,14,sms,15,4,2,1,1
CUST_03425,110.45045588337277,4,40.48010690443052,11.60513737776202,596.1395015736023,25.029879799741924,3.0,1.0,0,0,10,7,push,11,4,0,0,0
CUST_03426,1209.9330412074385,3,59.80946395881116,21.647391731752926,7236.544662067106,33.3561591316961,3.0,3.0,0,0,20,14,sms,19,5,1,0,1
CUST_03427,976.8348076069939,5,119.05160664348458,4.193825544938814,19382.292211815293,27.33147954739053,3.0,0.0,1,0,50,14,email,20,0,4,0,1
CUST_03428,216.4177977108163,2,20.51143666597086,1.591645407167133,295.93599674228676,20.311078930507016,5.0,3.0,0,0,20,14,sms,12,2,3,1,0
CUST_03429,331.0329540165524,1,58.441364521714895,24.906879168014978,644.8672511460475,37.204143523445595,4.0,2.0,0,0,30,7,push,20,2,6,2,0
CUST_03430,591.6223876632467,3,49.90673183074703,62.62656541895778,2952.5939846175916,13.441094907918641,0.0,5.0,0,0,10,30,push,23,2,3,0,0
CUST_03431,330.21453331552453,4,108.58973400917604,16.128330639275195,4781.0544451596015,27.45993274491759,3.0,3.0,1,0,50,7,in_app,15,0,1,0,0
CUST_03432,202.32665828600318,4,50.56353892848622,26.163778518635077,1364.04691500198,12.582708164436013,3.0,2.0,1,0,10,30,sms,6,2,4,0,0
CUST_03433,87.49218381637206,4,47.505535298264604,42.532900362383565,554.1817368814558,34.10042543769393,3.0,3.0,0,0,10,7,push,12,0,1,0,0
CUST_03434,302.8494703061641,8,55.19497621907792,3.892830350684751,4457.538483069086,18.00736854111999,5.0,2.0,1,0,20,30,email,3,6,2,1,0
CUST_03435,98.99138290910159,10,57.55607358418602,6.471114839730491,1899.1851063055283,50.37981456063918,4.0,6.0,0,1,30,30,email,18,1,3,0,1
CUST_03436,673.8989416709136,1,79.2511632875173,3.7082027180592005,1780.2425021882223,29.110037714950206,4.0,3.0,1,1,10,14,email,2,3,5,0,0
CUST_03437,292.56186183005167,2,20.254416780122742,0.9566225439563398,395.0446588983033,5.5244837513483915,3.0,2.0,1,1,50,30,in_app,11,4,10,0,0
CUST_03438,438.0132717086166,3,26.16955555402543,19.766968842204836,1146.2612647379076,19.32171672804576,1.0,1.0,1,0,10,14,sms,22,2,1,1,1
CUST_03439,230.09018516034138,9,93.80063931259906,2.3613484954167454,6474.781940278294,34.21099620325418,2.0,0.0,0,0,10,14,push,20,3,3,0,0
CUST_03440,536.9295890609441,0,10.224338779152918,1.4593871978855746,0.0,48.18190047395339,2.0,4.0,1,1,20,14,sms,2,2,5,1,0
CUST_03441,175.8550501942526,4,31.474020310255924,6.638975994247998,737.9820561966642,18.49504600897739,7.0,4.0,0,1,30,30,email,9,1,2,0,0
CUST_03442,372.88486573526427,9,36.22451109706971,0.9370078447184035,4052.2715870269285,44.48384416034755,3.0,2.0,0,0,50,7,email,8,6,3,1,1
CUST_03443,223.19615717303256,6,29.780471864903152,2.9686866945883073,1329.3773758091995,27.416260081679916,,1.0,0,0,10,7,push,3,6,2,0,0
CUST_03444,251.3575458826148,3,85.50448407457652,1.0876121570077122,2149.2197278944677,16.10710960612257,4.0,2.0,0,1,30,7,push,4,1,2,0,0
CUST_03445,586.3455163471524,0,44.06045504639645,31.467481050152543,0.0,30.15273569785397,5.0,2.0,0,0,10,14,push,13,1,1,0,0
CUST_03446,156.38979702178736,1,26.248570678514593,22.693817136774395,136.8336213508312,37.263359066818765,3.0,0.0,0,0,30,14,email,8,5,0,0,0
CUST_03447,391.79598710819226,5,22.631764162264016,29.43979782988046,1477.8390633256734,57.241449446795855,3.0,4.0,0,0,10,14,email,2,1,1,0,0
CUST_03448,728.4176024252323,4,39.216412566650874,,3808.7900290024772,65.5745975712021,4.0,1.0,0,1,20,14,in_app,20,0,1,0,1
CUST_03449,571.7785624280474,2,66.65782354933951,43.37303157008837,2540.900968241586,6.612825402263314,68.0,1.0,0,0,30,14,email,12,0,2,0,0
CUST_03450,180.244093119948,7,35.982937465871025,3.098990566380917,1513.3327839764686,36.80399807033618,4.0,5.0,1,0,10,14,in_app,16,6,3,0,0
CUST_03451,431.18011121597584,7,30.549484131791644,34.54013606539898,3073.543658625209,31.07592129578689,3.0,2.0,0,0,20,14,push,16,1,2,0,0
CUST_03452,53.40637264551419,3,21.82006123329571,11.167835664175161,116.53303213733284,31.323241687125737,1.0,3.0,1,0,30,14,push,3,1,4,1,1
CUST_03453,599.9766294275954,1,41.447323298165784,2.7269838511294524,828.9141777076452,29.933589939407856,3.0,2.0,1,0,10,14,email,0,2,5,1,0
CUST_03454,1425.2808743202365,12,40.09061686028039,15.996825751131801,22856.155780263223,49.48481882399178,2.0,1.0,0,0,30,14,push,20,1,1,0,1
CUST_03455,375.7587426024191,8,21.44451411270306,5.940160879089152,2148.790308989102,61.59260041976836,0.0,3.0,0,0,20,14,push,23,6,3,2,0
CUST_03456,752.7000797813081,6,61.30428273027197,0.7137576503540602,9228.747700402315,37.93294010250555,2.0,1.0,0,0,20,14,email,12,2,4,0,1
CUST_03457,83.40631354048243,4,92.16919697667699,1.2286966003029431,1024.9990589081608,23.88919834209276,1.0,0.0,0,0,30,30,in_app,11,4,2,1,0
CUST_03458,122.01781177458663,1,34.10345779355565,8.26731984581859,138.70764313055443,64.2459065774858,5.0,2.0,1,0,30,30,email,4,1,2,0,0
CUST_03459,229.40047594386388,5,39.697276600941706,26.27224290118895,1517.7623576552064,16.5062298012112,3.0,3.0,0,0,20,30,email,12,5,5,0,1
CUST_03460,264.79633238702024,1,17.06516459635033,5.5883146827393775,150.6264332231464,72.55112525538703,2.0,0.0,0,0,10,14,sms,1,5,4,0,0
CUST_03461,377.4945527978896,3,51.53770703640918,21.794582781471693,1945.520366993793,7.7560332130768055,5.0,1.0,0,0,20,14,push,18,6,7,2,0
CUST_03462,180.99317979188098,0,43.750565137837405,0.8603688572345927,0.0,0.8655080027363482,0.0,3.0,1,0,20,14,email,11,2,2,0,0
CUST_03463,333.6368390765475,2,27.230490297635544,7.506509599302244,605.6729806271812,36.74840692308014,4.0,0.0,1,0,10,30,email,16,6,4,1,0
CUST_03464,585.5499068405537,6,21.19795020645965,2.044862248431333,2482.491553720629,35.502637448682,3.0,3.0,1,0,20,14,in_app,11,5,2,0,0
CUST_03465,430.0532412879729,2,100.33776516379689,29.876772482859934,2876.7054088188206,59.28733059309628,106.0,0.0,1,0,20,30,in_app,17,6,4,1,0
CUST_03466,223.4301071229615,0,41.66502890758828,51.601353029390516,0.0,42.17022259765575,3.0,1.0,0,0,10,30,in_app,12,1,1,0,0
CUST_03467,507.51000756758265,0,19.09444055895335,5.9093275429454115,0.0,15.798760458978704,4.0,2.0,0,1,30,30,email,12,0,2,0,0
CUST_03468,215.70413725085896,2,55.33062625831612,67.46177883789208,795.6696667066534,25.575096073797926,4.0,3.0,0,0,20,14,email,9,0,5,0,0
CUST_03469,320.07410336698166,5,38.007913486291045,20.93351197017235,2027.5581383290696,21.812468567732836,3.0,3.0,1,0,20,14,in_app,8,6,3,1,0
CUST_03470,565.1187934932464,6,34.306519129476065,0.018519919617499724,3877.4517398804983,5.245534054688858,3.0,0.0,0,0,20,14,in_app,18,2,4,0,0
CUST_03471,259.3409399559708,4,59.56894476742456,9.96174356372518,2059.822150422559,32.80524799576822,2.0,0.0,0,0,20,14,push,16,2,4,1,1
CUST_03472,97.60716406631826,0,6.9056654002726345,26.94560882702539,0.0,63.18586369312263,3.0,2.0,0,0,10,30,sms,21,6,1,0,0
CUST_03473,313.3796961735067,8,11.198459602256829,11.449533874944663,935.8319647377423,111.36881447659383,3.0,4.0,0,0,20,30,sms,18,0,0,0,0
CUST_03474,568.5480831141892,7,75.7570291938023,11.97630801506984,10050.019870464459,21.704330069650872,5.0,,0,0,30,14,in_app,3,5,3,1,0
CUST_03475,604.5313564008146,4,30.65043117955745,8.904948291397762,2470.5528980330246,36.64037208433883,1.0,2.0,1,0,20,7,sms,22,2,3,0,0
CUST_03476,117.38836146952931,7,25.63443670877783,7.53886605173624,702.1430552354828,13.767585770334783,2.0,3.0,0,0,20,30,email,17,4,4,0,0
CUST_03477,493.45295692846463,3,14.840290410677179,0.41668571277424366,732.2985184825793,17.584049926030943,3.0,2.0,1,0,30,14,push,9,2,1,0,0
CUST_03478,247.32125867156049,5,37.2000315534433,14.582327178323693,1533.393104403227,61.1310905724985,5.0,3.0,0,0,20,30,push,15,2,4,1,0
CUST_03479,786.2325500927312,5,40.059004648286354,21.833144894466226,5249.282229799793,14.29582352724702,3.0,1.0,0,0,20,30,push,18,5,5,1,1
CUST_03480,99.63069421977761,9,78.6092034796759,23.422424684820133,2349.5668544231603,21.14302358198702,1.0,3.0,0,0,20,14,push,5,5,4,0,0
CUST_03481,486.97708351768614,1,41.40771040319787,14.697891445429013,672.1535349098083,12.441068591007785,4.0,1.0,1,0,30,14,in_app,23,1,3,0,0
CUST_03482,226.4172639722703,2,27.613789297009063,,416.81590803570356,43.9705901909009,2.0,7.0,0,0,30,30,email,15,4,4,1,0
CUST_03483,183.4252139089855,3,42.24162254237394,0.3430377935558525,774.8178650697565,1.351678319576844,1.0,0.0,0,0,20,30,push,0,0,2,0,0
CUST_03484,582.52037565641,6,64.43733088848714,33.918703281046874,7507.211639091584,20.686869126009416,2.0,2.0,0,0,20,14,in_app,12,6,3,1,0
CUST_03485,645.7566098409563,6,56.527757930361005,8.406705232046813,7300.634664604031,18.509157606192286,1.0,5.0,0,0,30,14,email,6,0,4,2,1
CUST_03486,36.87315102349492,10,48.07973962664284,13.788505196407256,590.9505001411716,17.233510260518333,2.0,2.0,0,0,20,7,push,7,0,7,1,0
CUST_03487,589.6532130397213,3,39.04633858209893,3.245425412384625,2302.379900237147,62.18019322795624,7.0,1.0,1,0,50,7,email,3,3,2,1,1
CUST_03488,284.3739118545945,8,23.36417047678779,2.29649355025475,1771.7761481924722,45.7148959936126,4.0,2.0,1,0,20,14,in_app,10,1,3,1,0
CUST_03489,306.73664185581106,0,17.81998735600603,1.3622964139727245,0.0,25.727575780193863,3.0,2.0,0,0,50,30,sms,7,3,1,1,0
CUST_03490,94.30452917326876,3,16.206240053717746,24.049243791269895,152.83218379348216,8.818612463896175,4.0,0.0,0,0,10,7,email,19,0,2,0,0
CUST_03491,464.57724258443875,1,41.94586140926625,15.596409950880963,649.5697543781978,12.105022676396981,3.0,0.0,0,0,20,14,email,20,0,6,0,0
CUST_03492,1229.3407789771477,2,44.65507854040819,14.559590557817332,3659.7539358767413,16.817082131511235,1.0,0.0,0,0,10,14,email,1,5,2,0,0
CUST_03493,193.10673721554974,4,63.85294400516926,37.773430283007826,1644.0578237927243,44.25702076804785,5.0,0.0,1,0,50,14,in_app,18,6,3,1,0
CUST_03494,687.5846324091324,1,46.38792143064481,2.5923226877382204,1063.1873968371208,67.80397870135772,3.0,5.0,0,0,30,14,push,1,1,1,0,0
CUST_03495,298.2167837492037,7,62.21044237443469,2.7998122667180003,4328.846209454454,14.119758832049623,2.0,2.0,1,1,30,30,sms,10,2,4,0,0
CUST_03496,199.65595101473687,4,30.620570498332793,3.15098812548222,815.1438831277906,10.472930159822855,2.0,2.0,0,0,50,30,push,4,6,2,1,0
CUST_03497,76.8999585309871,6,52.58892141438042,8.258302169300782,808.8171751910388,6.01246975366617,0.0,1.0,0,0,50,14,in_app,13,4,2,0,1
CUST_03498,753.6764775564517,3,18.158117262785627,31.098520859740677,1368.534585767327,35.28615878344081,2.0,2.0,1,0,10,14,push,22,6,2,0,0
CUST_03499,326.57220461066004,0,31.94093732779064,31.98935995136492,0.0,9.938599252988482,91.0,0.0,0,0,20,14,in_app,7,0,3,1,0
CUST_03500,208.33407995199536,4,11.035403863541275,13.395489772227169,306.54009477460886,48.724069583445846,6.0,3.0,0,0,10,14,email,19,5,2,0,0
CUST_03501,237.8136416008479,11,33.749000216447826,16.100436888673737,2942.856635349129,11.042905556092101,1.0,3.0,0,0,20,14,email,18,4,2,0,0
CUST_03502,490.8978159771831,3,69.05283183787867,34.20682816943602,3389.7884336254333,20.51927897345587,3.0,0.0,0,0,30,14,email,17,2,2,0,0
CUST_03503,208.05295559618418,1,34.54028728181198,14.681229503582282,239.54029520407576,13.898190452758946,7.0,0.0,1,0,30,14,push,7,2,2,0,0
CUST_03504,132.18010251073662,0,51.06477859662526,3.916569589715639,0.0,10.694186810621488,4.0,1.0,0,0,20,30,in_app,14,6,3,0,0
CUST_03505,274.3538715927588,2,39.013632192647144,18.30733006903088,713.5694024632423,138.9153475504388,1.0,1.0,1,0,10,7,email,4,1,3,1,0
CUST_03506,267.83951518228207,5,23.51749265201504,22.038017814434948,1049.8189717030982,33.89069799245162,2.0,3.0,0,0,10,7,email,11,6,1,0,0
CUST_03507,263.2506076040678,11,29.60701462382693,15.132038169048375,2857.8236826571524,21.629224367045968,139.0,1.0,1,0,10,7,push,21,2,2,0,0
CUST_03508,210.3392435708889,4,67.20923718485142,4.794186215489619,1884.8986813917475,29.45357379553444,3.0,4.0,1,0,10,14,in_app,11,4,0,0,0
CUST_03509,703.5861281152562,2,50.90720336500956,7.660330736913222,2387.840140584201,20.895287951624088,4.0,1.0,0,0,50,30,push,1,1,1,0,0
CUST_03510,1520.6404942177965,8,22.861231303879027,9.539949717923445,9270.323751562122,14.42415941903323,3.0,2.0,0,0,10,30,email,16,6,1,0,1
CUST_03511,117.66298862458903,2,14.4041602695077,2.355043470759768,112.9891030625228,19.334246098048492,2.0,0.0,1,0,30,14,push,20,3,3,0,0
CUST_03512,29.909167975634837,5,37.491264161276725,9.028312105396578,186.88875290308732,38.63209503490136,1.0,2.0,1,1,20,14,push,6,0,3,2,0
CUST_03513,248.5812605825361,1,23.356424973686764,2.6366986215823656,193.53231875534945,5.301158311372414,3.0,2.0,1,0,20,14,push,5,3,2,0,0
CUST_03514,34.91981605350756,6,29.77112589632413,10.380769041535228,207.92044800109082,25.412007131947107,2.0,4.0,0,1,20,14,email,1,6,5,1,0
CUST_03515,69.07452697658302,1,13.83700396369315,0.7822063323281109,31.859483452173617,55.76208533992142,3.0,3.0,0,1,10,14,push,18,6,2,0,0
CUST_03516,195.95447274664173,1,61.83389732561616,44.501777291155236,403.8876249437031,23.234284600255442,3.0,,1,0,50,14,email,21,6,2,1,0
CUST_03517,488.4178078041922,9,31.243561271446804,4.242305929086177,68669.60266888203,127.50979155212362,1.0,1.0,1,0,50,14,push,11,2,0,0,1
CUST_03518,246.32052718471655,0,34.21951114399095,9.438910544093531,0.0,46.087138230655356,3.0,0.0,0,0,10,14,sms,7,1,0,0,0
CUST_03519,20.04182026369149,4,20.090395614890564,0.4995080344702286,53.68641305867899,38.760538055588235,4.0,3.0,0,1,10,7,email,22,3,0,0,0
CUST_03520,243.76136395898362,3,28.038236740914673,3.2112988862758254,683.4638830970249,27.974372522953033,2.0,1.0,0,0,10,30,email,6,3,1,1,0
CUST_03521,258.42865336904345,1,35.640258861165414,17.725588034752313,307.01547010716985,12.018573113074389,4.0,1.0,1,0,30,14,push,10,1,4,0,0
CUST_03522,261.8488311017937,5,22.920819915030478,1.778385227728365,1000.298317107574,21.68460750817479,4.0,,0,0,20,7,sms,21,5,2,0,0
CUST_03523,634.5098514210456,1,29.092573922969905,14.838937131790837,615.3174919106474,41.30313192921739,2.0,1.0,0,0,20,30,email,23,1,2,1,0
CUST_03524,563.8184214174383,4,76.07919633277372,0.031065518199672362,5719.313650540246,44.27044669505589,4.0,0.0,0,0,20,30,push,7,6,1,0,1
CUST_03525,317.10502803913124,2,11.588054907686166,9.382589454477337,244.97536509472093,28.66582845164954,4.0,,0,1,20,7,email,22,1,2,0,0
CUST_03526,1077.2661154494788,0,36.99330760104431,19.16663915236635,0.0,7.841856741469953,1.0,4.0,0,0,10,30,push,11,2,4,0,0
CUST_03527,195.50310988129638,7,20.670764517557497,39.11483467155553,942.9463742548373,11.240497905243025,2.0,1.0,0,0,10,7,email,14,6,3,0,0
CUST_03528,271.5496289779775,4,73.83951293125992,10.183818052593248,2673.47897871976,38.80151542884131,1.0,2.0,0,0,20,14,email,17,3,6,0,0
CUST_03529,294.3659277275973,2,29.7123748158951,,583.0873851780706,17.14054422483948,2.0,2.0,0,0,30,7,sms,9,1,4,1,0
CUST_03530,76.0122110177462,3,17.6671548119093,24.337190358082108,134.29194996460396,32.09969085165758,4.0,2.0,0,0,30,7,push,19,5,2,0,0
CUST_03531,299.11686722047045,5,29.09696803140805,5.2597706259620916,1450.5656538614926,9.991655306039522,1.0,1.0,0,0,50,7,push,22,5,1,0,0
CUST_03532,61.43440438565809,1,40.84484233236956,31.159692005275335,83.6426186971746,42.000940900387796,2.0,1.0,0,0,20,30,email,18,3,0,0,0
CUST_03533,170.53847538065355,2,175.1028428161166,15.336564174914052,1990.7847899119167,15.441547843707385,4.0,1.0,0,0,10,7,in_app,4,3,4,0,0
CUST_03534,327.976071241441,1,9.338204361130485,,102.09025262710888,15.868772576338017,1.0,4.0,0,0,20,30,email,2,5,2,0,0
CUST_03535,89.448123301265,3,16.12757143829161,41.9809837660902,144.25809985622678,18.827829751637587,0.0,2.0,1,0,10,14,push,8,1,3,0,0
CUST_03536,383.43578955927387,2,72.46700307668812,2.9160956217583665,1852.4295027802825,20.55292443272992,2.0,5.0,0,0,50,30,push,18,6,4,0,0
CUST_03537,147.81249905532678,16,13.391554062840855,9.533393056178305,1055.700838540278,35.25415037895519,1.0,3.0,0,0,20,30,email,20,6,4,2,1
CUST_03538,222.79499925052482,2,33.30738531772005,9.420658752248476,494.71459245989195,9.580841998224415,6.0,3.0,0,1,10,14,in_app,10,6,6,1,0
CUST_03539,433.1014512311346,1,24.778617224780895,14.72190670822938,357.72183598511316,11.148011936158047,5.0,1.0,0,0,50,7,email,4,3,3,0,0
CUST_03540,281.28903396580637,2,22.55023691123803,16.402435467121638,422.87562376414763,36.26613589654859,2.0,2.0,1,1,20,7,sms,17,1,0,0,0
CUST_03541,376.9960896658609,4,29.864916511035002,3.977224723082686,1501.1942323810135,11.238480391512425,1.0,2.0,0,1,10,30,email,20,0,4,0,0
CUST_03542,414.1545564931242,7,27.123224874501023,6.518215027958912,2621.081672664524,14.210922532469091,2.0,3.0,0,0,30,14,email,4,3,4,0,0
CUST_03543,277.7298389078447,1,62.44192773267903,2.3426194805995126,578.0662176764075,16.768505162908216,3.0,3.0,0,0,10,14,push,10,5,4,0,0
CUST_03544,392.9409414824522,2,73.4773227402308,2.0203935875051195,1924.8165583437526,24.684982976670096,2.0,1.0,0,0,10,30,email,15,4,3,0,0
CUST_03545,168.07516181429187,3,42.76766721492836,26.150313993807803,718.818258756887,28.345205390396956,3.0,0.0,0,0,10,14,push,17,4,2,1,0
CUST_03546,429.30566760855345,1,28.741914051342935,20.837758396615676,411.3022200053147,40.371345428623165,2.0,2.0,1,0,30,30,email,22,1,1,0,0
CUST_03547,249.85298605581642,22,38.670688984339954,8.7693293072847,7085.457218086944,30.023329847628965,2.0,3.0,0,0,10,14,email,6,0,1,0,0
CUST_03548,715.9123739034922,1,53.678649824512334,1.5123836084007436,1280.9736541266966,34.14234979791736,4.0,0.0,0,0,30,7,sms,21,4,1,1,1
CUST_03549,333.14026467366574,4,60.40180471262629,8.965420891428547,2682.969761164186,46.69228284221785,2.0,0.0,1,1,20,7,sms,20,4,4,1,0
CUST_03550,189.38198371191288,2,41.34816768652426,5.2317856267349185,522.0398679551187,26.62604586627937,3.0,2.0,0,0,20,14,sms,11,1,0,0,0
CUST_03551,434.7118163555879,2,82.81398360295917,22.570711370205796,2400.0144821122835,10.567422220025755,0.0,2.0,0,0,50,7,push,13,2,2,0,0
CUST_03552,736.9511502250385,3,22.876101606084763,1.5245009574079245,1685.8569391269018,34.66232958114254,4.0,0.0,0,0,10,30,push,16,3,1,0,0
CUST_03553,204.11496456846118,9,65.62611934623472,9.004925718069599,4018.5819075366912,6.566832687058584,4.0,0.0,0,0,30,14,in_app,21,3,0,0,0
CUST_03554,176.34073486464558,0,50.53246078767278,13.424803318851499,0.0,33.44659693594455,2.0,2.0,0,0,10,14,email,12,5,6,1,0
CUST_03555,10.203753637348406,8,22.965653505495226,63.73894892722379,62.48956546420802,7.920908337116981,2.0,4.0,0,0,10,30,email,6,0,3,0,0
CUST_03556,332.52474118915285,6,38.077042048441044,1.4082022064992223,2532.3117104812695,34.18604193324882,2.0,3.0,1,0,10,30,sms,10,3,2,1,0
CUST_03557,230.3965474359488,9,39.680415235981975,1.8149057334777947,2742.66920135852,30.106628685848463,0.0,2.0,1,0,50,14,email,8,0,1,0,0
CUST_03558,433.4180687294132,1,30.410274728122133,66.40430592455962,439.3454180731192,9.245672760328944,2.0,2.0,0,0,20,7,email,22,5,6,1,0
CUST_03559,440.135076795437,2,30.211985002346232,7.8036765833551645,886.4902892766833,37.4679462694853,1.0,2.0,0,0,30,7,in_app,4,3,1,1,0
CUST_03560,79.68844818279581,12,13.26466086337224,20.421937038697195,422.8160959492793,36.79191405099549,100.0,1.0,0,0,10,30,email,11,3,3,0,0
CUST_03561,562.1159662070233,7,21.898971498905066,22.950765468966598,2872.2776887109867,15.878337348880333,4.0,2.0,1,0,20,14,email,23,2,2,0,0
CUST_03562,154.8753093979589,12,28.702284551245906,5.6654017388087174,1778.1100801209861,7.033194363237557,3.0,3.0,0,0,20,14,email,11,4,4,0,0
CUST_03563,205.07045532515494,5,23.487279252884914,3.6177075327734167,802.7578417896957,47.02497988436059,2.0,1.0,0,0,50,30,sms,10,3,3,0,0
CUST_03564,385.0402550495849,4,19.81821687569736,4.846347921818558,1017.4415040595333,31.780873651120146,2.0,0.0,1,0,30,14,sms,15,4,2,0,0
CUST_03565,110.29945413870055,4,62.59308519564454,21.683878804286064,920.5310839915695,39.59780306109114,5.0,4.0,1,0,50,30,push,6,1,1,0,0
CUST_03566,177.90211647875688,2,31.11359767830298,27.533737970375917,369.01165854924244,56.50448108456207,1.0,1.0,0,1,20,30,email,20,5,6,1,0
CUST_03567,100.62968497460278,2,121.51588953817384,18.034859324946183,815.2070455756709,37.861275438592976,2.0,0.0,0,0,30,7,sms,11,0,4,1,1
CUST_03568,596.0630355258646,2,37.85066312101472,,1504.092077105262,31.25335547576026,,1.0,1,0,10,14,email,10,6,0,0,0
CUST_03569,219.9323578791271,10,61.81172773353555,4.568628562987225,4531.4663416730355,12.547209039839883,4.0,3.0,0,0,30,30,email,10,2,2,1,0
CUST_03570,91.13100507854726,5,29.227988866766626,8.30727674082453,443.9293336421721,15.567422654206261,3.0,,0,0,50,30,email,16,2,0,0,0
CUST_03571,97.7654693634398,4,22.264536930068257,36.893254383133964,290.2270537503683,35.84028329944455,2.0,1.0,0,0,20,14,email,15,0,1,0,0
CUST_03572,530.0359738835315,1,38.772433723508534,29.838040272435787,685.0261556158175,22.745223071858717,2.0,2.0,0,0,10,7,push,11,5,3,0,0
CUST_03573,142.69603481067622,5,72.04634859933115,5.859597875100752,1713.4547112853786,34.166176747291374,2.0,2.0,0,0,20,7,email,13,4,3,1,0
CUST_03574,201.17927461030047,7,31.392108470359187,5.96113306519791,1473.6030424627704,17.64672056863123,4.0,,0,0,20,14,email,20,3,2,1,0
CUST_03575,308.81659442313,3,43.29628827786524,22.710146760535064,1337.0612297132427,17.620410515277495,5.0,2.0,1,0,10,7,push,19,2,2,0,0
CUST_03576,232.65334886059753,3,38.64959355247602,8.341897120477867,899.1957372084504,66.55077487223429,7.0,4.0,1,0,20,14,push,12,6,3,0,0
CUST_03577,44.053634814700935,8,31.224387703502316,12.754834738994317,366.81273952072786,6.024139051498146,4.0,3.0,1,0,20,30,email,22,3,3,0,1
CUST_03578,467.1095780340839,2,32.19803161629928,8.23096927913542,1002.6672641211767,2.1552371784737177,4.0,1.0,0,1,30,14,in_app,11,3,3,2,0
CUST_03579,246.79088341908636,5,18.190786375023492,4.162784777084441,748.2200399299878,14.391347434171756,3.0,2.0,1,0,20,14,email,8,3,1,0,0
CUST_03580,373.83032521508994,2,32.895862168198576,3.1396039717232034,819.8313901712298,47.52976149123522,2.0,1.0,0,1,20,30,push,5,0,2,0,0
CUST_03581,491.64250830210614,1,49.00764851324679,-1.0,803.1414413680211,16.298442478002677,2.0,1.0,0,0,20,14,in_app,6,5,3,0,0
CUST_03582,32.44812454890924,5,39.544525736291256,0.1723278226640835,213.85761605312095,15.720675549114773,3.0,3.0,1,1,20,14,email,15,5,5,1,0
CUST_03583,494.8545735187232,1,36.98484804899455,4.940409353675501,610.0707069313327,42.042331727658265,5.0,4.0,0,0,20,30,push,13,5,2,0,0
CUST_03584,1335.647352898112,12,51.16250132582484,2.8204217497765436,27334.02378539364,49.335017086648655,4.0,3.0,0,0,10,14,in_app,5,5,2,0,0
CUST_03585,403.5239785993586,1,37.22426919261212,4.4750884149458585,500.69617350187923,41.24937310387986,2.0,1.0,1,0,20,7,email,11,4,0,0,1
CUST_03586,723.5773576120182,12,33.393109066120445,-19.0,9664.999048205344,20.547879511257435,4.0,3.0,0,0,20,7,sms,5,1,6,0,0
CUST_03587,582.2229940172913,9,51.474999550250864,6.268213660125061,8990.978506555733,32.12565833389055,4.0,0.0,0,0,20,14,sms,10,2,3,0,0
CUST_03588,482.12031364054087,6,35.943913707240846,11.008243610384348,3465.8581900006984,4.271867639867711,2.0,2.0,1,0,20,14,email,7,1,7,0,0
CUST_03589,596.537624744349,1,28.732900454934224,43.38989763759848,571.3418729800763,7.885026462479806,3.0,3.0,0,0,20,14,email,11,0,2,0,0
CUST_03590,666.9836876242671,3,43.85821976304672,6.394325405950192,2925.271715019241,53.84557076606894,3.0,2.0,0,0,20,14,push,20,3,2,0,0
CUST_03591,685.1104484266539,4,32.423029477751804,0.4727157253205747,2961.7808353137543,22.176386328594123,3.0,3.0,1,0,10,14,sms,8,5,0,0,0
CUST_03592,97.50147548538214,4,27.968864957743495,,363.60074680418546,31.53279934200147,3.0,1.0,1,0,20,30,email,23,3,3,2,0
CUST_03593,621.9171086682063,4,36.35214948052236,25.49243238506878,3014.40315984012,23.033404266860995,1.0,0.0,0,0,10,30,sms,11,3,1,0,0
CUST_03594,243.94215963725154,1,36.607550156159135,6.236079000881122,297.67082813741547,11.40313941042087,3.0,3.0,0,0,30,14,sms,5,6,0,0,0
CUST_03595,701.8927534418642,2,17.078582030780886,5.173962732809104,799.155531097836,36.84509397471777,2.0,2.0,1,0,30,14,email,15,1,2,1,0
CUST_03596,429.2960020114447,4,40.444808044851854,37.69869209759114,2315.0392527700287,13.085736267250795,5.0,3.0,1,0,10,14,email,20,6,1,0,0
CUST_03597,96.07392148332453,7,100.27412739018892,5.290868743378206,2247.8700163952412,30.512127246690213,3.0,2.0,1,0,20,7,email,11,3,3,1,0
CUST_03598,767.7584074274985,2,18.397840340271806,52.72978441430761,941.6731066501645,40.41806487271592,2.0,2.0,0,0,30,14,email,21,6,2,2,0
CUST_03599,155.54283703007096,9,24.494646067599454,26.813739703392734,1142.9900224205671,47.64553725516096,3.0,3.0,0,0,30,14,sms,18,0,3,2,0
CUST_03600,234.35947376374588,6,175.56612173002185,17.29206391702773,8229.116779877933,29.99779999411054,3.0,2.0,0,0,20,14,push,4,2,0,0,0
CUST_03601,890.1375271218143,7,20.22097408990881,13.681727179717951,4199.871170223331,35.27303663737379,2.0,3.0,0,0,10,14,push,20,6,1,0,0
CUST_03602,334.803773780201,2,71.6529299733982,3.8191375018768987,1599.31142383348,22.318031627027977,4.0,0.0,1,0,20,14,sms,4,2,1,0,0
CUST_03603,226.1504192906259,13,28.8692295540129,19.662151524734995,2829.141626236183,14.928287612665025,5.0,2.0,0,0,50,7,in_app,9,2,3,3,1
CUST_03604,282.9233089272393,1,34.332210508328515,6.395845550319391,323.779419993428,9.741476595794394,,,0,1,20,14,push,22,3,1,0,0
CUST_03605,222.23476055564828,5,30.609160159153408,9.972541039640948,1133.7365631298244,24.70786758116687,4.0,2.0,0,0,20,14,push,7,6,2,0,0
CUST_03606,529.334512858121,20,42.75218789435071,1.6483745196529713,15086.805701783325,12.546809654751423,2.0,,0,0,30,14,push,0,6,6,0,0
CUST_03607,227.85739637683196,15,12.834644215875583,5.2679377943002565,1462.234307226188,34.13476516187182,3.0,2.0,0,0,10,7,push,10,0,1,0,0
CUST_03608,290.49626276140293,6,37.031032392772204,11.297262967641716,2151.4753032593553,118.93725444421334,1.0,2.0,1,0,50,30,in_app,22,6,4,1,0
CUST_03609,455.64234469079963,1,25.99704532925312,9.467841746484671,394.8451562951297,33.67069215819771,2.0,4.0,0,0,30,14,email,10,6,4,0,0
CUST_03610,420.10529161327446,6,10.828219716225751,6.312789355132942,909.7984803075254,3.141286243741674,2.0,,0,0,20,14,email,4,0,5,3,0
CUST_03611,167.20784117995828,1,64.87961116276287,9.577895150810962,361.61265730402346,31.255732202719738,4.0,1.0,0,1,20,14,email,10,6,2,1,0
CUST_03612,533.8438433373316,9,9.351140738748516,,1497.6146734685406,38.897079204656016,,2.0,0,0,50,14,in_app,23,3,2,0,0
CUST_03613,195.25111697561354,3,120.18926855844865,9.224069452590193,2346.708893451909,56.3020803741669,2.0,1.0,0,0,30,14,push,6,4,5,1,0
CUST_03614,119.50761117253532,1,47.95062861726008,10.583048345246302,191.01550267567208,9.231882709182717,1.0,4.0,0,0,30,14,sms,21,2,2,0,0
CUST_03615,49.34296887340125,6,14.634803988750267,18.117005863498225,144.4249355370466,43.187950267702284,3.0,0.0,0,0,10,14,push,4,6,3,0,0
CUST_03616,260.6159406733135,2,73.91059512671582,27.64087887421647,1284.1519516448977,58.62351081577567,3.0,1.0,0,0,10,7,email,4,1,3,1,0
CUST_03617,62.302765680033865,2,21.110537415187295,11.22557903819791,87.6829910638668,27.037365124525742,4.0,,0,0,20,14,email,2,2,2,1,0
CUST_03618,147.25058659986504,1,21.695517454084193,44.39841733773408,106.48925572338361,37.89821555354136,2.0,2.0,0,0,10,14,email,5,3,2,0,0
CUST_03619,296.24585746739353,2,11.239314019825034,6.541511852562078,221.97334794322433,9.835769643335528,5.0,6.0,0,0,20,30,email,22,0,1,0,0
CUST_03620,657.1143513609082,6,19.719781323956703,4.366417951781798,2591.6302627341524,14.456419307737628,1.0,1.0,0,0,20,7,in_app,19,1,3,0,0
CUST_03621,239.42412671931268,1,21.163938874626393,17.718004567579616,168.90525276661123,14.511188615525791,5.0,1.0,0,0,20,7,sms,8,1,4,0,0
CUST_03622,77.82820957196147,4,54.10289256210298,2.8992161627187087,561.4308347696888,7.041813985298286,5.0,3.0,0,0,20,14,email,5,5,5,0,0
CUST_03623,275.56588167046874,0,66.70742857626418,34.53395504431801,0.0,26.647801491118216,3.0,1.0,1,0,10,7,email,13,6,0,0,0
CUST_03624,639.7374857350702,5,15.729323872173122,7.330439094048975,1677.1063510494419,39.87513359891439,3.0,1.0,0,0,10,14,push,4,0,4,0,0
CUST_03625,234.97670891762897,1,38.9517609419611,17.967309257142354,305.0918864229421,17.608768232374526,1.0,5.0,0,0,20,30,in_app,15,2,2,0,0
CUST_03626,734.1199257034849,7,10.977494342107521,12.665954368294514,1880.3860438622933,17.986250523286362,3.0,1.0,0,0,10,30,sms,21,3,0,0,0
CUST_03627,294.9495599948955,5,39.04078484416914,0.8388894807237952,1919.177051940512,2.045846864903292,3.0,3.0,1,0,10,14,in_app,12,6,4,1,0
CUST_03628,496.1830000438234,0,121.17649369866753,18.52053780562788,0.0,4.306408078936714,4.0,0.0,0,0,20,14,email,7,5,3,0,0
CUST_03629,353.66442660503395,6,11.382903567894289,23.410054099472703,805.1456126879458,31.526482189501642,3.0,3.0,0,0,30,14,in_app,8,6,3,1,0
CUST_03630,710.2311097070907,10,18.014915879151083,60.65970381889374,63973.76848064682,11.782062706652475,3.0,3.0,1,1,10,14,email,9,0,3,4,0
CUST_03631,1124.3609919465837,2,51.2320405721671,8.071093904443995,3840.2205304779613,10.078722379081471,3.0,3.0,0,0,30,14,email,23,3,2,1,0
CUST_03632,203.5419882683221,0,54.98809377512626,10.485413581962616,0.0,16.4692944783398,3.0,3.0,0,0,30,14,push,20,1,4,1,0
CUST_03633,338.4244436425825,13,18.82771437042424,31.175711963396562,2761.095463044654,24.787617456989995,,1.0,1,0,20,14,sms,12,2,4,0,0
CUST_03634,656.790233698649,7,80.16997283520155,4.704176665741391,12286.13287861082,21.35367400620214,4.0,2.0,0,0,30,30,email,16,6,2,0,0
CUST_03635,362.9105365698201,8,20.300650716142812,3.1449466948986444,1964.6186784298377,40.03939076427777,3.0,2.0,1,0,50,30,push,4,3,0,0,1
CUST_03636,46.46394530020752,7,90.38520247482708,2.139192244591855,979.9190575389943,29.565161289305486,3.0,2.0,0,0,50,30,in_app,6,1,3,1,1
CUST_03637,237.94683229477775,4,43.86825829232414,57.423649232976175,1391.775079859686,14.80964968142372,1.0,2.0,0,0,10,14,push,12,5,5,0,0
CUST_03638,360.620454847496,1,71.00349003261822,4.72804454167996,853.5103623774144,17.543176773752602,2.0,1.0,0,1,20,14,push,4,3,4,1,0
CUST_03639,843.8592756265762,7,41.3675549102389,21.244779164381892,8145.29214823259,15.234011156571023,4.0,4.0,0,0,30,30,sms,1,6,1,0,0
CUST_03640,324.70903344452694,4,49.11568641077979,8.958480151867846,2126.440941521172,10.8400673562188,0.0,3.0,0,0,10,7,email,4,6,1,0,0
CUST_03641,138.44971028046325,8,50.70778838941934,4.127913066078051,1872.1276297275056,26.93098963354324,5.0,3.0,0,0,10,7,sms,4,0,2,1,0
CUST_03642,367.0002156864939,2,65.81658943187301,36.685369750944744,1610.3135011497875,11.401285400204332,4.0,1.0,1,0,20,14,email,17,3,3,1,0
CUST_03643,787.559216483144,2,32.469569249044056,9.348930657707614,1704.7805678214884,32.744645122706665,,1.0,0,0,10,30,in_app,20,4,0,0,0
CUST_03644,177.3863917453025,1,19.299085260309408,12.519119564167278,114.11316994370793,22.536942209953192,1.0,1.0,0,0,20,7,email,19,0,3,1,0
CUST_03645,197.40843345027534,10,31.583553422677777,3.774948804664333,2078.2866013213006,13.165625309694057,4.0,1.0,1,0,20,14,push,23,1,6,1,0
CUST_03646,179.7618589898204,3,22.18701707257015,5.876813143790054,398.83794344040933,9.376521877368624,4.0,2.0,0,0,30,14,sms,21,5,1,0,0
CUST_03647,89.04533152398362,7,23.075160485072757,20.656306410114873,479.43824025123376,24.4634626305574,5.0,1.0,1,0,10,7,email,10,5,5,0,0
CUST_03648,313.7884435903961,7,89.37726504735653,6.302091149235032,6543.962341367807,20.729024539059605,2.0,1.0,0,0,20,30,push,10,5,2,1,0
CUST_03649,286.35001255312693,4,48.11705723185935,10.577037876950186,1837.1093256483268,33.21847504155368,2.0,3.0,0,1,50,14,email,8,1,3,0,0
CUST_03650,52.86331049578218,12,46.80745519801582,1.8215943699731494,989.7588150600496,40.78441057291361,4.0,3.0,0,0,30,14,sms,6,3,2,0,1
CUST_03651,148.43465671005575,6,63.028444560292876,28.463447411451423,1871.1211062551706,22.14231823284245,2.0,1.0,1,1,30,14,email,18,3,5,1,0
CUST_03652,345.7911966476247,6,47.96666524848537,20.06722833155105,3317.2901150939583,35.282617707844324,1.0,2.0,0,0,50,30,sms,14,1,0,0,0
CUST_03653,487.94553742094695,8,101.51905317753962,21.453371099435714,13209.538389648069,38.62169064358385,5.0,2.0,1,0,10,30,email,5,1,0,0,0
CUST_03654,583.8547520750459,0,9.423564396063332,2.9436031663330047,0.0,9.002743757191356,5.0,3.0,0,0,10,14,email,16,2,2,0,0
CUST_03655,516.0220052019745,2,18.200415671619858,10.25259166375729,626.1209993585813,35.08817690837265,1.0,2.0,0,0,10,14,sms,6,1,2,1,0
CUST_03656,299.60184295657103,2,21.74963315805421,0.41891475466012884,434.41534518549247,6.342233471193325,3.0,0.0,0,0,30,7,email,10,6,2,0,0
CUST_03657,74.48811623793205,8,14.506112517331328,5.676997346358659,288.1421320937325,25.14059241861089,3.0,3.0,0,0,30,30,email,21,3,4,0,0
CUST_03658,250.6392605524956,9,35.43690044881084,6.4161098599539494,2664.5635574287044,12.318135266731902,,1.0,0,0,20,7,email,3,3,1,0,0
CUST_03659,17.239202966590895,5,36.45066189439031,36.74717735061271,104.73005977732917,26.151962794916432,3.0,1.0,1,0,10,14,push,9,1,1,0,0
CUST_03660,347.0319708432584,4,108.33212537028548,,5012.628129718551,54.567779916917324,6.0,2.0,0,0,10,7,push,1,5,0,0,0
CUST_03661,172.1569559117102,4,56.95568362128412,14.425045684804182,1307.3756152147637,57.672938832591726,1.0,3.0,1,0,20,14,email,10,1,2,0,1
CUST_03662,31.309735448930976,7,24.421994522056245,10.908899454288724,178.41744377819194,19.645205942916093,4.0,3.0,1,1,10,30,push,15,5,2,0,0
CUST_03663,395.4421660321823,13,44.55015745697988,8.699659785961082,7634.037996807258,28.3478582562916,5.0,0.0,0,1,10,30,sms,0,4,1,0,1
CUST_03664,781.2304902052165,6,11.06527612210859,0.2769852530477547,1728.906217826194,4.177534678632377,2.0,2.0,1,0,20,30,email,15,5,4,1,0
CUST_03665,63.22752277094929,1,36.066091701981215,24.15031220253344,76.01232114487208,24.97152126073551,4.0,,0,0,10,30,email,15,2,4,0,0
CUST_03666,419.2829023618061,4,34.92742679988417,16.71316272661224,1952.5963840913284,15.00413623705222,,3.0,0,1,50,7,sms,21,2,1,0,1
CUST_03667,217.5568315559971,6,19.273701720812245,15.716752352899414,838.6250957470562,55.68070822392198,1.0,2.0,0,0,10,14,push,10,2,0,0,0
CUST_03668,155.41837896449027,6,29.349678105303312,24.835635666719007,912.2958788511665,10.830206264187419,2.0,2.0,0,0,30,7,email,5,5,1,1,0
CUST_03669,155.72651105705208,2,21.85604421573177,39.47763365105287,226.90436741497152,40.87437742319689,1.0,1.0,0,1,20,7,email,16,0,1,0,0
CUST_03670,217.51382742212957,5,18.92479201053167,7.4028923647969656,686.0673238964138,27.047588750631363,4.0,0.0,0,0,10,7,in_app,9,0,1,0,0
CUST_03671,216.8573754872058,0,49.63516152620444,8.337420599185027,0.0,15.702099970326449,5.0,,0,0,50,14,push,5,6,5,1,0
CUST_03672,290.46565583608333,2,61.580589556973386,55.416818592011545,1192.4697554959293,14.011691930475543,7.0,3.0,0,0,20,30,sms,14,5,1,0,0
CUST_03673,142.16223163616962,0,44.970077519634835,16.378640350550146,0.0,15.069503511703697,3.0,2.0,1,0,10,14,email,4,5,3,0,0
CUST_03674,169.77644495391974,12,25.460728299292004,28.592518986407228,1729.0527746365824,35.20711572987778,2.0,2.0,0,0,10,7,push,5,5,4,2,0
CUST_03675,447.69865970279017,3,22.252799969946224,3.7571342329562887,996.2548721179213,24.5287549477181,3.0,,0,0,10,14,in_app,17,0,2,1,0
CUST_03676,130.74532527458797,1,25.940358791587233,5.72055772166334,113.05268826485303,21.24114725494074,,0.0,1,0,20,14,email,16,5,1,0,0
CUST_03677,363.83896828795844,1,29.02029066666781,7.453969655131468,351.9570871859029,26.742494577416004,2.0,1.0,0,0,20,30,email,13,1,2,2,0
CUST_03678,226.85951416359737,10,19.62385356878467,5.717437390204716,1483.9526288773557,24.318957624504968,3.0,0.0,0,0,20,14,push,18,1,2,0,0
CUST_03679,190.32404038075276,7,62.32074726759137,,2767.5984978870074,69.53808851876568,1.0,3.0,1,1,30,14,email,5,5,4,1,0
CUST_03680,951.1771203710025,5,29.330729685990107,10.74655019229305,4649.786500183392,42.94668754725042,3.0,1.0,0,0,10,14,push,3,4,2,0,0
CUST_03681,91.14929476262208,4,52.40114855037376,,636.8436980157286,17.26174931370075,121.0,2.0,0,0,10,30,push,23,5,2,0,0
CUST_03682,817.2765933058583,1,14.296968110714598,,389.48591307091067,12.423985727460394,3.0,0.0,0,0,30,30,email,11,4,4,1,0
CUST_03683,538.244005817527,3,21.91115143571929,0.5693389320643574,1179.3545920836007,15.66223526388024,5.0,0.0,0,0,10,14,push,23,2,2,0,0
CUST_03684,176.08337840596522,2,55.45855795359086,2.2285689508489024,651.0220163994195,18.29460137942884,3.0,1.0,1,0,10,30,push,13,2,2,0,0
CUST_03685,548.9821894903077,9,55.9314920654582,,9211.617892666505,50.012137857035036,3.0,1.0,0,0,20,30,email,16,0,0,0,0
CUST_03686,8.174356161442347,4,16.094571369524925,15.323506298757692,17.54170115203329,22.206959973558888,3.0,1.0,0,0,20,14,push,8,0,1,1,0
CUST_03687,161.86528705387232,4,39.71946324428857,2.996677842895433,857.2269759550001,38.37505172032073,3.0,2.0,0,1,20,7,in_app,20,1,6,1,0
CUST_03688,132.4260963045395,10,40.34988590711177,7.206835509917339,1781.1259590041213,32.25342719918903,1.0,2.0,1,0,10,7,email,9,1,6,1,0
CUST_03689,398.86479071819866,10,21.651440169734844,23.799510440601658,2878.6657173496296,63.06142314790151,2.0,2.0,0,0,30,14,email,20,1,3,1,0
CUST_03690,494.69880612915824,13,41.0257039475151,,8794.658930825739,37.23997614986553,,0.0,0,0,10,14,push,8,3,5,0,0
CUST_03691,394.1815494973943,2,12.829266164973047,1.2585545194294423,337.13733438823795,18.885287627942756,1.0,2.0,0,1,20,30,email,13,0,2,0,0
CUST_03692,329.818115590985,5,18.989095402387292,11.646961103616189,1043.8246103988022,51.117964778378344,3.0,2.0,0,0,10,30,in_app,18,0,3,1,0
CUST_03693,574.3272236359969,3,47.43568375905294,17.963352427515233,2724.3604554612025,36.561104848489165,3.0,2.0,0,1,50,30,push,18,2,5,0,1
CUST_03694,519.1834298752765,5,33.70681880170403,,2916.6702992755263,74.56360335611949,,2.0,0,0,10,14,email,18,0,2,0,0
CUST_03695,172.41117463930536,3,34.77338156540436,16.2696055646823,599.5319561872133,26.604098207135156,3.0,3.0,0,0,20,14,push,23,5,2,0,0
CUST_03696,189.5184283126288,0,29.81317438068932,43.831339237683125,0.0,8.724116795527612,1.0,2.0,1,0,20,14,push,22,0,2,1,0
CUST_03697,498.76892363860804,1,45.70197661432657,4.206149535100004,759.8241894694833,4.527051800396208,2.0,4.0,0,0,20,7,in_app,6,3,0,0,0
CUST_03698,288.2771866421933,2,47.04281460299929,,904.0913496988617,15.803943135514013,2.0,3.0,1,1,10,30,email,9,4,6,0,1
CUST_03699,303.76268427749307,7,53.24473186877149,27.424143522371796,3773.8779577551277,45.131101191705774,2.0,1.0,0,0,20,30,push,11,0,1,0,0
CUST_03700,334.54877556722477,0,35.70895580311422,24.9943960305681,0.0,17.742005464360588,3.0,1.0,1,1,20,14,push,17,3,2,0,0
CUST_03701,49.032336319938594,7,26.231287973484548,16.39946271966506,300.10897793824614,8.67896956228809,6.0,3.0,1,0,20,14,email,15,5,2,0,0
CUST_03702,165.72116708899466,3,23.70746919241918,10.579034477808825,392.8829463294092,15.125012410668054,4.0,2.0,0,0,20,14,in_app,15,3,2,0,0
CUST_03703,423.92804098374666,4,17.564714034439604,0.26805174784583524,992.8233081412936,31.722040911059214,2.0,2.0,1,1,20,14,email,8,3,1,0,0
CUST_03704,164.5097744834565,4,26.005969483270945,4.936812969868532,570.4314899888741,29.066873592506575,3.0,2.0,0,0,30,14,sms,8,2,4,0,0
CUST_03705,248.0623216922548,10,23.01553461946009,,1903.0956508972454,43.198719299973334,3.0,1.0,1,0,10,14,sms,6,6,4,3,0
CUST_03706,421.96634467944494,0,86.5694734246014,0.7879606331764905,0.0,27.558276645888974,1.0,2.0,0,0,30,14,push,21,5,2,1,0
CUST_03707,596.4618539554237,2,17.669455047223035,22.446977699312463,702.6103943899114,65.38350846238606,2.0,3.0,0,0,30,7,email,10,6,3,0,0
CUST_03708,645.6263720182192,1,61.70822760052573,2.1115705476376365,1328.0153036467323,18.392191672286888,,1.0,0,0,30,30,email,11,5,1,0,0
CUST_03709,670.6323568469849,8,28.200994238447677,6.633793439490204,5043.333128415576,70.55789300859755,2.0,3.0,1,0,30,7,sms,22,5,2,0,1
CUST_03710,267.15192836598465,16,29.256922944772516,56.88487870331398,4168.556470800533,21.32144978000598,4.0,,0,0,20,30,sms,21,1,3,0,0
CUST_03711,245.70276994397247,8,42.128010599948816,7.892983474205987,2760.2583724363885,22.293220980781175,4.0,1.0,0,0,10,14,email,7,0,4,1,0
CUST_03712,102.76937773492418,1,14.138159208594521,2.2886406146900935,48.43232747281824,46.281573402652675,1.0,2.0,0,0,20,14,push,21,6,7,0,0
CUST_03713,784.2341445125375,3,20.491598216371894,17.55625121336687,1607.021099691105,148.21894025063528,6.0,2.0,1,0,30,30,sms,12,3,2,0,0
CUST_03714,237.43988124851427,7,15.726021048634546,24.906366807262355,871.2630664031986,51.41641730407785,0.0,4.0,0,0,10,30,push,15,5,5,1,0
CUST_03715,771.9755812835941,10,26.359929056361675,4.9098776210829715,6783.073851959703,6.506492375579043,2.0,2.0,0,1,30,14,email,10,2,5,1,0
CUST_03716,371.155331613785,0,19.19179636234339,,0.0,36.30370184126422,2.0,2.0,0,0,10,30,sms,23,0,2,0,0
CUST_03717,615.5253195613531,3,72.98733306127008,4.751948822944553,4492.555150646917,24.71353316516488,3.0,3.0,0,0,20,14,sms,16,3,0,0,0
CUST_03718,281.5532684024791,4,23.335922595412665,,876.0407037234265,45.61272303234586,2.0,2.0,1,0,10,7,in_app,9,6,2,1,0
CUST_03719,452.3785455966908,4,7.947858297749033,1.9996047449816732,479.39207697923973,21.077232899235433,1.0,,0,0,20,7,sms,13,6,1,0,0
CUST_03720,629.8865525542489,1,27.094759305971913,8.37460208058202,568.8874843841933,23.046875393004505,2.0,1.0,0,0,30,14,push,20,5,1,1,0
CUST_03721,198.31680264585583,10,53.75696570679078,11.024981360196165,3553.636519637889,35.01179531650439,4.0,1.0,0,0,20,30,push,3,5,3,1,1
CUST_03722,673.0497129286407,7,88.072564464558,19.38023855577961,13831.349986943993,40.62832984748955,1.0,3.0,0,0,10,30,in_app,6,0,3,0,0
CUST_03723,116.81276898430137,5,28.855599603476215,15.74866863608135,561.7837483973942,3.6388246180245303,1.0,4.0,0,1,20,30,in_app,0,3,3,0,0
CUST_03724,934.8054575570652,6,24.285026309906353,28.794860825480193,4540.355026283475,23.39735613156102,1.0,2.0,0,0,30,7,push,5,0,5,1,1
CUST_03725,335.5472676580773,2,32.82954338797997,3.0554653278444186,734.3909054865984,29.780491343443842,4.0,2.0,1,0,20,7,sms,12,0,3,0,0
CUST_03726,168.02454055725687,6,42.480013032329836,16.23724078820752,1427.5369345247009,30.29009863647239,1.0,2.0,0,0,20,14,email,9,5,3,1,0
CUST_03727,530.9170076733607,12,16.82169791552548,2.0501897433107654,3572.370208518399,60.351251321900904,3.0,0.0,1,0,20,14,email,11,6,3,0,0
CUST_03728,383.9299018527084,1,28.597799751746983,9.75361212731846,365.9850150630542,32.918847431592454,6.0,4.0,0,0,20,30,in_app,11,5,2,0,0
CUST_03729,52.21321179839013,5,32.14571826217995,11.152640904039291,279.7385326724298,36.19849446872579,2.0,1.0,0,0,10,14,email,6,1,5,0,0
CUST_03730,217.61162494268385,5,34.03814997050413,0.41462949950159705,1234.516187520695,28.25910084502888,4.0,1.0,0,0,30,30,sms,19,5,2,1,0
CUST_03731,122.28899228447926,5,30.364501405668566,1.0943146575993068,618.8740463533105,29.220771194935637,3.0,7.0,0,0,30,7,sms,9,0,5,1,0
CUST_03732,132.67870864340262,0,18.888075493962152,27.42060911423122,0.0,16.551452654994417,3.0,0.0,0,0,10,7,sms,19,4,1,0,0
CUST_03733,128.3521948852843,1,40.578793195711654,5.069656044542373,173.61257241552102,23.91316240888711,,1.0,1,0,20,14,in_app,6,0,3,2,0
CUST_03734,437.2549159865881,15,32.24156118669877,6.373048404926672,7048.890563983205,37.678224510411304,1.0,2.0,1,0,30,14,email,9,1,3,1,0
CUST_03735,559.4726866325528,4,32.194552780833064,15.341704391141574,2401.5963918968264,38.777390792257115,3.0,0.0,1,0,10,30,sms,15,6,2,2,0
CUST_03736,154.83384102558142,2,17.296135801280094,3.74066950614158,178.5351427341513,24.404746719216444,1.0,0.0,0,0,30,14,sms,8,5,1,0,1
CUST_03737,37.20587597666426,6,48.62377911721723,3.213920164720083,361.8180590703804,12.475905895303613,5.0,3.0,0,0,20,7,in_app,6,1,1,0,0
CUST_03738,1080.7622489659057,8,18.750845154164455,8.210814881320434,5404.054821020329,57.50086383699002,2.0,1.0,0,0,20,14,in_app,22,6,0,0,1
CUST_03739,338.25797372166744,1,87.34473328906455,0.9121293829468945,984.8350832539483,32.457788857671,3.0,3.0,0,0,20,7,email,10,4,1,0,0
CUST_03740,533.6532302952933,3,16.320912453213513,37.328344598362705,870.970765202407,29.539570040775835,4.0,4.0,0,1,20,30,email,21,1,6,1,0
CUST_03741,256.83026631807803,2,52.31742900412395,42.22840834639412,895.7799482804197,22.7472031674163,2.0,,0,0,20,14,in_app,23,5,9,1,0
CUST_03742,27.62782768424698,19,10.539077707720242,,184.40882114452958,21.628593335431862,8.0,4.0,0,0,30,14,push,9,0,2,0,0
CUST_03743,406.74584440660453,9,8.54217762712908,3.521400216583303,1042.348575605347,42.61525246419675,1.0,3.0,0,0,20,30,email,9,1,1,0,0
CUST_03744,870.2433702091968,9,23.739486134592966,9.539445020703615,6197.739126240805,26.06784029853276,2.0,1.0,0,0,10,14,email,6,5,5,2,0
CUST_03745,176.25238624845318,5,8.535036701169258,1.5792942750083154,250.72009754986797,18.753961289163755,3.0,0.0,1,0,20,7,email,11,2,4,3,0
CUST_03746,23.425406306477818,2,51.30734351376594,7.607418101358573,80.12635788773309,20.512777468811098,1.0,3.0,1,0,30,30,email,6,6,0,0,0
CUST_03747,102.1862584055664,8,32.68505450125311,1.1477989653088116,890.6569134040192,49.33758883251807,8.0,3.0,0,0,20,7,push,7,3,3,1,0
CUST_03748,551.7349339904291,3,76.75498817247959,18.371089317219187,4234.840833277919,16.72515909575488,4.0,1.0,0,0,20,30,in_app,17,3,3,1,1
CUST_03749,381.7749393843636,4,29.95463172497821,4.838524737397855,1524.7903614779323,34.353975777272694,4.0,2.0,0,0,20,14,sms,10,5,3,0,1
CUST_03750,674.9485801186963,2,38.316865379671555,11.030160647934395,1724.1275921739032,16.750742673496088,3.0,0.0,1,0,30,30,in_app,6,4,1,0,0
CUST_03751,302.04688722587986,8,28.193269294344734,0.20447764671724616,2270.850461620748,44.13176580013243,1.0,0.0,0,0,30,7,in_app,8,4,7,0,0
CUST_03752,488.8160752903346,1,19.602197427775298,11.15513138041489,319.39564045704714,13.88430396648577,2.0,1.0,0,0,30,30,in_app,6,0,2,1,0
CUST_03753,212.3808722105767,8,25.943870811414786,0.049099336987445404,1469.3285097191451,39.02539354062299,5.0,,1,0,10,14,sms,7,2,6,2,0
CUST_03754,110.23899549921431,4,16.08083973727991,38.89249184891857,236.36474925621155,22.13733747214575,3.0,4.0,0,1,10,14,push,17,5,1,0,0
CUST_03755,489.77437944823794,11,41.78139539405222,10.431984800116194,7503.267567254577,13.440510785218759,3.0,3.0,1,0,50,14,email,20,0,3,0,0
CUST_03756,558.0040452833452,10,27.53041930942641,1.581516039443151,5120.695114335553,26.91195183514538,2.0,1.0,1,0,30,30,email,22,5,3,1,1
CUST_03757,179.85477598835072,2,31.182325566926597,6.256723249045716,373.88601197569363,56.965379137208885,3.0,3.0,0,0,30,14,sms,23,2,2,1,0
CUST_03758,818.6306269601627,0,180.23078428383738,0.7074297072401937,0.0,16.867325304358186,2.0,,0,0,20,7,email,10,0,4,1,0
CUST_03759,833.8142525156005,1,26.001913375712515,11.353943664377615,722.6921988448375,5.768248952396259,3.0,1.0,1,1,10,30,push,3,5,1,4,0
CUST_03760,129.101137675155,3,39.97504063236384,1.9574950231307955,516.082322424872,57.53972805666092,3.0,3.0,1,0,10,7,sms,14,3,2,0,0
CUST_03761,134.75135925799637,11,32.05710276894892,9.611381642080778,1583.9039963960201,21.027244116935922,4.0,3.0,0,0,50,14,push,3,3,3,0,0
CUST_03762,140.68650589845623,3,66.3243138023147,5.468617028451117,933.093596496041,15.232923427319802,4.0,1.0,0,0,20,7,sms,16,6,4,2,0
CUST_03763,271.5466537378228,7,38.20914939785586,21.506035886805623,2420.9655542698047,35.28669466627771,3.0,2.0,1,1,20,14,push,16,5,1,0,0
CUST_03764,220.90296215080411,16,28.138714639123542,9.874094729773406,3315.1602212792454,37.936391022725616,4.0,3.0,0,1,50,30,email,5,6,3,0,1
CUST_03765,87.46894200712626,5,131.04095976317862,28.276417807855033,1910.3356850139396,39.47871969707526,4.0,1.0,0,0,20,30,sms,18,1,3,2,0
CUST_03766,144.44695574759254,5,19.770466096496573,42.54210094992621,475.9639402249866,18.043443737861114,1.0,4.0,1,0,10,30,sms,7,5,2,0,0
CUST_03767,28.44631286301918,5,29.479540962599355,52.36266420952799,139.76404088004847,23.972966199871564,2.0,3.0,0,0,20,14,push,9,2,1,0,0
CUST_03768,35.89425031395471,8,57.39111268441205,4.520557038051941,549.3362571975113,21.801149663474796,4.0,4.0,0,0,30,14,push,3,5,3,1,0
CUST_03769,70.6609454771887,5,20.26954692572611,21.887408077211973,238.71089169434174,15.003412748926644,3.0,2.0,0,0,20,14,email,10,1,2,1,1
CUST_03770,1041.8203934844494,8,52.42414434570087,8.646759565036183,14564.411384086305,28.485360801014416,1.0,1.0,0,1,20,7,sms,8,6,1,5,0
CUST_03771,959.7995973639645,14,24.836568681265337,8.331413914074943,11124.460022751096,114.77345990210775,5.0,2.0,1,0,20,14,sms,14,0,1,0,1
CUST_03772,509.9753000255626,3,60.45756758204909,30.40050666163397,3083.1866166471214,20.075441638127142,7.0,2.0,0,0,10,14,push,7,6,4,0,0
CUST_03773,181.47590158521928,11,59.51372235089049,2.3615468880078723,3960.112354117431,25.271954309296653,2.0,2.0,0,0,10,14,push,14,0,1,0,1
CUST_03774,69.39274285151797,5,31.37307004986509,9.745865435867612,5442.65845608237,7.173281481524239,2.0,1.0,0,0,10,7,email,8,2,1,0,0
CUST_03775,297.1511641442242,0,18.168985562154504,13.4798288155771,0.0,48.406893376556226,4.0,1.0,0,0,20,7,push,7,2,2,0,0
CUST_03776,414.9706783389569,6,26.183111637577202,1.0261649758633644,2173.0447194540097,9.894700257764786,4.0,3.0,0,0,20,14,sms,17,6,3,1,0
CUST_03777,157.17698337400518,7,32.82236768284284,,1203.748172569057,25.364783006681428,4.0,2.0,1,0,20,7,email,8,3,4,1,0
CUST_03778,398.9266431983139,2,56.42784413506251,5.660581508710858,1500.7046962478769,18.79107487552774,5.0,2.0,0,0,10,30,push,6,0,3,0,0
CUST_03779,101.22960857901482,5,40.138984599237716,16.042487409530374,677.2089499566563,32.76236936814333,3.0,2.0,0,0,20,30,email,22,4,3,1,0
CUST_03780,184.71372810372046,0,45.72954213198217,39.48301366504703,0.0,35.597438089749225,3.0,1.0,1,0,10,14,push,20,2,1,0,0
CUST_03781,243.9496460151978,3,40.83735987697317,19.081350851708468,996.2259486182846,14.238634797027977,3.0,1.0,0,0,30,14,sms,11,6,1,1,0
CUST_03782,978.6801429385935,2,55.021906670051976,32.574738675424555,3589.923165640028,1.6538224604835288,1.0,3.0,0,0,20,7,push,3,6,2,0,0
CUST_03783,142.5313958959174,11,29.363529482044743,1.0812183543539742,1534.5824433524792,22.0607993912634,3.0,5.0,0,0,10,30,push,12,3,4,1,0
CUST_03784,413.4752005404646,1,36.55924064785465,10.18081630489998,503.8779786159602,16.145151709831268,4.0,2.0,0,0,10,14,in_app,1,4,1,0,0
CUST_03785,123.27811840145951,4,33.68407040206032,-15.0,553.6678425691053,12.097748282610436,1.0,1.0,0,0,10,14,in_app,19,0,2,0,0
CUST_03786,107.69544085547756,1,25.463005107645458,17.521310891018928,91.4083186857718,24.407796120721535,2.0,1.0,0,0,30,14,push,10,3,6,0,0
CUST_03787,156.55309207369584,0,60.765633138458874,1.864043452030657,0.0,46.110975920313464,1.0,3.0,0,1,20,14,email,6,3,3,0,0
CUST_03788,305.2211701767837,6,60.00243738088166,16.04116014874563,3662.8028301703775,5.9277330889740965,4.0,0.0,0,0,20,7,email,18,0,3,1,0
CUST_03789,890.7137166316613,2,68.27019463529008,2.367248003204149,4053.946586584409,2.696271002540124,5.0,0.0,1,0,20,14,sms,5,5,3,1,0
CUST_03790,178.06003477682293,0,20.94249454222421,1.0501066149627718,0.0,61.676906101300546,3.0,2.0,0,0,20,7,push,16,4,3,0,0
CUST_03791,560.9805439330981,6,40.873645483358,9.50391874995247,4585.863975156559,29.04251326875682,8.0,4.0,0,0,30,30,email,14,4,3,0,1
CUST_03792,1010.8633468393955,0,63.77876045210433,13.758440809915587,0.0,73.00132571033586,6.0,4.0,1,0,30,30,email,5,2,0,0,0
CUST_03793,363.7061540763986,7,81.59254144666136,47.59335375481422,6924.3322052063495,62.61591224932286,2.0,1.0,1,0,30,14,email,15,5,2,0,0
CUST_03794,633.0994190784392,3,13.394190268318242,17.9910204089633,847.9854077898362,36.944497134329715,4.0,1.0,1,0,50,30,push,18,5,2,0,0
CUST_03795,148.9779974181566,7,33.05815528771147,13.424939800293405,1149.1521470570633,18.720395806552407,3.0,1.0,0,0,20,14,email,18,2,2,0,0
CUST_03796,405.4516260285073,11,29.561423928244853,,4394.7667131224625,19.225224261028757,6.0,2.0,0,0,30,7,email,14,1,2,0,1
CUST_03797,483.1036860210485,1,86.01350696434011,2.473904458737838,1385.1147420689942,60.3212700130882,2.0,4.0,0,0,20,30,email,4,4,6,1,0
CUST_03798,83.20412150348706,12,8.796818386805707,14.019617059768242,4391.589275399347,11.143941767431532,5.0,2.0,0,0,30,30,sms,5,5,6,0,0
CUST_03799,135.85876478765226,1,17.665437086455626,3.7837401652332345,80.00014873332813,26.093625543796712,1.0,2.0,0,0,20,30,email,8,6,4,0,0
CUST_03800,235.383558097171,6,78.24301592308376,18.39353653914014,3683.4238968458126,12.901661038203383,4.0,3.0,0,1,20,14,email,22,1,2,0,0
CUST_03801,160.48777784119832,4,24.982312060370504,,534.5807663872307,54.81331712750691,5.0,2.0,1,0,10,7,email,4,5,2,0,1
CUST_03802,258.18575934058623,1,15.167031200294062,,130.53038224634287,20.95464341395855,5.0,3.0,0,0,20,14,email,12,5,1,0,0
CUST_03803,71.09461424835833,10,82.04125946437529,22.24781328554944,1944.230564689746,51.779979414435296,5.0,2.0,0,0,20,30,email,21,5,3,0,0
CUST_03804,945.5805126398537,11,14.025978000937815,26.671139936434383,4862.986871747433,34.114505621382925,7.0,0.0,0,0,10,14,email,10,1,0,0,0
CUST_03805,601.539478883768,3,61.14338217070985,6.352315561944847,3678.0158248159873,10.456651512592883,2.0,1.0,0,0,20,30,sms,21,4,3,0,0
CUST_03806,2000.0,7,12.985668448387196,,6059.978609247359,21.112358441793226,2.0,0.0,0,1,20,7,push,8,6,0,0,0
CUST_03807,93.77925359201349,5,13.936080743294434,47.62283427041013,217.8192083506974,49.41701429125073,5.0,2.0,0,0,20,30,email,10,6,2,1,0
CUST_03808,417.141095412554,11,37.34073395008661,21.474146171217427,5711.33004326422,39.18267771123765,5.0,0.0,0,1,30,30,email,13,5,1,0,0
CUST_03809,161.8310238962521,5,19.90586814384658,24.68058492053336,536.8978372104132,14.615310468593492,3.0,2.0,1,0,30,30,in_app,15,2,2,0,0
CUST_03810,107.08190352136661,2,38.99373686613184,3.7799302914408774,278.36823793577906,20.356078280580025,4.0,2.0,0,0,10,14,push,9,1,3,0,0
CUST_03811,578.1878506850063,11,97.6341124314437,8.286141752029808,20698.647794100718,12.897388253647515,1.0,2.0,1,1,20,14,in_app,10,3,2,1,1
CUST_03812,312.96390598772837,4,30.174333096364197,1.059696749071388,1259.13028618839,71.69672515337751,1.0,5.0,0,0,20,30,in_app,14,3,4,1,0
CUST_03813,222.50415480307902,11,87.94155026252311,1.7378896717230257,7174.698781519573,28.525252370613842,3.0,2.0,0,0,30,14,email,20,4,0,0,0
CUST_03814,371.9081898372842,2,40.228473969499404,3.7453748863123946,997.4199289275222,36.71686347117388,4.0,,0,0,20,30,push,9,0,5,0,0
CUST_03815,141.29984143265136,5,58.76364930608814,5.419598318629882,1383.8823881590313,27.356358176615625,1.0,2.0,0,0,20,30,sms,12,3,2,1,0
CUST_03816,136.98984936952505,8,8.06924808329454,88.09084520155767,294.77468785489265,7.434603175350038,,,0,0,20,30,email,17,4,1,0,1
CUST_03817,167.0719262474926,8,48.51062362684494,8.225019734975739,2161.270222081096,45.98502540725568,2.0,3.0,0,0,20,14,push,23,0,2,1,0
CUST_03818,659.6818103351127,2,44.241273867795655,17.953755470786923,1945.67757577593,45.23419833028507,2.0,1.0,0,1,10,30,email,4,4,7,2,0
CUST_03819,623.2086120216587,2,26.681180022761477,35.22114091789581,1108.529411272346,20.388240984620488,,4.0,0,0,20,14,push,3,0,2,0,0
CUST_03820,89.4057421885853,0,103.2670698633239,4.236574313285062,0.0,12.70274018970216,3.0,2.0,0,0,20,30,email,1,2,4,0,0
CUST_03821,918.5425672326548,4,24.632703470059862,2.3449341718374006,3016.8248911026017,7.132835341004435,6.0,1.0,0,1,10,7,sms,6,2,2,0,0
CUST_03822,292.73520267853075,4,12.612337062776708,4.180997454595323,492.27667284291806,16.62955749197868,6.0,1.0,0,0,20,14,push,12,5,5,2,0
CUST_03823,412.10277245099036,5,52.94079566501397,32.10976010773626,3636.174778218938,38.00506549561921,1.0,1.0,0,0,10,14,push,5,3,4,0,0
CUST_03824,162.29807861674018,2,14.094634774710364,16.43512065404501,152.50214284934552,27.954454423016234,,3.0,0,0,20,14,email,7,4,3,1,0
CUST_03825,304.928254369827,8,34.672680950700375,,2819.3813537650717,12.0627433576007,4.0,2.0,0,0,10,7,push,5,6,2,2,0
CUST_03826,106.45029178848029,7,73.98915717085877,25.745557182850565,1837.7723863383837,51.10219146873506,5.0,0.0,0,0,30,14,sms,20,0,2,0,0
CUST_03827,152.44920742113842,1,44.66039043496793,4.05208175464095,226.94803749764841,124.08645532418193,5.0,1.0,1,0,20,14,email,20,3,1,0,0
CUST_03828,545.138052790306,3,28.547435031165982,4.100286006369452,1556.2293145047595,6.411940603481179,2.0,2.0,1,0,10,14,in_app,11,5,1,0,0
CUST_03829,554.1141214709381,2,26.82473079885675,12.562889638037522,990.9308093535283,23.669241928032672,3.0,,0,0,10,30,email,8,3,3,1,0
CUST_03830,426.11569154982715,3,70.75375272728182,23.414199554798877,3014.9284273131157,22.930506432336482,,0.0,1,0,10,7,email,22,6,5,2,0
CUST_03831,210.8274981983216,4,15.927561143510285,4.507630078723462,447.7290491049429,15.621511665786045,2.0,0.0,0,1,50,14,email,14,4,2,0,0
CUST_03832,87.84832205097231,5,52.722011488496,3.5364870140285385,771.9233740694099,30.665175721477556,2.0,1.0,0,0,20,14,in_app,5,4,3,1,1
CUST_03833,714.8327252727887,9,123.49062763073856,9.636089509281602,26482.542568478395,9.152402192339903,7.0,2.0,1,0,50,14,email,19,5,4,0,1
CUST_03834,583.0590317877893,3,45.88150308513595,2.161601414367295,2675.1624765787838,44.97690060407397,,1.0,0,0,50,14,push,8,2,3,0,0
CUST_03835,43.484537696348916,5,28.708377309457433,20.663691554136104,208.06175255235158,20.780740201401386,4.0,2.0,1,1,20,30,email,20,3,3,1,0
CUST_03836,560.8414545326323,2,30.083015935625355,12.91748592584445,1124.7868276042987,40.61031564644351,4.0,1.0,0,0,10,7,sms,12,5,0,0,0
CUST_03837,222.39362632653615,8,24.82302805231801,10.778242853725931,1472.1288599894228,18.036458839807548,4.0,1.0,0,0,30,14,in_app,16,1,1,0,0
CUST_03838,494.65771750176873,1,22.40698992601985,30.86677580417033,369.45968309633685,28.215204825967945,0.0,5.0,1,1,20,30,in_app,16,5,3,2,0
CUST_03839,72.10385207755675,3,35.54023441369712,19.78300289199116,256.2587804966909,11.926585045134768,2.0,1.0,0,0,10,14,email,2,6,2,1,0
CUST_03840,169.93262066952425,11,49.78385428887133,,3101.963636323801,39.51356966991859,6.0,3.0,0,0,20,14,sms,17,3,1,0,0
CUST_03841,322.5067111041115,4,87.04838342208585,8.182079509285748,3743.158379251543,11.801226986722178,5.0,6.0,0,0,20,14,push,7,4,2,1,0
CUST_03842,945.8376485425351,1,10.237690071884318,5.812990377158318,4841.5963520491605,27.264601349725996,4.0,3.0,1,0,20,14,sms,18,4,4,1,0
CUST_03843,323.14805530790613,3,7.664291279537431,24.297585102620012,247.67008222958646,31.04413710220345,3.0,1.0,0,0,20,14,email,8,1,0,0,0
CUST_03844,641.5026179446044,5,88.06257657893764,19.04297284111762,9415.395569722616,33.559415166756146,5.0,1.0,0,1,50,14,email,4,5,4,1,0
CUST_03845,357.2305577069391,0,34.27040166263931,9.580171517254604,0.0,37.058630064055805,3.0,3.0,0,0,10,14,push,14,3,5,0,0
CUST_03846,347.65341699642323,4,35.36438561714749,26.028972394030163,1639.2732666373986,17.24096030687385,5.0,,0,0,20,30,in_app,23,2,3,1,0
CUST_03847,443.03356966352214,3,44.73595197913853,7.916198127075146,1981.952849761365,31.515567000381477,2.0,2.0,0,0,10,14,email,1,3,4,1,0
CUST_03848,286.6258819244423,3,29.603251134092556,24.41036501955757,848.5057964140025,25.92887346767257,6.0,2.0,0,0,20,14,in_app,0,2,1,0,0
CUST_03849,535.9297999472029,3,108.32044890324619,0.48900848244578293,5805.215651090794,12.85330240569217,5.0,2.0,0,0,10,14,push,6,6,2,0,0
CUST_03850,114.206005361734,2,44.482561260234185,2.168780692324254,338.6783753193311,12.595536448989296,2.0,,0,0,10,7,push,5,6,5,0,0
CUST_03851,288.1813619342834,4,25.31608259729293,21.157232600126637,972.7497548971584,8.42369482187132,3.0,,1,0,10,30,email,17,4,1,0,0
CUST_03852,999.751206695419,12,26.711399903918718,1.8221662632482414,10681.901714586656,73.22282155077862,3.0,2.0,0,0,30,30,sms,14,3,0,0,0
CUST_03853,659.9506640200242,0,30.38294342200097,17.268857256476533,0.0,52.700191657025954,2.0,2.0,1,0,20,14,email,4,5,1,0,0
CUST_03854,380.94625992516615,6,20.774712729648577,-12.0,1582.8098230758728,10.04804796149473,1.0,3.0,0,0,20,14,push,4,1,2,0,0
CUST_03855,598.3659768520657,5,91.25816083600118,16.279312956596687,9100.963092392796,31.510824065381165,3.0,0.0,0,0,10,14,push,18,5,1,0,0
CUST_03856,828.2487032125152,2,35.672320206421205,25.575372287313353,1969.703530103331,38.69908682092089,4.0,3.0,1,0,30,30,in_app,6,6,4,1,0
CUST_03857,36.62894896789583,8,16.40686163756436,10.74983232697253,160.2576260388461,8.335587216138428,4.0,,0,0,10,30,in_app,5,2,1,0,0
CUST_03858,240.14716773225499,14,42.229593309853655,34.100792816617066,4732.6147063282915,14.81581254989927,,6.0,0,0,30,7,email,2,2,3,0,0
CUST_03859,169.41359216792162,7,78.52568672947774,12.641987887238002,3104.107688801868,9.41035432077767,3.0,2.0,1,0,30,14,in_app,18,3,3,1,0
CUST_03860,77.8751853710907,1,62.58275896223608,10.635276032670046,162.45479850728074,10.19348432825647,4.0,0.0,0,1,10,14,email,22,4,1,0,0
CUST_03861,1095.5046538616227,6,20.99141844429086,10.681504214882441,4599.239319375469,12.137246378041809,1.0,1.0,0,0,20,14,email,20,4,1,0,0
CUST_03862,458.45695508123424,2,17.022861288384018,36.470297862336245,520.2832768695168,1.7321293373966786,4.0,2.0,0,1,10,7,in_app,0,5,3,1,0
CUST_03863,583.7976240802029,4,77.97539834511262,4.189678718183759,6069.580305411218,32.06670139344703,3.0,0.0,0,0,10,30,push,7,3,1,0,0
CUST_03864,175.986264586869,6,12.496064882121109,17.81339570434108,439.82715612792947,31.435495021611175,,,1,0,10,30,email,19,5,3,0,0
CUST_03865,235.96901326970493,1,41.369774744203326,4.168269134183684,325.3994975193206,38.46361547983339,1.0,2.0,0,0,50,14,email,18,1,1,0,0
CUST_03866,298.8148899259579,0,23.54432516826582,1.450554399046237,0.0,7.90151222561837,2.0,1.0,1,0,20,14,push,6,2,5,2,0
CUST_03867,402.5325172812382,5,72.83421474249879,46.10342172430582,4886.356634083384,25.536527802684596,2.0,2.0,0,1,10,14,in_app,18,0,3,0,0
CUST_03868,521.9512341557579,7,17.58699068886634,2.084196921889901,2141.8953488659085,25.295295927826544,0.0,0.0,0,0,10,14,in_app,8,6,1,0,0
CUST_03869,498.6291143700478,3,20.53475129655163,17.384668999939187,1023.9224852808728,49.63321653946205,3.0,0.0,0,0,10,30,push,23,1,2,0,0
CUST_03870,248.89912134057425,5,47.952795412669666,8.289271488984678,1989.2347740063,64.1894342686104,7.0,0.0,0,0,30,14,email,21,0,2,0,0
CUST_03871,850.2362605065468,2,53.37324116352767,27.21940729186273,3025.3243318661243,6.696378948755864,0.0,1.0,0,1,20,7,push,20,5,2,0,0
CUST_03872,737.2274947931577,13,74.87035968085004,,358777.1700615421,27.175408421883198,0.0,1.0,0,0,20,14,push,11,4,1,0,0
CUST_03873,372.93220955653356,14,43.98093664918195,,7654.223678707829,26.76971185759805,7.0,1.0,0,0,30,14,sms,12,1,3,0,1
CUST_03874,307.54146332146155,2,40.841175035616864,,837.356982281437,16.198741070869062,4.0,3.0,0,0,20,7,in_app,16,0,4,1,0
CUST_03875,233.75835897331734,4,62.14495770281335,0.41877597925220106,1936.9204441434488,19.394671351190542,1.0,2.0,0,0,30,30,in_app,5,1,2,0,0
CUST_03876,404.24797392376837,4,14.550632059166396,8.419249906777537,784.2751372304327,41.091752886975385,6.0,0.0,1,0,10,7,push,12,6,2,0,0
CUST_03877,710.8906496615515,17,19.535027983446422,18.070387061344363,118041.78424162493,32.971376544192964,3.0,4.0,1,0,50,30,in_app,18,6,3,1,1
CUST_03878,313.0108307328852,0,15.301059438834097,3.9625345521950335,0.0,19.006097738476374,2.0,3.0,0,1,50,14,sms,2,4,5,1,1
CUST_03879,188.32514384966052,4,6.610022614892335,24.913605697179978,165.9777946398811,15.30571935385433,1.0,2.0,0,0,20,30,push,6,5,2,0,0
CUST_03880,307.64867742745986,1,54.88799435433916,0.8194537775355588,562.8739623252775,10.59907532853549,5.0,3.0,1,0,20,14,push,19,4,1,0,0
CUST_03881,378.08549320979364,14,78.08602231883539,0.5276686941081096,13777.489721896989,20.595664855451414,3.0,2.0,0,0,20,30,in_app,10,2,1,0,0
CUST_03882,106.89389343062436,0,46.22852254174903,0.41754616369011144,0.0,18.97559976180329,3.0,1.0,0,0,20,14,email,5,0,4,0,0
CUST_03883,81.54975480465615,2,41.59768365304621,4.928120839198056,226.15206015650477,12.466413968830345,2.0,1.0,0,0,10,14,push,8,2,2,1,0
CUST_03884,192.5994184468443,0,34.84736285527506,9.441485847236047,0.0,7.039644348155415,2.0,2.0,0,0,10,14,push,16,4,0,0,0
CUST_03885,849.0458592464961,0,34.22944736249382,1.7050409562734403,0.0,29.03140298475168,3.0,1.0,0,0,20,30,sms,14,1,0,0,0
CUST_03886,683.7663720758252,1,91.57277936993916,85.90697128989504,2087.1462376894424,111.94787942808378,3.0,2.0,0,0,20,14,push,13,6,4,0,0
CUST_03887,62.958324932808154,4,83.89038276322165,115.967952174637,704.2130635659408,24.134909891947874,,4.0,0,0,10,14,push,10,3,0,0,0
CUST_03888,131.3099352769061,7,23.312312493285845,11.00336283936141,714.2655904179538,33.37025163671308,3.0,3.0,0,0,10,30,email,17,1,2,3,0
CUST_03889,515.6581753836927,15,64.41080545410598,12.590276431720632,16606.979207729146,19.84930893966417,7.0,3.0,0,0,50,7,email,17,0,2,1,1
CUST_03890,213.7319019209627,6,69.24538371701622,39.220115115232,2959.989512216948,11.025878031379591,10.0,2.0,1,0,20,14,push,17,5,1,0,0
CUST_03891,420.32490792713594,1,48.922430749817714,22.03163124190488,685.4438733496271,24.1206927903516,4.0,2.0,1,0,10,14,push,18,1,5,0,0
CUST_03892,67.07300072887521,0,41.785459813709394,2.757899304152796,0.0,21.90771288575411,3.0,2.0,0,0,30,7,email,7,5,3,0,0
CUST_03893,302.8368739858969,12,40.93411291805547,23.58855778734445,4958.543518195855,33.038526030227644,5.0,1.0,0,0,10,14,push,21,1,3,0,0
CUST_03894,278.93131966073986,1,13.609817169866313,3.9388008334554234,126.54014211774022,23.65505332581964,5.0,1.0,0,0,20,14,push,8,5,5,1,0
CUST_03895,585.7736272484046,1,12.904679436619752,8.438306946579727,251.9740294022217,17.735662224986303,1.0,1.0,0,0,20,14,email,7,6,2,0,0
CUST_03896,402.597086100483,4,52.98319737814269,,2844.1174502302665,21.14357215204132,1.0,3.0,0,0,10,7,sms,15,6,6,1,0
CUST_03897,334.4698977087407,6,17.11187094457052,18.934588565636325,1144.6811448871347,25.69762005929262,2.0,1.0,0,0,20,14,push,23,4,3,0,0
CUST_03898,51.10506551162693,0,14.3884928600494,2.440436489731858,0.0,57.46666056789239,2.0,0.0,0,0,20,30,email,7,0,0,0,0
CUST_03899,1021.2123435549119,6,9.532601855657632,1.1884057465002444,1946.9621362384062,48.42869992425778,7.0,3.0,1,0,30,30,push,6,3,2,0,0
CUST_03900,489.6229256490191,0,24.892729253031472,,0.0,73.17125453961378,3.0,,0,1,50,14,in_app,2,4,2,2,0
CUST_03901,163.20676303670874,1,41.454718291818956,26.29897396421053,225.52301283354706,33.100284746998604,1.0,5.0,0,0,30,7,sms,11,4,4,0,0
CUST_03902,328.04859030003064,3,43.50833321846394,11.111928228501144,1427.2847378621088,63.93679914466254,5.0,2.0,0,0,20,30,email,21,1,2,0,0
CUST_03903,219.24837857533026,0,55.16656507107957,,0.0,35.43084190316512,4.0,,0,0,20,30,in_app,21,5,6,0,0
CUST_03904,254.67948542366645,5,26.18274997648762,,1111.3682151647304,19.01862274533073,5.0,3.0,0,0,20,14,email,18,1,0,0,0
CUST_03905,676.5005471112349,0,35.31710712845724,9.709172240247073,0.0,9.52657550933762,6.0,2.0,0,0,30,7,email,7,4,3,6,0
CUST_03906,130.71818035842227,20,55.00867131807319,4.4605423767745656,4793.755612422041,24.34494025120524,3.0,2.0,0,0,20,14,email,11,2,4,2,0
CUST_03907,504.24281474677946,3,43.745415463002956,9.849116475556388,2205.83114253319,21.94710096546722,4.0,3.0,1,1,50,7,sms,4,0,4,0,1
CUST_03908,696.1485033693917,7,23.31457115097585,45.177312337529585,3787.094223138575,74.3435596459126,2.0,0.0,0,0,20,7,push,13,3,5,3,0
CUST_03909,449.4667177925486,4,39.63794973476192,,2375.4585556412617,7.383280150872126,,5.0,0,0,20,7,push,23,4,2,0,0
CUST_03910,265.0872687116979,4,10.068997564008747,9.397686287507634,355.8884083877091,17.928053741461525,3.0,3.0,1,0,30,14,push,17,3,5,0,0
CUST_03911,152.8904015842375,5,33.1178970595557,3.8345950306898287,843.9014301768183,35.32516609203748,2.0,2.0,0,0,20,30,push,10,2,1,0,0
CUST_03912,172.58175124722374,5,22.850175402272647,33.05663761815531,657.2538812050747,51.70866672651244,1.0,0.0,0,1,30,30,email,15,2,0,0,0
CUST_03913,333.2440558398924,6,82.36380064184729,15.251659276789683,5489.449396055505,52.85151945179134,2.0,0.0,0,0,20,30,in_app,13,1,4,2,0
CUST_03914,312.49955894381065,11,18.42420945290935,7.781353813472937,2111.104353571605,48.88438699671547,3.0,1.0,0,0,20,30,push,15,3,0,0,0
CUST_03915,549.3443124052676,1,35.51684714047061,1.775969375103033,650.3659323728274,30.28033568602427,3.0,2.0,0,0,10,14,sms,2,4,0,0,0
CUST_03916,72.5064851198545,6,25.60276488611054,20.900608672808122,371.2732982483815,6.720693393322621,4.0,4.0,0,0,30,14,email,14,2,2,0,0
CUST_03917,670.6998975138132,1,23.690282721384214,5.7182995508613885,529.6356731101883,10.734220272012687,1.0,0.0,0,0,10,14,email,13,3,0,0,0
CUST_03918,1473.7025365948018,2,41.529296806298085,13.982716551849407,4080.1220030959926,12.305942564888952,1.0,3.0,0,0,50,7,sms,23,4,3,1,0
CUST_03919,285.4294043289343,12,25.766572291058306,12.646204623571457,2941.8149522540784,38.95785418710941,0.0,1.0,0,0,20,14,email,3,4,4,0,0
CUST_03920,251.7219069762559,1,100.6042298285486,18.040757755932553,844.1429527439926,126.82651185023697,1.0,2.0,0,0,20,14,sms,9,4,3,1,0
CUST_03921,271.3565891750715,10,10.127396277448085,11.570559159891454,916.0452370242097,36.09445145691033,1.0,2.0,0,0,20,30,push,20,6,1,0,0
CUST_03922,324.49041638701317,1,48.361424201241604,14.930477979415999,523.0939558709955,14.17126787845854,4.0,1.0,0,0,20,7,sms,10,3,1,0,0
CUST_03923,235.98300266644696,15,31.472783113659823,1.2758933703543271,3713.5209307156465,5.23448676992051,2.0,4.0,0,0,20,14,sms,23,4,1,3,0
CUST_03924,37.58881299749497,14,32.13065287264324,16.416854280832673,563.6181144146987,63.451251919909666,2.0,1.0,0,0,20,7,email,3,3,2,0,0
CUST_03925,266.6128494614302,2,39.69691610725315,3.2386261080817937,705.5805278790739,17.088566785011004,4.0,3.0,0,1,10,14,email,1,4,1,0,0
CUST_03926,339.58522490810276,1,60.25898261432616,7.463230413008898,682.1020054606468,81.53377741329992,2.0,3.0,1,0,30,7,email,17,3,1,0,0
CUST_03927,720.6887801883778,4,38.824202597223106,10.778037100929195,3730.6889615438895,47.86147327818881,2.0,4.0,0,0,20,7,email,22,2,2,0,0
CUST_03928,129.12817799955508,5,60.38845726687286,17.417396372559967,1299.6419098458807,9.17682746999081,8.0,4.0,1,0,30,14,email,2,5,5,1,1
CUST_03929,919.6547218164148,2,34.050380874380465,20.346801537059285,2087.6395700514227,38.7291681598942,3.0,2.0,0,0,50,30,email,16,3,0,0,0
CUST_03930,222.89496196529464,4,17.80597686419221,18.307767529046373,529.1816714532052,4.9018125883940895,,4.0,0,0,30,14,push,10,2,3,1,0
CUST_03931,144.00668505669233,3,31.390762224418996,1.4990530705769771,452.04796093414217,18.235759737632602,2.0,4.0,0,0,20,7,push,11,4,1,0,0
CUST_03932,489.7137118617317,8,66.13880057123062,7.3385055219991475,8637.087340218712,63.42531863639317,,3.0,1,0,20,14,email,16,5,7,0,0
CUST_03933,202.0964893708195,5,25.883126322793085,,871.8148272963218,43.72450140383437,1.0,3.0,0,0,20,7,push,6,2,2,0,0
CUST_03934,289.753304854647,3,17.293277390770154,7.622974282788494,501.0784275743799,24.64152351302032,4.0,0.0,1,0,10,14,push,12,4,3,1,1
CUST_03935,305.39548696658113,4,48.02264613946617,15.613920535539284,1955.4532537581438,6.188438996184891,4.0,1.0,0,0,20,14,email,15,2,1,0,0
CUST_03936,469.9048965173679,6,40.52693895932735,3.21500074343939,3808.761411569681,27.261083307030663,8.0,4.0,0,0,20,30,sms,5,1,3,0,0
CUST_03937,283.05321824172313,0,20.852540487493698,10.460321354328713,0.0,22.254262609147194,5.0,1.0,1,1,20,14,email,9,0,2,0,0
CUST_03938,259.12521524587436,6,28.793953416884385,32.42560500409921,1492.247875385969,30.85778424829315,7.0,6.0,0,1,10,14,push,11,4,2,0,0
CUST_03939,218.11506035309395,2,29.6955571399378,19.7027340008893,431.80321585308553,23.08650348650679,,3.0,0,0,20,30,in_app,3,3,1,0,0
CUST_03940,436.635379730067,3,33.24249945490964,19.384691107682666,1451.4851372671014,28.66698944208664,7.0,5.0,0,0,30,30,in_app,23,0,4,0,0
CUST_03941,193.2718368930297,5,48.81020578302635,28.328983697512633,1572.2730218020472,3.6474514651462937,2.0,,0,1,10,7,email,0,2,2,0,0
CUST_03942,737.0648023864605,2,25.968338367970148,7.643521037475354,1276.0232124995105,35.347509681884034,2.0,2.0,1,0,20,30,email,4,5,2,1,0
CUST_03943,308.03473124525624,2,50.34737972603031,21.37445719815822,1033.9161055207073,49.675404367567936,3.0,2.0,0,0,50,30,push,15,4,1,0,0
CUST_03944,54.39676987881823,5,24.044503933006506,0.9074711351774536,217.99055788234915,35.57003621219895,5.0,2.0,0,0,30,30,in_app,2,0,5,0,0
CUST_03945,377.8832737674817,5,89.99773000344203,0.871222618896328,5668.106140890431,54.553898658851864,3.0,1.0,1,0,10,30,push,22,3,3,1,1
CUST_03946,424.69123577520196,3,91.1687578775513,6.047486086808368,3871.8572447107445,6.43514588919197,0.0,4.0,1,0,20,7,email,23,2,0,0,0
CUST_03947,742.7151095324454,1,19.809392723951444,,490.42450955802747,12.065492618213675,6.0,3.0,0,0,10,14,push,11,0,3,1,0
CUST_03948,159.1473824562349,1,15.874257358355763,,84.21155023396487,22.49064790418837,3.0,2.0,0,0,10,14,push,13,6,1,0,0
CUST_03949,138.91024415452333,2,59.556455123098104,3.0354603804229696,551.5334481418313,22.56434642031311,4.0,4.0,1,1,30,7,sms,21,0,1,0,0
CUST_03950,481.137193711112,4,38.65708545865452,55.681531100972364,2479.914881950356,29.961603440626327,2.0,1.0,1,1,30,7,sms,6,5,0,0,0
CUST_03951,661.398873644716,0,46.10866642781966,28.567721996810185,0.0,5.121298411464518,4.0,2.0,0,1,20,30,sms,10,2,0,0,0
CUST_03952,153.53333824793015,7,22.357165678365373,60.712228716919235,800.9330654176799,14.713622199465885,1.0,4.0,0,1,10,7,in_app,21,6,3,0,0
CUST_03953,367.81305791375536,0,30.585547953892668,24.735396375922143,0.0,4.6992708051404,3.0,7.0,0,0,10,30,in_app,9,4,2,0,0
CUST_03954,286.8873831487981,4,26.926192084218705,,1029.9713046937848,35.66666608877396,2.0,0.0,0,0,20,14,email,22,0,2,0,0
CUST_03955,158.4403708455206,4,39.74645247997415,6.885485976616172,839.6590227627955,35.42086120192485,4.0,3.0,0,0,50,14,email,16,3,3,0,1
CUST_03956,273.8439756666256,2,15.682853644597895,10.334491338884419,286.3103327889678,16.72829022612673,3.0,2.0,0,1,10,14,push,17,2,2,0,0
CUST_03957,629.4452539797542,5,31.199414617678055,4.112484313958779,3273.0539096740026,14.26798942026759,4.0,2.0,1,0,20,30,sms,15,1,2,1,0
CUST_03958,309.0488976185487,4,15.588491834387726,15.151031418461486,9635.21243390655,15.024282003440673,3.0,2.0,0,0,20,14,email,17,2,2,0,0
CUST_03959,262.5400379144165,2,24.30450523403605,23.283838862271494,425.39371504233054,34.23064117139738,6.0,3.0,0,0,10,14,email,20,1,2,0,0
CUST_03960,463.2737599661562,0,31.23662587692414,10.359520198080642,0.0,50.868188604219824,2.0,2.0,0,0,20,30,email,22,6,0,0,0
CUST_03961,669.039300458477,6,44.90100770731985,5.2725999512655575,6008.107757277191,16.63392178869737,1.0,0.0,0,0,20,7,push,6,4,3,0,0
CUST_03962,127.01479542900111,2,47.19047875757428,,399.5926003726613,37.28440081079781,0.0,1.0,0,0,10,7,email,23,6,1,0,0
CUST_03963,379.16339625083197,1,52.276601990971024,0.9744026680365132,660.7124651783192,9.99737725318306,,2.0,0,1,10,30,email,19,2,4,7,0
CUST_03964,224.07783118436785,0,13.603484352176396,19.154575973487173,0.0,26.84031031745985,2.0,3.0,0,0,20,30,email,11,0,3,1,0
CUST_03965,310.11100592280354,6,70.70044292073332,9.01144565585206,4384.997094667273,38.973767625396235,80.0,2.0,0,0,10,14,in_app,10,0,1,0,0
CUST_03966,489.5911258484069,3,22.491114689021707,34.27622049665142,1101.1450162183778,26.612968191496517,1.0,,1,1,30,14,sms,10,6,2,0,0
CUST_03967,238.8947162472463,14,23.498228635503757,38.50808883073773,2619.681242356074,12.00454994918919,4.0,0.0,1,0,30,14,sms,14,0,2,0,1
CUST_03968,281.3690310063677,4,38.9098926919657,2.0116272786217704,1459.7385071066851,48.11826963981045,2.0,2.0,0,0,10,30,email,16,2,1,2,0
CUST_03969,594.3082994302213,4,27.053033072606006,83.24399944276986,2143.712277308001,41.802044632120825,2.0,2.0,0,0,50,14,push,16,0,4,0,0
CUST_03970,417.2361779823103,5,41.144715227031526,52.50988720054022,2861.1772875828665,15.47747039431496,2.0,2.0,0,1,50,30,in_app,7,1,2,1,1
CUST_03971,276.396859913538,16,45.990531557896254,14.797938536580604,101693.108066856,7.72074149089676,3.0,0.0,0,0,10,7,in_app,12,3,2,0,0
CUST_03972,333.6363363688683,3,20.94907729286706,26.18296066902882,698.9373398300414,55.404982036180414,,1.0,1,0,10,14,push,12,0,2,0,0
CUST_03973,315.36547075112804,10,29.658962867288114,0.2791358851226939,3117.8042622108474,11.590270045257522,1.0,2.0,0,0,50,14,sms,6,4,5,1,0
CUST_03974,49.85417138773176,6,30.190576115656718,52.79238769470289,301.02523119286224,39.344517723096935,2.0,4.0,0,0,10,14,email,9,3,3,0,0
CUST_03975,337.93789981619443,3,58.8483354914615,9.140749041713061,1988.7082903663313,6.003234107169058,3.0,0.0,1,0,10,14,sms,13,5,2,0,0
CUST_03976,91.03686744406166,1,25.050712736393532,36.06930422468796,76.01794715874416,73.82308752627902,4.0,1.0,0,0,20,14,push,21,1,0,0,0
CUST_03977,656.2759694474288,6,24.404870424007232,7.29504073822873,3203.265999350846,59.36286108967046,0.0,4.0,0,0,10,30,email,9,6,1,0,0
CUST_03978,88.89428321098414,0,17.93993488986004,23.280026189170993,0.0,27.05228074554613,2.0,1.0,1,0,20,14,in_app,7,0,1,0,0
CUST_03979,215.01730631531765,4,19.18812512206913,8.117877108106681,550.1038635984773,11.936559857009346,3.0,1.0,1,0,50,30,in_app,4,3,0,0,0
CUST_03980,182.4890353989593,3,14.726322724427112,6.757877337353011,268.7392428954478,11.252640514034507,3.0,3.0,1,0,30,7,sms,14,6,5,2,0
CUST_03981,825.9381738389607,0,21.718441068771014,43.99863225904127,0.0,19.3060322981785,4.0,0.0,1,0,10,7,push,17,0,2,0,0
CUST_03982,637.6645522075117,2,86.15422523053698,18.01523441113734,3662.4996968276982,8.51736911701553,2.0,0.0,1,0,50,14,email,6,4,3,0,1
CUST_03983,21.08676998301101,8,50.12622907384683,27.496326108239522,281.86673669224723,36.30887722243135,3.0,4.0,0,0,30,30,push,14,2,4,2,0
CUST_03984,297.21002500662877,5,71.26517688280987,11.757837989842182,3530.1208339069576,20.192893435445814,2.0,1.0,0,0,50,7,push,23,6,1,1,0
CUST_03985,107.65439580307512,5,18.725936804366636,37.57947136706167,335.98823542010956,25.42428694172839,3.0,1.0,0,0,10,14,push,16,0,3,0,0
CUST_03986,338.90158727718205,1,10.2919448824317,20.20382355970523,116.26521522751247,41.95293201594691,2.0,3.0,1,0,10,30,push,14,1,2,0,0
CUST_03987,481.7114921278563,12,40.038007856979014,1.1235633098569229,7714.707402644878,25.83092770057305,2.0,1.0,0,0,20,30,in_app,3,0,3,1,0
CUST_03988,360.6403216477179,1,100.70130274273863,21.842434781237735,1210.5650070495158,16.4234961544772,2.0,2.0,0,0,50,14,in_app,23,1,2,0,0
CUST_03989,502.56797340463515,5,24.749333634625785,0.28331583685149836,2073.0370746448425,27.045725960812334,2.0,2.0,0,0,20,7,sms,11,0,1,0,0
CUST_03990,244.14326448810198,5,35.20153934955832,26.497422850627707,1432.3697886345908,11.89318343868367,79.0,2.0,0,1,20,30,email,11,5,4,0,0
CUST_03991,369.2299125232869,2,12.913572709434941,6.048999073284442,317.87182145785124,62.43166972772324,1.0,2.0,0,0,20,14,email,18,6,3,0,0
CUST_03992,490.025264512845,14,33.68066231933262,13.680176392910987,7702.041882266098,13.030779833031536,4.0,2.0,0,0,30,30,push,11,2,2,0,0
CUST_03993,208.27151430213937,11,30.7228700128066,20.757083013364806,2346.1895091341735,23.53283088210127,,4.0,0,0,30,14,push,11,4,4,0,0
CUST_03994,142.11596383744705,1,9.432615202633329,15.19883886571757,44.68417336766639,13.10154373850581,,4.0,0,0,50,7,sms,19,4,2,0,0
CUST_03995,173.98478003479698,6,17.771537911742154,16.73806592789932,618.3954228909028,9.692508059701787,2.0,4.0,0,0,20,14,email,6,2,2,0,0
CUST_03996,273.48161517052927,4,16.944815560458775,33.477111313487015,617.8794037654643,23.404509150685328,4.0,2.0,0,0,20,7,email,6,5,3,0,0
CUST_03997,303.5057011176279,6,12.834849515603427,7.02540229995803,779.090000194493,16.89901637526252,4.0,2.0,0,1,10,30,email,8,2,0,0,1
CUST_03998,385.1252608959666,2,21.43633093648164,11.8827543580622,550.3781696376515,58.13452806227114,4.0,5.0,0,0,20,7,email,12,2,3,0,0
CUST_03999,159.25512256454027,7,44.93703195669691,2.884282159224338,1669.838924121767,10.722914724715116,2.0,2.0,1,0,20,30,email,14,3,0,0,1
CUST_04000,500.0726859487671,0,22.648429800846067,9.453799352367994,0.0,48.573977681317295,3.0,3.0,1,0,20,14,email,19,3,4,0,0
CUST_04001,952.6905929555771,3,65.96297251068523,2.4384257942774075,6284.230339431715,39.943652525674615,3.0,2.0,0,0,10,30,in_app,9,5,5,1,0
CUST_04002,183.65829095656255,8,26.63814476166653,15.059852978210035,1304.6176376483158,13.954210881490264,2.0,1.0,0,0,20,14,push,6,2,3,1,0
CUST_04003,1306.8890564230278,4,40.27499886885677,5.879012274536216,7017.994035887831,20.798190193554753,5.0,6.0,0,0,10,14,push,10,5,2,3,0
CUST_04004,1037.3488675887882,5,44.6336388583262,29.386471391209778,7716.775787675269,30.976684656922004,2.0,2.0,1,0,50,30,sms,5,0,6,0,1
CUST_04005,302.769240844718,9,83.1235434765246,6.314262608265858,7550.175646413079,19.028955516981398,1.0,2.0,0,0,10,7,push,7,0,5,0,0
CUST_04006,267.0904206898352,3,21.54909958227541,5.070613731777611,575.5558072917091,40.874821880945774,,2.0,0,0,10,30,push,3,1,2,3,0
CUST_04007,171.82170721097935,2,43.181652936401946,10.137591309196596,494.6363551816388,7.588671719547489,2.0,3.0,0,1,20,14,push,3,4,5,2,0
CUST_04008,552.3758430575659,3,18.765572639203906,,1036.5649007038248,6.218116095185603,0.0,1.0,0,0,50,7,email,6,5,2,0,0
CUST_04009,318.5992887556326,2,93.0612066647427,3.418688473370016,1976.615616941864,23.500354104741287,1.0,2.0,1,1,10,14,sms,8,1,4,2,0
CUST_04010,344.56492996282356,2,17.746470188313616,22.927969660443352,407.65408383490785,27.478470434565043,4.0,,1,1,50,14,push,22,4,2,0,0
CUST_04011,144.89486353963167,6,41.68768400145003,10.31419989015466,1208.0662569346778,42.35953370687105,4.0,2.0,1,0,10,7,in_app,11,0,2,0,0
CUST_04012,563.2587024808784,3,84.40918477581194,3.4665385586566457,4754.420789429255,27.523247713593573,4.0,1.0,0,0,10,7,sms,4,5,1,0,0
CUST_04013,250.52711863535166,5,16.152696187001215,0.4804551816964792,674.4480723202743,22.659182105461518,,0.0,1,1,10,14,email,6,5,0,0,0
CUST_04014,115.5942601265783,1,47.32592885447358,9.423809330884799,182.35352435786524,49.87881411769708,2.0,,1,1,10,7,sms,7,5,1,0,0
CUST_04015,284.6467140395883,2,18.253046901178713,20.3586157110888,346.37798810873403,19.275128152031623,4.0,3.0,0,0,30,30,email,21,0,0,0,0
CUST_04016,153.54555095233573,5,133.89001388895127,6.489231932489221,3426.3693249324842,10.63197134314044,1.0,1.0,0,0,20,14,email,9,3,5,1,0
CUST_04017,743.4403554915392,5,10.645926447596956,4.2745716363267325,1319.1018904563766,26.846443564279376,4.0,4.0,0,1,30,30,in_app,22,2,0,0,1
CUST_04018,1028.491404570332,10,13.324632552275306,7.5721453497842575,4568.090016357732,43.4024962350732,1.0,5.0,1,0,20,30,email,4,2,5,1,0
CUST_04019,290.99537568943697,3,16.896171706583086,47.960217650404985,491.670783347038,26.10404218709978,,1.0,1,0,20,7,email,20,1,2,0,0
CUST_04020,625.6441496228067,1,17.225799152691046,8.25290966173494,359.24068208195513,6.610475180184651,2.0,0.0,1,1,20,14,in_app,10,3,6,0,0
CUST_04021,615.1038697128446,12,45.26445106202537,4.50924212143145,11136.935603471793,39.501585206410645,3.0,1.0,0,1,20,14,push,21,2,2,0,0
CUST_04022,4.004555406091952,1,97.49568920124051,12.633151276203586,13.014229642049616,19.78999752843095,3.0,1.0,0,1,20,14,sms,17,3,2,0,0
CUST_04023,174.22021622267724,0,66.22628584687337,24.96979977904997,0.0,34.91245660163649,7.0,1.0,0,0,20,14,sms,7,3,4,0,0
CUST_04024,329.31274152060234,0,38.10484243365142,,0.0,45.34549788958796,5.0,4.0,0,0,30,14,email,9,4,5,0,0
CUST_04025,212.79375219074745,2,33.306405551970755,12.250132240709878,472.49300062604004,54.13963134137914,2.0,7.0,1,0,20,14,email,16,1,4,0,0
CUST_04026,162.55570414445612,12,23.015838901190584,27.146934215361174,1496.5423596233602,20.31867313972051,7.0,1.0,1,1,10,30,email,7,6,3,0,0
CUST_04027,643.3626854647966,8,41.87310746763895,3.642997066602943,7183.891965102995,52.64729005824215,,1.0,0,0,10,7,push,16,6,0,0,0
CUST_04028,205.89553431106083,5,29.216035107069025,38.204854862217076,1002.5751931367813,27.763178686613966,1.0,3.0,0,0,20,7,in_app,13,5,2,0,0
CUST_04029,385.87113798205246,0,37.10109721123341,12.930434215973166,0.0,3.1192431515404397,,1.0,0,0,50,30,email,9,5,5,1,1
CUST_04030,605.5373336359789,3,21.230886698658747,10.90758605271953,1285.6094522233388,18.3455029623354,4.0,0.0,0,0,20,14,in_app,16,6,2,0,0
CUST_04031,772.8741318920049,2,16.10134547923232,49.723169612972235,829.6208939703292,33.63612450269371,3.0,2.0,0,0,10,30,sms,22,2,0,0,0
CUST_04032,116.15107122626519,8,33.625395713302666,2.0829273013158187,1041.5001953352453,14.021055289903117,4.0,4.0,0,0,20,14,push,21,0,3,0,0
CUST_04033,126.03353545447847,1,33.18247567032024,20.21425113346777,139.4034907954225,43.16858859721502,2.0,3.0,1,0,20,14,email,12,6,1,0,0
CUST_04034,355.1024812182767,12,23.16031567026388,25.603387331881244,3289.714224123695,29.326072017302312,2.0,3.0,0,0,20,30,sms,17,0,2,1,1
CUST_04035,36.9201147300296,1,20.907207255993878,10.057772894213393,25.729883019193377,19.002182626438206,,2.0,0,0,10,7,push,9,0,3,1,0
CUST_04036,131.86683325894737,2,46.29545413508872,0.09745102915370485,406.988995405266,44.12293367952197,55.0,2.0,1,0,20,30,push,7,4,1,0,0
CUST_04037,691.6411066937978,6,43.50904804294289,11.145669306382196,6018.529227922928,22.587275171491612,,0.0,0,1,10,30,push,15,6,5,1,1
CUST_04038,473.18003772597206,5,102.0976893819813,2.4998875417265984,8051.764752250081,23.39521615054444,4.0,3.0,0,0,30,30,email,8,0,4,0,0
CUST_04039,273.47891251637685,17,75.83484593146171,,11752.231011170443,62.44283228591375,1.0,2.0,1,0,10,7,email,7,5,2,0,1
CUST_04040,424.36362491480253,4,16.178683040769222,20.12662060042478,915.4192775371289,19.07342527732154,3.0,,0,0,50,14,push,17,3,1,0,0
CUST_04041,496.30015328266046,15,29.532888432468233,11.359572368130738,7328.588527956847,26.248954895832,4.0,,1,0,20,14,email,20,1,1,0,0
CUST_04042,80.43076803592858,2,14.601711827750895,14.946333328369688,78.29512646302047,14.067929613974808,2.0,6.0,1,0,10,14,email,11,4,5,1,0
CUST_04043,202.8464309556053,5,10.984206612000463,1.646311304590447,371.3511846872092,35.695057703234426,1.0,2.0,0,0,50,7,email,2,5,1,1,0
CUST_04044,755.1355206733723,11,123.63002702146544,1.5312504849214026,34231.05576942971,19.84467581822648,7.0,5.0,0,0,20,30,push,16,6,3,0,0
CUST_04045,359.77082526705584,3,80.49361803931845,28.551171731126804,2895.925539073677,21.75778642356225,3.0,1.0,0,0,20,14,email,17,0,1,0,0
CUST_04046,375.63284546148645,5,22.69438757991813,0.7588220007137805,1420.7928971084107,24.76553207539645,2.0,3.0,0,0,20,30,push,22,5,3,0,0
CUST_04047,291.5796000792737,16,69.8273441721518,5.017412154719541,10858.788847100706,11.375094486661013,5.0,1.0,1,0,20,14,email,12,5,1,0,0
CUST_04048,50.267474910476224,6,76.32741564556551,41.63608415456692,767.3572901889909,44.68790309977294,10.0,0.0,0,0,20,14,push,13,2,6,0,0
CUST_04049,181.1169319589001,4,10.46170552994,,252.6389344853589,13.525000303616716,2.0,2.0,1,0,10,14,push,16,5,3,2,0
CUST_04050,406.2725594605317,2,55.166848058348954,16.837670247876858,1494.185103869046,61.880875878590736,2.0,2.0,0,0,20,7,sms,11,4,3,0,0
CUST_04051,206.8724813011463,11,24.65569329919471,3.7594627459549583,1870.2142987016339,26.266597013125125,4.0,1.0,0,1,50,30,email,6,2,3,0,1
CUST_04052,120.1809118832104,7,41.67314918724107,4.7312035123411995,1168.60731641913,16.133490593103268,3.0,0.0,0,0,10,30,sms,19,6,0,0,0
CUST_04053,135.63296207428888,5,201.52578077044163,10.669683992483975,4555.589763371461,25.955594071018623,5.0,0.0,0,0,20,30,email,14,2,4,0,0
CUST_04054,765.5119172914546,4,85.73125342995984,15.245812227409813,8750.439491329085,19.202778716831943,1.0,3.0,1,0,50,14,email,8,3,5,1,0
CUST_04055,197.65980877854557,3,30.66349081366462,48.4570622240108,606.0939730711638,25.357840767103863,2.0,,0,0,30,14,email,23,3,2,0,0
CUST_04056,665.7873237750923,0,77.71156611910307,,0.0,2.9173272920843543,2.0,4.0,0,0,50,30,push,19,1,3,1,0
CUST_04057,376.91050016986213,6,10.451372576478683,1.5133760322945338,787.8464130524322,13.17573964583272,2.0,3.0,0,0,30,14,sms,9,4,2,1,0
CUST_04058,249.44622384474806,2,44.79711314629887,6.857361184901542,744.9647142326784,61.22888213451614,7.0,2.0,0,0,10,30,in_app,0,0,1,0,1
CUST_04059,155.8301911629503,4,45.44423790494063,4.199034052069715,944.2112373308654,8.776869412161396,2.0,3.0,0,0,10,14,email,22,4,1,0,0
CUST_04060,482.1524291750914,2,50.572897930249894,4.403514789747754,1625.5897058329294,37.96680729104371,3.0,4.0,0,0,50,14,email,4,1,1,0,0
CUST_04061,611.6360483766264,1,24.407926899889954,10.559708234668895,497.6255986038084,34.078635359772925,3.0,0.0,0,0,50,14,email,8,5,3,1,0
CUST_04062,514.9331818164559,15,41.6451227981956,5.711582087751114,10722.227794805944,18.531629083924884,3.0,2.0,0,0,20,7,email,6,2,1,0,0
CUST_04063,89.4198111216629,5,55.34485041589851,,824.8210117910552,41.271985595028006,2.0,1.0,0,0,20,30,email,21,3,1,0,0
CUST_04064,197.19899604710244,4,8.217145393389524,51.63918122060799,216.05504292659822,7.095810736738274,1.0,3.0,0,0,20,14,push,8,1,1,0,0
CUST_04065,217.54640307879842,1,27.39317614904666,13.15455850925851,198.64289800430106,64.55047769671063,4.0,2.0,1,0,30,30,push,7,1,1,0,0
CUST_04066,39.10810477679392,1,19.259657814862887,4.552677149023227,25.106957192961858,58.100207012721164,,,0,1,20,30,email,10,1,3,0,0
CUST_04067,421.33069763571496,1,49.26844081345689,4.841753273600673,691.9435513119241,34.01310680852146,1.0,,0,0,20,14,push,23,4,0,0,0
CUST_04068,464.98021664758807,16,75.69430994020259,24.992355339553495,18771.390205325373,40.77084798936141,3.0,1.0,1,0,10,14,sms,12,4,1,0,0
CUST_04069,453.6545794011775,0,22.940143852812902,32.636092066540805,0.0,126.58781586680178,4.0,2.0,0,0,20,14,push,1,5,4,0,0
CUST_04070,402.04729993932625,2,17.23227155281307,17.046170596537856,461.87921664198376,38.14255607020625,2.0,3.0,1,0,10,30,push,14,3,3,0,0
CUST_04071,233.04855221202013,2,35.52719172128697,8.469906505384863,551.9707063203197,22.25012822765377,5.0,3.0,1,1,10,7,email,12,0,4,0,0
CUST_04072,150.4404067669723,0,16.577948239497875,21.69538028039234,0.0,17.74598104186648,6.0,2.0,0,0,20,30,push,3,4,2,0,0
CUST_04073,232.38038854366695,5,28.90863136833973,41.560511511533356,1119.6331649400709,16.537806436135764,2.0,2.0,1,0,20,14,email,20,3,1,0,0
CUST_04074,379.13462776239265,1,27.136255246643348,2.7264359099127686,342.94313439338,32.023636195095406,4.0,1.0,0,0,10,14,sms,4,4,4,1,0
CUST_04075,707.729132212664,7,46.90206235600481,29.675563232856344,7745.256374379892,6.710378432804524,0.0,1.0,1,0,10,14,email,3,5,3,0,0
CUST_04076,318.49484667448945,5,40.009517001554315,28.33952127963163,2123.8041638217364,12.889383521774961,3.0,0.0,0,0,20,30,push,17,5,1,0,0
CUST_04077,310.3561477437015,3,36.48269899752405,6.847475653027023,1132.2629920164563,12.448539502481172,2.0,3.0,0,0,20,30,email,11,4,2,0,0
CUST_04078,43.661102660576404,0,88.42107151331436,5.1751368829071716,0.0,18.830202372923296,4.0,5.0,0,0,30,30,push,2,5,1,0,0
CUST_04079,397.63058462299136,3,38.93282465421992,,1548.0881828281877,10.486634133442061,6.0,0.0,0,0,10,7,email,12,1,6,0,0
CUST_04080,742.3481839613492,4,25.772224296142813,4.7678678202958,2550.9285203848235,53.396822005408026,2.0,1.0,0,0,30,30,push,9,0,5,0,1
CUST_04081,275.18724457008426,3,27.740286784577663,2.356428002883155,763.3773083831849,24.545795693149707,4.0,3.0,0,0,10,14,push,17,6,4,2,0
CUST_04082,259.22314166082583,5,20.934890097262674,45.8893189546757,904.4679968894236,38.10867904042716,4.0,1.0,0,1,10,7,email,2,6,3,0,0
CUST_04083,220.92828274438077,3,17.972058150183088,10.14039248047124,397.0535944502102,60.3073806435088,4.0,0.0,0,0,20,14,in_app,9,2,1,1,0
CUST_04084,493.66299729915033,9,14.388000314745142,9.587161800772762,2130.847008155462,0.9129788174611844,1.0,1.0,1,0,30,7,push,11,4,5,2,0
CUST_04085,41.18652399991443,0,65.4011255149671,2.0218938744560764,0.0,39.691977123795866,3.0,2.0,0,0,10,30,email,12,2,0,0,0
CUST_04086,666.2312646053183,6,21.52071082453445,10.522313936920384,2867.55407756699,37.77363410056617,,2.0,0,0,10,14,sms,16,2,1,1,0
CUST_04087,250.29315190207524,21,40.026802215076025,20.370444893006052,7012.9041408806415,31.477802643879087,2.0,1.0,0,0,20,14,email,9,1,1,0,0
CUST_04088,402.8820964756948,5,27.662570657041357,4.276207961021508,1857.4590767026434,9.268797067060056,0.0,,1,0,20,7,sms,6,5,0,0,0
CUST_04089,520.8904874178035,3,32.53985360467754,,1694.9700204644453,26.682168596067573,1.0,2.0,0,0,20,14,in_app,10,3,7,0,0
CUST_04090,134.1098396071139,1,66.17353905246625,2.956934911165922,295.81742361871125,35.24127442251348,1.0,2.0,0,0,20,30,email,8,0,0,0,0
CUST_04091,295.3951467133449,2,36.81825776345738,6.579335305514331,725.0623102510829,10.476843809385288,0.0,4.0,0,0,10,14,push,16,3,1,0,0
CUST_04092,246.0058868804566,0,19.03720362367845,29.62963409405148,0.0,30.202940596316296,2.0,1.0,1,0,20,14,push,2,0,3,0,0
CUST_04093,106.08918860889645,0,23.606745010528332,4.058639707805372,0.0,12.407140491224073,1.0,2.0,0,1,20,14,push,22,4,1,0,0
CUST_04094,608.3420223938301,8,55.476949866980185,0.4498010962685064,8999.722634218626,57.207254606997346,0.0,1.0,0,0,10,30,push,21,1,3,0,0
CUST_04095,230.33766991065937,19,44.25229004131716,11.525277805684759,6455.5472716741915,7.464261129491984,4.0,3.0,0,0,20,14,email,8,4,1,0,0
CUST_04096,101.87522599889688,2,57.59570462758629,,391.17169503340426,69.43655654273299,0.0,3.0,1,0,30,14,in_app,4,5,2,1,0
CUST_04097,309.3236129178789,8,28.700057892781437,5.982796529886888,35510.42239338976,38.966823884076106,3.0,2.0,0,1,20,7,in_app,15,4,4,0,0
CUST_04098,75.95200112123662,1,14.33026466194262,15.39027581431425,36.280409255716116,29.405490340193825,3.0,1.0,0,0,20,30,push,22,2,3,0,0
CUST_04099,206.92850445508114,23,44.87984435644371,0.5795848591652212,7119.971289189379,44.5495696266014,2.0,1.0,0,0,10,14,email,22,1,4,0,1
CUST_04100,373.6231998011778,5,38.539794966934835,6.245777281311404,2399.8935858712534,28.19987187702179,0.0,1.0,0,0,10,14,sms,4,3,1,0,0
CUST_04101,67.80357653370945,3,39.150192221470014,2.342297985212975,265.45230545978785,53.7773451284582,2.0,2.0,0,1,10,14,email,10,0,2,1,0
CUST_04102,471.77911251624175,1,14.453748825686196,3.916694450987243,227.29922645049683,47.898441103834905,1.0,0.0,0,0,20,14,email,13,4,1,1,1
CUST_04103,321.6881737177299,1,22.55304568036908,7.231978193992103,241.83493588968224,9.470673343726729,1.0,2.0,0,1,20,14,push,19,0,1,0,0
CUST_04104,522.9667552936353,5,18.858788703156517,,1643.7532561430046,8.744155550997554,4.0,2.0,0,0,30,7,push,11,0,1,0,0
CUST_04105,518.9462459406893,9,42.08199537253715,1.4674917142594541,6551.4880560814845,6.757905004494045,2.0,3.0,0,0,20,7,push,11,6,2,0,0
CUST_04106,201.01027456403327,2,42.960300477531135,1.602410230026468,575.6974529561269,16.577596568120963,5.0,1.0,0,0,50,7,email,13,1,3,0,0
CUST_04107,205.65559467822555,4,32.262554853263566,16.81493261519065,884.6633205582388,30.752975683904065,6.0,,0,0,20,14,push,22,6,2,0,0
CUST_04108,424.56905717879414,1,59.178057993781124,7.766051832107339,837.5057429363884,28.65577803514284,3.0,1.0,0,0,20,14,email,7,0,3,0,0
CUST_04109,115.43617201094972,5,80.99820500072119,2.9132758211100915,1558.3537875069032,22.801254489212674,4.0,4.0,0,0,20,30,in_app,15,0,1,1,0
CUST_04110,116.16733523638149,5,40.92879393765776,4.016565882180231,792.4314876961112,39.28260838467551,4.0,3.0,0,0,30,30,push,23,2,2,0,1
CUST_04111,178.28745142330976,0,49.533173555850766,19.097498730063485,0.0,34.06781885573975,1.0,1.0,0,0,20,14,email,10,5,4,1,0
CUST_04112,83.13082595002192,2,23.92849423262207,0.7971965195242167,132.61303261988058,12.871494330774528,2.0,2.0,0,1,10,14,sms,8,2,3,0,0
CUST_04113,100.74297926518511,8,21.428952131680052,10.661821581828896,575.6843947403968,33.43922954682378,2.0,4.0,1,0,20,30,push,8,6,1,0,0
CUST_04114,104.06739948598582,5,60.694090133780925,6.7018375042616025,1052.712687398435,81.55941885669003,1.0,1.0,1,0,10,7,email,15,4,7,2,0
CUST_04115,231.01903386834962,5,19.592652936794043,25.00180668761956,754.3792920626737,10.223774844956592,4.0,0.0,0,0,20,7,email,11,3,2,1,0
CUST_04116,222.49785887040434,0,50.31171800996518,23.417362417364714,0.0,22.131676972074732,5.0,4.0,0,0,20,14,email,20,0,4,1,0
CUST_04117,578.668566593443,5,92.91477730138604,17.5291636691362,8961.143499390339,46.57014405550684,4.0,2.0,1,0,20,14,sms,7,3,4,0,0
CUST_04118,234.3712063883244,2,49.01317437956977,,765.818453884072,57.680232589951565,7.0,1.0,1,0,10,7,push,23,2,1,1,0
CUST_04119,278.3856525889388,2,31.54580210775267,14.963987059356043,585.4599137472165,36.59236521041662,4.0,0.0,0,0,30,14,email,21,0,2,0,0
CUST_04120,908.4838089275208,12,14.817448552049541,15.31846780308046,5384.564839661418,11.146270605641766,4.0,3.0,0,0,50,7,email,9,5,6,0,0
CUST_04121,22.256929928672918,6,36.524441794553496,6.056495387988399,2438.765825115809,14.489381372084248,2.0,2.0,0,0,20,30,email,20,3,2,0,0
CUST_04122,347.73707871406725,7,60.67050590989963,31.800813498293962,4922.723047483045,33.509133961603254,4.0,4.0,1,0,10,30,email,23,0,0,0,0
CUST_04123,250.5916918773086,0,29.7438989685918,62.85377997155621,0.0,12.924223359769524,4.0,3.0,0,0,10,30,in_app,23,5,2,0,0
CUST_04124,374.043603827239,7,61.12349688847398,5.662788222100272,5334.665712760495,24.704237031495737,1.0,3.0,0,0,10,7,email,8,5,1,0,0
CUST_04125,187.98171254592836,2,41.22374468044806,24.233899852765873,516.6206748391153,48.11870327947185,1.0,0.0,1,0,20,14,sms,11,1,2,0,0
CUST_04126,233.16742434166144,1,39.44093866019641,,306.5447360338485,12.503070424176666,1.0,4.0,1,0,30,14,email,11,6,6,2,0
CUST_04127,685.7484633742527,2,27.383127606256043,9.344592221864163,1251.8625118914106,10.61611429512216,3.0,1.0,1,0,10,30,email,16,1,4,1,0
CUST_04128,420.4066126563503,6,13.823550583098916,7.3301633170244145,1162.3024151048664,14.540628431775646,2.0,0.0,0,0,20,14,email,3,1,4,2,0
CUST_04129,242.66689543491728,2,25.66000354662135,5.18020413755181,415.12222650050467,16.149751418737797,3.0,4.0,1,0,50,30,email,19,5,0,0,0
CUST_04130,153.65843319828306,11,25.537996591040145,37.793936494907726,1438.8471325075184,31.23989971591915,2.0,4.0,0,0,20,30,in_app,6,2,2,0,1
CUST_04131,115.04053939636411,0,46.77105345531369,20.253200224236856,0.0,26.37119428217761,0.0,3.0,0,0,50,14,email,11,4,1,0,0
CUST_04132,198.11900125807776,8,32.814327182283144,8.716117740864659,1733.637794215928,26.48916763848855,3.0,2.0,0,0,10,14,push,13,3,4,1,0
CUST_04133,260.1660174348522,3,63.42770876514704,,1650.1734384445974,43.75355150208169,2.0,,0,0,20,14,email,11,0,3,1,0
CUST_04134,906.234594621165,13,39.20529499587102,19.019655451027685,15395.984334287423,66.47735102528955,2.0,,0,0,10,30,sms,3,1,4,1,0
CUST_04135,329.2142004118294,3,24.468586376191503,4.666051832472037,805.5406099045668,14.223884400386464,3.0,4.0,1,0,10,14,sms,9,0,3,0,0
CUST_04136,170.11110357260176,1,20.30921114481419,2.9061798198434676,115.16074401777749,25.073695647097477,3.0,2.0,1,0,10,7,email,10,3,3,0,0
CUST_04137,22.40784533916905,4,23.05713315280496,27.145722823237655,68.88808982035744,134.30729128654076,3.0,5.0,1,0,10,14,email,11,1,1,1,0
CUST_04138,149.8037802511778,1,36.468955396549546,25.022397782386705,182.10624600715713,36.42951200243266,4.0,3.0,1,0,10,14,email,23,1,1,0,0
CUST_04139,198.34355413223227,0,26.478261484575473,86.46575727011398,0.0,10.556495582371644,5.0,1.0,0,0,10,7,push,10,2,6,2,0
CUST_04140,353.35823974740396,1,17.3594396062185,0.2932983139086205,204.4700340751579,12.751846883106394,1.0,3.0,1,0,50,30,push,14,3,6,1,0
CUST_04141,204.43994039993882,2,60.58392013833239,11.660350681899509,825.7182014850217,40.608732284169214,1.0,,0,0,10,14,email,4,0,4,0,0
CUST_04142,934.3013719089192,8,36.28436073468335,18.125875846043556,9040.140803534072,9.301078599004375,4.0,1.0,1,0,50,14,email,6,0,2,0,0
CUST_04143,246.1157847432354,11,39.04956345039909,13.103500449634296,3523.9284492411034,12.172812045876457,3.0,3.0,1,0,20,7,push,3,1,1,0,0
CUST_04144,592.188033204194,0,20.21501694352538,18.590996237745173,0.0,65.83188660047186,0.0,2.0,0,0,20,7,in_app,11,5,6,1,0
CUST_04145,61.781906713352875,1,17.72615720036581,2.214649738207046,36.5051930179743,11.803439271772737,2.0,1.0,0,0,10,14,in_app,11,5,2,1,0
CUST_04146,283.3300611197581,2,30.04386276782563,0.02275767755332991,567.4886316187774,31.211592363645558,3.0,2.0,0,0,10,14,in_app,22,6,2,1,0
CUST_04147,151.20705940405858,0,9.806748276317087,1.4647225556295436,0.0,6.376440203578089,3.0,3.0,0,1,10,30,email,16,6,5,1,0
CUST_04148,603.4250153720336,2,52.87274485596098,7.171984174301383,2126.982458497991,19.649554551461136,,1.0,0,0,20,30,email,6,0,1,0,0
CUST_04149,215.68698789750349,9,21.70594043120474,5.983300875153964,1404.5066733267565,17.503600404371138,4.0,2.0,0,0,20,30,sms,3,5,2,0,0
CUST_04150,698.7302475814788,7,28.20155599649603,31.072472651818313,4597.898714176742,14.227599341634612,4.0,2.0,0,0,20,14,in_app,4,6,8,1,1
CUST_04151,467.327187109057,11,42.78345998513033,1.308328205072904,7331.0871368694125,13.305258187933644,3.0,7.0,0,0,20,30,email,3,3,2,1,1
CUST_04152,193.097789262234,2,28.939833081304975,8.769939215189426,372.54785264120375,19.454015236119165,2.0,2.0,1,1,10,30,push,23,2,1,0,0
CUST_04153,113.02556211437177,6,16.427805008068052,47.488003656240345,371.3523790684367,47.29356095491604,4.0,,0,0,30,7,email,16,4,2,0,0
CUST_04154,159.40229429751776,6,81.72992516464912,10.484574081949972,2605.5875168019,27.71806171153926,2.0,2.0,1,0,20,14,email,3,1,2,0,1
CUST_04155,233.39033895358745,3,13.203088703086518,2.1303690145511625,308.1473347647643,33.91720887912442,4.0,2.0,0,0,20,14,push,5,2,1,0,0
CUST_04156,465.21196978088165,3,8.654443907640632,5.164149799163421,402.61508976316486,40.680918598950136,2.0,1.0,0,0,10,14,push,16,2,0,0,0
CUST_04157,290.81724701040184,0,55.966886406639844,14.784269880436788,0.0,6.914414977271906,2.0,1.0,0,0,20,30,push,6,3,2,1,0
CUST_04158,525.2315432076139,2,13.795483909528166,,483.05488687315227,28.913251724836623,3.0,4.0,1,0,10,30,sms,12,5,2,1,0
CUST_04159,735.401517568545,16,70.22256686740451,51.6773925273408,27542.283862318884,12.649042731602119,2.0,0.0,1,0,20,30,sms,5,1,2,0,0
CUST_04160,302.7650895444607,0,41.51824306727746,12.554460609142803,0.0,39.44203009100406,3.0,2.0,0,0,20,30,email,21,2,7,0,0
CUST_04161,124.93014131738887,0,39.24414399450017,18.26799211256702,0.0,22.378512283734334,0.0,0.0,0,0,10,14,push,12,5,1,0,0
CUST_04162,386.7272122259613,2,23.537220504159702,10.366073292066309,606.8322446080945,31.36020855505362,2.0,3.0,0,0,30,14,email,8,5,2,0,0
CUST_04163,1002.4774749138298,8,20.181366518774535,47.52423796714271,5395.030759480428,20.90566890216107,4.0,0.0,0,0,20,14,sms,21,6,0,0,0
CUST_04164,545.842953893918,3,26.423334346980816,13.345500712104968,1442.2990871682628,20.366824805134325,4.0,1.0,0,0,10,14,push,12,6,2,0,0
CUST_04165,365.7017834217413,6,19.563572109087534,16.269917060057182,1430.8866420786298,36.66452014458109,3.0,0.0,0,0,20,14,email,12,3,3,1,1
CUST_04166,140.12680847284727,9,68.34721409616135,29.58170129679703,2873.1830937916466,26.41281957384424,2.0,4.0,0,0,10,30,in_app,9,2,3,0,0
CUST_04167,253.05241946649122,4,21.20741199735088,29.65941169930343,715.5449222069778,47.926757368949666,3.0,2.0,0,0,50,14,in_app,4,3,2,0,0
CUST_04168,66.19095028983278,8,44.871747108253444,0.428636622866392,792.0276219360937,39.26462408935889,4.0,1.0,0,0,20,14,in_app,6,0,1,1,1
CUST_04169,106.7389975357054,0,60.52912395415034,4.996487401894031,0.0,30.957411627383358,4.0,3.0,0,0,10,30,push,11,1,0,0,0
CUST_04170,392.50791251851933,10,19.517066266941356,4.241773894312817,2553.534312974254,25.289372043183167,3.0,1.0,1,0,20,7,push,16,2,4,1,0
CUST_04171,51.45814776501929,6,41.510850506478384,0.10000608206008603,427.2142958427981,22.68732179249469,6.0,2.0,0,0,20,14,push,6,1,2,1,0
CUST_04172,224.1839831134065,2,19.36896631880236,31.40706905881163,289.48080120923515,24.674281341455835,1.0,,0,0,20,7,in_app,5,6,0,0,0
CUST_04173,95.88047327952624,14,29.841038162537647,,1335.2140023490397,18.724181299062163,3.0,5.0,0,0,20,30,push,12,3,2,0,1
CUST_04174,111.81637891812728,5,25.149022729822107,6.391586590997569,468.67877582973074,35.38387033395709,6.0,1.0,0,0,20,7,sms,4,5,4,0,0
CUST_04175,306.9774083697741,13,21.818008293904068,1.5741156351181593,2902.3087781362597,13.334399192662005,3.0,1.0,1,0,20,30,sms,10,4,2,0,0
CUST_04176,159.59334661868013,7,36.403751158918155,68.66520645676691,1355.6191779492606,12.014210399493045,,1.0,0,0,10,30,push,12,1,6,1,0
CUST_04177,78.17258385228395,4,15.98306779106634,26.25216490408534,166.5916942818496,44.53215749315608,2.0,1.0,1,0,10,7,sms,11,1,4,1,0
CUST_04178,187.44888231383604,1,57.83161204501616,12.724656552200592,361.3490346748552,60.08855175163681,4.0,1.0,0,0,10,30,in_app,21,3,2,1,0
CUST_04179,75.3928126878624,1,17.306417370000354,22.171563587627745,43.4926494358135,24.738328888519646,,2.0,0,0,30,7,email,3,4,2,0,0
CUST_04180,669.8919960223263,1,15.483065320066135,22.516362214692702,345.7327177267721,8.798691187558434,6.0,3.0,1,1,20,30,push,21,6,4,0,1
CUST_04181,483.3007798036373,0,28.463486164186094,,0.0,46.55428740364084,7.0,4.0,0,0,50,14,in_app,14,3,2,0,0
CUST_04182,481.7985038331568,0,26.482882677572373,2.8676107119627616,0.0,23.655713705242597,2.0,3.0,1,0,20,30,email,5,1,3,0,0
CUST_04183,146.5339727786988,1,40.99025369762554,19.111362040547952,200.21549065066063,50.11737193114166,,2.0,0,0,30,14,push,4,5,1,1,0
CUST_04184,401.8553339974018,4,34.844644600362855,12.646211067853917,1867.0008391866104,5.130900888245387,0.0,0.0,0,0,10,30,sms,19,5,5,1,0
CUST_04185,341.1999328500783,2,12.47321705303356,19.31422472343685,283.7240547279668,14.442208574517402,4.0,1.0,0,0,30,14,push,1,0,4,0,0
CUST_04186,156.45781443994872,8,59.855905256561506,11.760961431736291,2497.3130980710002,49.10415444291091,1.0,2.0,1,0,50,30,sms,13,2,3,0,1
CUST_04187,276.91904187246683,5,28.038997977921834,46.968834584738715,1294.088742518358,56.214791315688586,2.0,2.0,0,0,50,14,in_app,20,5,2,0,0
CUST_04188,62.829633423137764,1,38.27800997311142,,80.16644449259341,44.359040027204244,3.0,3.0,0,1,20,30,email,22,4,2,1,0
CUST_04189,115.85990966194217,8,124.12549767223635,12.788491183105709,3834.978385879711,33.8318150180574,3.0,2.0,1,0,30,14,email,14,3,4,1,1
CUST_04190,271.0371123699575,0,71.6551742941345,27.752421502638718,0.0,50.36414011831594,2.0,1.0,1,0,10,7,sms,23,5,2,1,0
CUST_04191,196.56651854378424,4,37.57419674104111,7.152077938581908,984.7772053954207,66.32712074598476,3.0,1.0,0,1,10,14,email,15,5,2,1,0
CUST_04192,376.78362267870176,12,14.529166324366237,5.692436216506496,2189.7407688784433,39.23117944804639,5.0,1.0,0,1,20,14,email,22,6,1,0,0
CUST_04193,160.13653841094882,8,14.675787367499888,10.492575235783704,626.7012766630835,34.76531067340085,5.0,,0,1,30,14,push,20,6,2,1,1
CUST_04194,220.94583000591865,21,66.50163956726331,13.172917142975917,10285.281965660404,61.60310586563658,3.0,0.0,0,0,20,14,in_app,1,3,2,1,1
CUST_04195,288.79543146114884,0,26.02117296961981,3.7361948922522132,0.0,27.94664806179904,2.0,1.0,1,0,10,7,email,10,2,1,0,0
CUST_04196,148.73639743688156,1,29.932686739688908,17.19884326010409,148.40266637560148,16.492280136136074,4.0,0.0,0,0,20,7,sms,10,1,2,1,1
CUST_04197,217.89694647471347,4,16.65514069325995,24.32073676481067,483.8805733557447,32.540339232546444,1.0,0.0,0,0,10,14,push,8,2,1,4,0
CUST_04198,339.4429600477862,3,43.27221472278355,12.917092289146563,1468.844865332504,67.36059542335478,1.0,1.0,0,0,30,7,sms,23,1,0,0,0
CUST_04199,798.7763577236108,2,65.68349604973105,11.102436018127852,3497.761582477156,46.46081522164281,3.0,4.0,0,0,20,14,push,5,6,4,0,0
CUST_04200,149.52073309241587,6,82.6099452228458,,2470.379914088844,19.840654741634022,2.0,4.0,1,0,20,14,sms,7,1,7,4,0
CUST_04201,197.34941757926288,1,25.30773571441603,36.049848593551495,166.48223011633047,23.52883297583507,3.0,3.0,0,0,10,7,email,4,5,3,0,0
CUST_04202,542.1298316874817,5,48.76081795168718,21.066858631715405,4405.782338182018,16.73769460916749,2.0,1.0,0,0,10,30,push,13,0,5,0,0
CUST_04203,635.7562049750268,15,31.279030117672903,9.817174329656153,9942.918741455645,54.018023185508966,2.0,2.0,0,1,10,14,email,19,0,0,0,1
CUST_04204,429.4673923542017,3,56.15788735614172,16.14279571664006,2411.7981442963182,41.61257949570222,1.0,5.0,0,0,20,30,push,6,3,0,0,0
CUST_04205,624.7751881645186,5,33.036720314729735,6.161975322479488,3440.087191828974,14.048979005268775,1.0,4.0,1,0,10,7,sms,13,6,1,0,0
CUST_04206,142.17579241031933,5,20.196803358199453,,7178.741304018515,30.35994331164783,0.0,0.0,0,0,10,30,push,6,2,2,0,0
CUST_04207,584.8782113845009,8,73.11946100892278,3.420977397882339,11404.261219279337,8.512655875694211,1.0,4.0,0,0,50,14,push,3,3,2,0,1
CUST_04208,495.24267952679065,12,35.132389844824864,1.2423807492265215,6959.623553972348,21.372196890927594,2.0,1.0,0,0,30,14,in_app,4,5,2,1,1
CUST_04209,110.39467988052219,1,26.819363582369547,10.644505540154887,98.69050190916737,33.94499498080039,7.0,5.0,0,1,30,7,in_app,10,2,2,0,0
CUST_04210,223.56750046433413,6,36.84308986161605,14.595441501751377,24710.752529233054,25.40067837994309,3.0,2.0,0,0,30,7,email,6,3,1,0,0
CUST_04211,30.348185814607085,9,21.285281342547567,7.18133829559724,2906.8635298492027,39.14172926480075,2.0,3.0,1,0,10,14,email,4,4,3,0,0
CUST_04212,321.25676571093936,9,42.48500864469308,11.330261806915411,4094.5789405186197,5.624602942762706,5.0,3.0,1,0,10,30,push,10,4,3,7,0
CUST_04213,577.6497055885482,2,29.436051196834313,1.3395993099758334,1133.5817538360513,30.969036895489634,5.0,5.0,0,0,10,30,push,15,0,2,1,0
CUST_04214,189.04320653355006,5,20.555387171273406,22.042428244952053,647.6427170660206,12.095823155328214,4.0,3.0,1,0,20,7,email,13,4,2,1,0
CUST_04215,122.81178494533862,1,137.84634182715604,0.4999712772214315,564.3051762659442,8.537195763322336,2.0,1.0,0,0,30,7,email,11,3,3,0,0
CUST_04216,115.06195451946014,2,18.094799985112985,15.094281281717715,138.80153686171988,15.063399637059563,3.0,0.0,0,1,50,30,email,11,2,3,1,0
CUST_04217,285.50931056867927,1,40.93437615620933,8.520110201047528,389.57151716394367,38.28244834727107,1.0,3.0,0,0,30,30,in_app,11,6,3,0,0
CUST_04218,426.75657638399093,3,34.26340665578214,3.0465066919658,1462.2134119674033,51.35504818768801,5.0,4.0,0,1,10,7,email,20,1,4,1,0
CUST_04219,809.9533551284255,4,17.89715271857181,11.105338865311063,1932.7811855537411,28.780357082983333,1.0,2.0,0,0,30,7,email,1,6,6,2,0
CUST_04220,27.07206919574761,9,27.047689505278214,22.77670769541827,219.67107656159646,7.174180159326814,5.0,3.0,0,1,20,14,email,11,3,3,1,0
CUST_04221,745.219313313348,2,14.797660070297646,8.004312439518513,735.166805082104,13.67753061555125,3.0,0.0,1,1,10,7,email,20,1,3,0,0
CUST_04222,334.2335519481324,11,114.4220187439903,6.876083823943489,14022.681840155876,28.178659656740013,2.0,2.0,1,0,20,30,email,12,5,4,1,0
CUST_04223,559.1050503513067,0,28.197277341181234,2.3053185650873167,0.0,18.69558862120531,92.0,5.0,0,0,30,7,push,6,1,3,0,0
CUST_04224,475.2501593197297,2,29.675210338390006,13.54232715718711,940.209896077756,30.90616425820415,6.0,2.0,1,0,30,14,in_app,7,5,1,0,0
CUST_04225,299.05455311066555,1,106.39108637392101,26.405108067589456,1060.5579596837056,4.469545190010892,4.0,0.0,0,1,30,14,email,14,2,1,1,0
CUST_04226,290.5139019698835,3,20.198611963238253,12.360512813723266,586.7977575815914,19.98932401739122,6.0,2.0,0,0,20,14,sms,18,1,5,0,0
CUST_04227,384.5900356920799,5,71.9985092209005,,4614.984871840445,13.839604926538348,4.0,4.0,0,0,50,30,email,20,3,7,0,0
CUST_04228,237.53385380540007,3,47.25298787327682,16.236411946631236,1122.4184313359278,64.91921291598041,2.0,2.0,0,0,10,14,email,11,4,7,1,0
CUST_04229,252.85654528699695,0,10.100741794528348,0.4590805102413953,0.0,62.50187932073633,5.0,,1,0,10,14,push,19,1,1,1,0
CUST_04230,441.62007958248756,3,26.505322603244306,27.307380203781246,1170.5282677404257,26.97765818430453,2.0,1.0,0,0,20,30,in_app,7,4,2,1,0
CUST_04231,149.04577638463536,6,43.032842135334555,38.168929496577924,1282.7726732196777,16.512047747898755,2.0,2.0,0,1,30,14,push,13,4,2,0,0
CUST_04232,595.4674745496105,3,33.829834710842185,13.633639000368223,2014.4566239695948,24.228639121230216,5.0,4.0,0,0,10,7,push,18,0,2,1,0
CUST_04233,562.3076614860453,3,33.884444279626805,32.028119854749335,1905.348262363115,7.992918038957314,3.0,1.0,1,0,20,7,email,21,2,0,0,0
CUST_04234,198.18748763300303,1,23.004760085072775,1.3243651339579048,151.97518682868542,12.347120865541942,8.0,1.0,0,0,10,30,sms,18,5,1,1,1
CUST_04235,444.7092576560885,0,21.590998766082095,3.888255967154655,0.0,22.611238216870515,0.0,1.0,1,0,20,14,email,20,3,4,1,0
CUST_04236,405.62788338017106,0,27.521182081738033,5.724631475674715,0.0,23.18750493975712,1.0,1.0,0,0,20,30,email,21,2,4,0,0
CUST_04237,181.5565711003905,1,107.4242161082308,22.253098872417713,650.1190776585905,1.0007721705549384,3.0,2.0,0,0,20,14,email,7,1,2,0,0
CUST_04238,467.857181201185,9,19.209302319765655,9.931701562778615,2696.163010850083,36.044836017535026,2.0,3.0,1,0,10,14,in_app,8,3,3,1,1
CUST_04239,781.3035051224831,1,24.79585722899701,6.4236566421264305,645.7696721844009,5.798689172772386,1.0,1.0,0,1,30,30,push,19,3,2,0,0
CUST_04240,609.2632859766165,1,33.693599098628944,2.580870693990952,684.2757634403146,35.058483051116646,2.0,0.0,0,0,20,14,sms,22,2,2,0,0
CUST_04241,77.25746362106317,7,13.764706332749741,-14.0,248.1328030433072,34.099778479243255,1.0,2.0,1,0,30,30,push,19,6,3,1,0
CUST_04242,415.71514120917413,2,42.912747824678256,0.31105428933641893,1189.2986014406536,33.609937805089665,1.0,,0,0,20,14,push,6,4,4,0,0
CUST_04243,544.2921189153163,5,15.289972555440182,6.1708247103810585,1387.035260059595,41.409092264801274,2.0,3.0,1,0,20,30,in_app,23,1,2,0,1
CUST_04244,171.75582068102224,3,17.247283848259777,4.17143464781339,296.23213918763975,45.251607530838626,2.0,1.0,0,0,10,7,push,14,2,2,0,0
CUST_04245,595.5433463614335,2,16.757526305539116,2.0718777178473493,665.3222195160344,13.336615347012298,2.0,,0,1,30,7,push,11,1,3,0,0
CUST_04246,155.5169670978945,4,12.37466672031,2.8318836576120003,256.5960849586481,14.842099514912496,4.0,4.0,0,1,20,30,push,23,3,2,0,0
CUST_04247,235.60698935033577,12,70.88060001956583,10.212264229107422,100199.78864373153,8.411130544862864,1.0,3.0,0,0,20,14,push,21,6,2,0,0
CUST_04248,160.82262984032133,11,45.28397686283682,8.328364656914044,2670.3190245268834,32.74135439608945,4.0,2.0,0,0,20,30,in_app,13,2,3,0,1
CUST_04249,138.78228991405703,11,57.594803069679365,10.9586615970591,2930.817507625063,37.82451459510801,3.0,2.0,1,0,20,7,email,9,5,3,0,0
CUST_04250,384.1493179653641,0,54.53037144269613,19.50837732109983,0.0,40.67055979263955,2.0,2.0,0,0,20,30,email,11,2,2,0,0
CUST_04251,84.60597806260147,1,29.938158881506077,33.43009204205492,84.43157378544602,10.913222744981752,1.0,2.0,0,0,10,14,email,12,0,3,0,0
CUST_04252,246.11668549640453,0,32.53405814714095,1.8913087702695708,0.0,45.20941980495339,3.0,1.0,0,0,30,14,sms,14,0,3,1,0
CUST_04253,384.28941565679304,7,60.83878789669521,,5455.263858354001,18.766554533875436,2.0,1.0,1,0,20,30,in_app,16,1,2,0,0
CUST_04254,162.77942791921197,2,88.50485999161614,5.792762525170467,960.4513651670151,36.211713845352484,1.0,2.0,0,0,10,30,email,13,2,4,0,0
CUST_04255,665.6107583553327,6,15.566880546355561,11.854824419126224,2072.29663313732,35.866971869532605,2.0,2.0,0,0,10,14,email,20,2,1,0,0
CUST_04256,261.7707990076859,9,150.20156080208966,1.5785303587889683,11795.51477500936,56.16129745096408,3.0,2.0,0,0,20,14,email,4,4,3,0,1
CUST_04257,863.943355826384,16,15.03843535569319,18.88022541738409,6929.256697373716,16.557695033213502,,0.0,1,0,10,14,email,22,0,3,0,1
CUST_04258,75.16629127235323,1,25.098974046836435,12.182144124271623,62.886559794724725,36.17736160558924,5.0,1.0,0,0,30,30,email,6,4,1,0,0
CUST_04259,395.19484112312085,5,34.62032630600387,20.702376641114515,2280.2957256886334,23.034677500068796,2.0,,0,0,30,30,email,8,0,3,0,0
CUST_04260,340.3765368998924,2,36.58150660230632,6.645490802631118,830.099102124905,53.7258243994124,3.0,0.0,0,0,30,14,push,20,5,4,1,0
CUST_04261,215.54203726627833,1,107.58693861724144,7.689823644782917,772.9835977600751,10.071499319955647,1.0,4.0,1,0,30,30,push,10,3,2,1,0
CUST_04262,300.41728408990673,1,60.772916650065795,,608.574485541168,56.434100642858,3.0,2.0,0,0,10,7,sms,13,5,5,0,0
CUST_04263,437.74861666102,14,42.42343553884794,4.659337174643922,8666.373436531367,8.420084937447267,2.0,2.0,1,1,10,7,push,13,2,2,1,0
CUST_04264,496.8916995025071,12,61.639073851561605,7.204856758643884,12251.177664745199,10.351979742855656,3.0,2.0,0,0,30,30,email,5,3,1,0,0
CUST_04265,268.5092997393169,4,40.74981753333783,0.20377288441952912,1458.893996050864,19.376124209762548,0.0,2.0,1,0,20,30,sms,10,1,1,0,0
CUST_04266,398.853796957271,7,22.081738115206743,12.156031426003436,2055.0565211554704,50.803224351865595,2.0,1.0,0,0,50,14,sms,21,6,1,0,0
CUST_04267,148.4106337805654,8,44.31765278928059,28.603898707809687,1753.9229168331133,8.25459251174999,2.0,1.0,0,0,30,14,sms,2,0,4,0,0
CUST_04268,503.56025647729,3,34.48525893256444,0.4243145403169523,1736.5405832767904,37.82137285258859,2.0,1.0,0,0,20,7,push,16,1,4,1,0
CUST_04269,753.6258628026147,9,19.971105847185136,14.270598707797825,4515.222562562172,6.833414726003184,2.0,1.0,0,0,20,14,push,11,5,4,1,0
CUST_04270,530.3465943016475,11,70.6454810017689,28.008421755435794,13737.749759099624,33.20649329020524,,3.0,0,1,30,14,email,1,5,1,0,1
CUST_04271,161.11617309113066,3,32.05094519283291,10.216260052382278,516.3925633422809,32.04671470788224,5.0,3.0,0,1,20,30,in_app,11,3,4,1,0
CUST_04272,128.16223205119368,0,16.906524246397954,5.6317873213611085,0.0,17.2466482942002,3.0,4.0,0,0,20,14,in_app,9,1,2,0,0
CUST_04273,1225.1431435890431,3,18.58596864751835,85.1884549813015,2277.0472055468026,43.159628041643856,4.0,1.0,0,0,20,14,email,14,3,1,0,0
CUST_04274,720.7519694239738,3,45.64972674822708,1.0054238789961802,3290.213045745093,29.465438832992742,6.0,1.0,0,0,30,30,email,6,5,3,0,0
CUST_04275,498.146893029508,20,62.156747124590304,3.54387791432304,20642.126973956976,38.58195493223299,3.0,4.0,0,0,20,14,email,9,4,5,0,0
CUST_04276,786.7043552171366,1,44.211784469023705,32.47428749400514,1159.3867797900768,48.603382802472424,1.0,2.0,0,0,20,30,sms,13,2,1,0,0
CUST_04277,293.02230894720157,11,44.33342250803433,5.292524971370373,4763.250003173221,20.785497696049436,3.0,2.0,1,1,20,14,push,17,6,2,0,0
CUST_04278,491.83823044942335,2,20.364759653647045,25.70920362894489,667.7444901051717,13.632895224758993,1.0,3.0,0,1,30,7,sms,8,6,3,1,0
CUST_04279,660.9212796525967,7,35.013395960707754,6.079006029889066,5399.589641444607,25.222403110176117,0.0,1.0,1,0,20,30,email,16,6,3,0,0
CUST_04280,237.44235357084446,3,27.16512045579764,25.06818030934159,645.0150136060083,51.98196534035826,5.0,2.0,1,1,30,30,email,11,4,3,2,1
CUST_04281,415.4983451666322,4,29.45961352280098,,1632.0560890629795,33.31481042217593,2.0,1.0,0,0,20,14,in_app,11,3,5,3,0
CUST_04282,612.4005811749723,4,30.967078179705474,9.481414440909885,2528.5675566056584,4.81901119806392,2.0,3.0,0,0,20,14,push,12,5,3,1,0
CUST_04283,120.05991591983602,9,22.287780175201416,11.101862647792018,802.760704162341,30.22199384998255,3.0,0.0,0,0,20,14,email,5,5,2,0,0
CUST_04284,218.92323002343159,3,51.98732493247802,2.934011922305652,1138.1233094495763,33.742678757054506,2.0,4.0,1,0,20,14,push,8,3,3,0,0
CUST_04285,603.1598101026101,5,18.07501210850748,1.8475041767079696,1817.0201451616247,34.126143953200625,3.0,4.0,0,1,20,14,push,18,1,8,2,0
CUST_04286,347.2252988454048,1,15.192824270136924,18.931593711684446,175.8444315834671,27.049951441963266,1.0,2.0,0,0,10,14,push,10,1,2,0,0
CUST_04287,314.0860251229587,5,20.674031042154414,28.31479222603318,1082.2373722164898,20.20351101485315,3.0,0.0,0,0,20,14,email,9,0,3,0,0
CUST_04288,286.75969116843436,9,56.26299651849765,19.200437285303497,4840.187851756526,30.21633208260627,3.0,4.0,0,1,30,14,in_app,4,6,3,0,0
CUST_04289,645.7960220619196,0,40.588920594255185,36.60439895371171,0.0,17.778259678344238,2.0,3.0,0,0,20,14,email,6,2,2,0,0
CUST_04290,132.28848543152702,13,11.359505218125554,,651.1837542415216,38.663765899181215,,4.0,1,1,20,7,email,12,6,2,0,0
CUST_04291,207.07223774595732,2,47.387771604047906,22.588827755643607,654.1794605229688,37.428539067284305,6.0,2.0,0,1,30,14,sms,11,2,7,1,0
CUST_04292,83.8745115536962,1,32.16552260263049,34.26041332481036,89.9289165721669,35.60948287182791,3.0,0.0,0,0,20,7,email,23,4,1,0,0
CUST_04293,231.6474822193985,2,25.779262713168595,2.7448515718669055,398.113420065195,42.928172471196966,4.0,,1,0,20,14,sms,6,1,1,0,0
CUST_04294,334.79966038084325,4,28.64021892838554,19.71580588348685,1278.4980760608637,45.79027965838731,4.0,1.0,0,0,50,14,email,6,2,3,0,1
CUST_04295,43.79387747660395,4,14.877092821606599,21.01664979610433,86.87007736500047,27.766645776893284,5.0,1.0,1,1,50,30,push,16,4,4,0,0
CUST_04296,150.44312559280493,5,36.742880535359824,2.508123461876447,921.2856318370942,61.79800079389507,3.0,2.0,1,1,20,14,email,9,6,1,0,0
CUST_04297,346.8368835926305,9,15.47876518302469,36.04988976148122,1610.582003382719,28.10443541092888,4.0,0.0,0,1,20,14,in_app,8,1,2,0,0
CUST_04298,410.84341212830697,5,26.842766528863237,0.13236078714249686,1838.0289652802808,24.464434055101194,3.0,0.0,0,1,20,14,in_app,2,3,0,0,0
CUST_04299,904.9633730574387,3,26.86364196306253,8.553460057145438,2431.061204350042,25.094457718257523,1.0,2.0,1,0,30,14,email,15,1,2,0,0
CUST_04300,455.0725684295246,3,52.559489161124695,,2391.838172789677,56.10933117714433,2.0,1.0,0,1,30,14,in_app,20,4,3,0,0
CUST_04301,260.5035282616141,3,33.91463219768757,11.11483905748307,883.4881347192552,7.132923741538312,2.0,2.0,1,0,20,14,email,23,5,2,0,0
CUST_04302,328.1631496213553,0,50.58194146274279,,0.0,14.725268197045441,5.0,1.0,1,0,10,14,push,10,5,2,1,0
CUST_04303,336.577275000164,7,16.160248682646422,14.635115916933731,1269.1402418170285,46.077270667321955,5.0,2.0,0,0,20,30,email,14,5,4,0,0
CUST_04304,207.34572702853959,7,31.041341439059302,21.815008611845425,1501.8008853453398,2.3574628714742007,4.0,1.0,0,0,10,30,email,6,3,0,0,0
CUST_04305,357.7959636985836,8,45.521733304247306,21.95250632836197,4343.331316486153,9.535460893531027,3.0,2.0,0,0,20,30,email,18,4,5,0,0
CUST_04306,199.19078724268002,11,69.78223635374175,19.213974100405732,5096.6588181140805,18.299088603176603,2.0,1.0,0,0,30,7,push,8,0,0,0,0
CUST_04307,370.91167476337205,5,16.718045534141293,1.611731113539114,1033.48637797311,23.40510305750814,6.0,2.0,0,0,20,30,push,20,5,1,0,1
CUST_04308,286.5351068434798,1,19.993939419407216,8.104808468921352,190.965518925397,39.16449663529454,6.0,1.0,0,1,20,14,email,20,3,4,0,0
CUST_04309,251.5330685299494,9,44.84321019337628,25.388257879524595,3383.8650788020327,39.943249041196786,5.0,1.0,0,0,20,30,sms,4,6,2,0,0
CUST_04310,257.22081688482774,8,87.09121154428681,15.93276685545136,5973.779353842878,36.446699113506774,3.0,2.0,0,0,20,7,email,14,6,0,0,0
CUST_04311,508.42249510961506,0,39.31192428347061,17.1397748442905,0.0,15.910950613394345,2.0,1.0,0,1,10,14,email,19,2,0,0,0
CUST_04312,475.26689843430853,5,17.013779410880502,3.8607081819556504,1347.6810285424456,29.052792199786015,2.0,2.0,0,0,20,14,email,12,0,1,0,0
CUST_04313,241.47621373811072,3,17.214180601469355,5.8969691237619575,415.6815154246853,16.494940264146415,1.0,1.0,0,0,20,14,sms,16,2,2,0,0
CUST_04314,494.96876052675674,1,35.906097656622514,46.789262428657494,592.413221748371,4.935710683938114,2.0,4.0,0,0,20,30,push,6,4,4,0,0
CUST_04315,282.2768692029462,7,41.039949776384034,28.152434433338893,2703.0799915288953,46.76036037665407,,2.0,0,1,10,14,in_app,14,5,3,0,0
CUST_04316,285.6208396424268,2,28.998260389720592,2.7034474505113355,552.1671653787814,3.344927998141329,3.0,1.0,1,0,10,14,push,14,1,1,0,0
CUST_04317,207.49436273833476,3,17.332053389805473,11.801752772827898,359.63033730644815,118.9261494503931,2.0,1.0,0,0,10,14,email,7,1,7,0,0
CUST_04318,843.2973205090606,3,64.12595143021858,10.11509535101967,5407.724301619749,19.73947727374029,3.0,1.0,0,0,20,14,push,22,1,3,0,0
CUST_04319,785.538342289715,4,26.86348989893852,8.795631116581683,2813.640176443823,3.148200484079778,1.0,1.0,0,0,10,14,push,10,3,5,3,0
CUST_04320,172.77984726513336,13,45.43029170194991,9.540549373573983,3401.4235066384563,77.73480467331395,3.0,1.0,1,1,20,30,email,16,2,2,0,0
CUST_04321,230.31590416229056,2,11.42837430678519,15.445608730219133,175.47575743815477,25.88275882077255,3.0,2.0,0,1,10,30,push,4,3,5,0,0
CUST_04322,391.7361190755654,5,68.08062356744544,51.23678674692116,4444.939876759258,14.160475580748438,5.0,1.0,1,0,50,30,push,0,1,2,0,0
CUST_04323,444.192550092282,2,21.957612867395866,31.23071473072624,650.2272035671782,52.12344482442145,2.0,4.0,0,0,50,30,in_app,22,5,1,0,0
CUST_04324,122.37656061403743,1,74.20344853218174,31.20679923218444,302.69209390230486,30.17971942281019,3.0,4.0,0,1,20,14,push,16,5,2,1,0
CUST_04325,141.9363606237715,7,47.8294957134817,18.229386103098506,23760.605932146547,36.74577405999021,3.0,2.0,0,0,30,30,in_app,5,2,2,0,0
CUST_04326,445.1777311277126,9,14.051877580638276,0.26616201577099163,1876.6748938298758,34.78274422350342,3.0,2.0,1,0,30,14,push,12,6,3,1,1
CUST_04327,76.56819804993921,1,38.37154032262033,,97.93465663012073,28.784125776928036,1.0,1.0,0,1,30,14,push,4,6,0,0,0
CUST_04328,174.05055526791784,0,89.47145602661439,10.734764587119757,0.0,38.65641907707986,3.0,2.0,1,0,20,30,email,18,1,3,0,0
CUST_04329,547.5699044210468,3,23.132755269323372,27.72411924080992,1266.6800591818867,35.219103845630215,2.0,3.0,1,0,20,14,email,9,4,3,1,0
CUST_04330,530.4256933784139,6,89.5677503051077,38.42851205881372,9501.80721198628,29.117779863354354,3.0,3.0,1,0,20,7,sms,2,2,4,0,0
CUST_04331,813.0484514695768,1,41.73917458158922,9.009774867082253,1131.1990419726478,30.835939868612755,2.0,1.0,0,0,10,14,email,1,2,1,0,0
CUST_04332,994.8612243919538,0,74.01106820586739,5.3599766817304,0.0,5.097601267667086,72.0,1.0,0,0,50,14,sms,7,4,1,0,1
CUST_04333,1551.1896764974426,4,36.44088864130659,6.172731422734974,7536.897368371694,37.24982071490857,4.0,4.0,1,0,10,7,email,6,6,2,0,0
CUST_04334,224.98811871645665,3,30.74152805303452,12.964807863519555,691.6478563121414,13.866675731802584,3.0,0.0,1,0,10,14,push,23,2,2,0,0
CUST_04335,184.05055771911492,1,99.71316356277124,4.8231741696101516,9176.131682832687,16.800051333990513,4.0,1.0,0,0,20,14,in_app,22,5,1,0,0
CUST_04336,402.61178317724404,6,51.0518174595422,36.24281315093397,4110.812652365089,43.89402546568821,2.0,2.0,0,1,10,7,sms,21,4,2,0,0
CUST_04337,85.91894172348913,0,28.75485953437453,,0.0,55.6001129930674,2.0,,0,0,30,7,push,9,6,2,0,0
CUST_04338,247.86879769316423,4,42.705689331731215,69.17411563583697,1411.3877159085341,19.647007263086557,4.0,2.0,0,0,10,14,push,0,2,0,0,0
CUST_04339,334.1215094924203,4,23.596366297964853,1.7398394793310799,1051.2071368016118,33.855537394107465,2.0,2.0,1,0,30,7,email,9,1,3,0,0
CUST_04340,424.5467017476554,1,35.329925203747045,3.121593354213835,499.97344060807234,21.682348337998263,1.0,2.0,1,0,50,30,push,18,3,3,0,0
CUST_04341,457.36253257526965,0,67.85500108519413,10.749021986635363,0.0,43.32154420863783,3.0,2.0,0,0,20,30,push,4,0,2,1,0
CUST_04342,241.90445519398753,13,30.050755919611873,,3150.0784201905226,17.452708310026495,1.0,1.0,0,0,20,14,sms,6,1,1,0,0
CUST_04343,99.26671025139197,9,19.59525278162611,6.5532478886453545,583.5468840529385,34.14299170210184,2.0,2.0,1,0,20,14,email,7,0,4,0,0
CUST_04344,120.84727048802944,5,18.53888464606489,27.253193998341327,373.39560122822996,20.43112858213412,2.0,3.0,1,1,10,30,email,3,5,1,0,0
CUST_04345,37.561713797403,3,34.61097589439816,8.312589825518973,130.0047570794198,68.76676039927335,1.0,4.0,0,0,20,30,in_app,9,5,1,1,0
CUST_04346,189.6263050764943,12,20.398637982719695,28.759027653244516,1547.2473397024678,12.461103888925393,6.0,1.0,0,0,20,14,email,9,6,4,2,0
CUST_04347,83.91065778068916,8,14.018184329035066,4.874144361656858,313.6733514507416,27.348297143962945,,1.0,1,0,10,14,sms,11,0,2,0,0
CUST_04348,200.69988445747896,9,16.132680565019744,9.576809893487589,971.3481376166637,43.35185565661151,2.0,0.0,0,0,10,30,email,2,2,2,0,0
CUST_04349,399.72770593677456,1,67.02460711481102,4.901153347755624,893.0530814439009,25.88385245821529,3.0,1.0,0,0,20,14,sms,6,2,1,0,0
CUST_04350,101.54209709947162,2,30.404072354179963,3.6353452142653624,205.81955114716683,35.77180386968983,4.0,,1,0,20,30,in_app,11,1,3,1,1
CUST_04351,320.33323733406183,2,34.283297972183874,8.200567633516266,732.1386550611959,39.57150645254445,,4.0,1,0,10,7,sms,19,4,3,0,0
CUST_04352,239.8500635303669,1,18.5419267334748,6.112910421401572,148.24274349997796,37.81361564669302,2.0,,0,0,30,14,push,4,3,3,0,0
CUST_04353,384.7895168182198,6,23.3618318235165,23.2072993087012,1797.877595871885,63.82128303451873,3.0,0.0,0,0,30,7,email,4,3,6,0,0
CUST_04354,451.3146755666319,1,22.913980212142853,20.653393821700316,344.71385151278247,16.9662480499456,6.0,1.0,0,1,20,30,email,3,0,4,1,0
CUST_04355,228.13479558789547,0,28.048594331706976,6.660440186000443,0.0,16.954728783324622,4.0,3.0,1,0,50,30,push,11,0,3,0,0
CUST_04356,300.5188809938406,4,12.243077798796591,72.94738486935817,490.5701386686513,58.840246829694486,,2.0,1,1,20,14,push,6,5,3,0,0
CUST_04357,240.59733353187175,3,63.67582516974913,54.65160340267273,1532.0233746283286,53.34720191162352,3.0,1.0,0,0,30,30,email,9,5,2,1,0
CUST_04358,205.8013621830455,5,32.79069917422379,37.485109963453155,1124.7284261649536,11.101834795392703,1.0,2.0,1,0,10,7,push,9,2,1,0,0
CUST_04359,166.66752272168597,2,37.3843306845916,13.246756422157942,415.3835855872795,12.013266911528572,4.0,1.0,0,1,30,14,email,4,1,4,0,0
CUST_04360,422.3336746006116,0,57.31733052524649,7.9733541493552265,0.0,16.286176125697608,3.0,0.0,0,1,20,30,email,22,4,3,0,0
CUST_04361,719.2437720254644,9,54.74278221611781,5.631815876193921,11812.021551686725,17.316289544174623,6.0,,0,0,20,30,push,14,1,1,0,0
CUST_04362,662.7223810591239,1,23.451898349368527,0.22719293451252576,518.0699304816683,28.616786273480216,2.0,2.0,1,0,10,30,push,17,4,3,0,1
CUST_04363,92.49233766739444,1,47.59275076834318,14.987209401283229,146.73215915285812,32.388888633072426,7.0,4.0,0,0,30,30,sms,15,0,1,0,0
CUST_04364,710.3713089274935,0,47.29985844294475,12.083384468168584,0.0,55.36611945802722,4.0,3.0,0,0,20,14,push,10,1,3,0,0
CUST_04365,134.8450877879642,7,40.02837425322836,14.908576175862486,1259.4469160434148,19.469491034962285,3.0,3.0,1,0,10,30,in_app,22,6,3,0,0
CUST_04366,334.2174279544685,13,62.594186509019586,12.868732362137102,9065.36280864362,47.96510612319426,1.0,2.0,1,0,10,14,email,8,0,3,0,1
CUST_04367,378.9674637725088,0,53.50201392441304,2.2225579253586805,0.0,19.650844126475494,5.0,1.0,1,0,30,30,email,22,1,1,0,0
CUST_04368,70.35481977720282,1,51.234942396530656,17.830322678708427,120.15417128677608,141.69732364383043,1.0,0.0,1,0,20,30,email,14,1,3,0,0
CUST_04369,261.2180901909167,9,75.12614798911623,6.7045234881783,5887.292670335137,8.480156890031967,6.0,5.0,0,0,10,7,email,10,4,8,3,1
CUST_04370,740.0725288958766,2,33.68981864763372,10.894195759192847,1662.1939523065166,36.15469734768187,2.0,1.0,0,0,10,30,email,15,1,0,0,0
CUST_04371,23.383874290972095,3,34.28340231777042,6.827405630913259,80.16787700655648,19.90026170511475,3.0,1.0,0,0,20,30,push,19,0,0,0,0
CUST_04372,1286.1779011495967,1,54.137229550927664,0.3336821437640644,2321.003609262202,42.390537101242245,2.0,3.0,0,0,50,30,in_app,22,4,3,0,0
CUST_04373,35.46976284944683,4,29.752932690466835,31.379250270274767,140.71059554752168,26.756957199213687,4.0,1.0,0,1,20,30,push,14,0,1,0,0
CUST_04374,372.03275777425847,10,44.2106010589369,2.4154495774949436,5482.597278271282,41.838025218979205,5.0,1.0,1,0,10,14,push,15,3,1,0,1
CUST_04375,74.01127959485775,6,23.663543521654525,13.09031936939551,350.27382715725156,30.89947380094726,4.0,5.0,0,0,30,14,in_app,22,3,1,0,0
CUST_04376,415.70290710494083,5,8.43425995257411,32.200526191071525,584.3577302606396,38.44296539630041,3.0,,1,0,20,30,email,11,2,3,1,0
CUST_04377,643.1570464023338,0,47.404842604254455,3.7525046883851996,0.0,22.2871054102009,2.0,7.0,0,1,20,30,push,20,1,0,0,0
CUST_04378,528.8352955491854,0,13.076174026819714,7.965800803330278,0.0,26.59631066439839,3.0,0.0,0,0,10,30,email,12,5,3,0,0
CUST_04379,589.4397383193427,1,21.7699444498246,7.115765726822801,427.735678657708,13.787886975334715,4.0,3.0,1,1,30,14,push,19,0,2,0,0
CUST_04380,241.4553434433961,2,54.163488785501876,1.401816468661622,871.8709191197258,34.45439931468604,1.0,2.0,0,0,50,30,email,13,6,4,0,0
CUST_04381,736.6291721498999,9,54.546718723617325,8.262148466085279,12054.211277061504,41.2818089172584,7.0,1.0,0,0,30,7,email,7,3,2,1,1
CUST_04382,1100.0920699757978,7,67.03153180334662,9.79386088053731,258092.99801317236,41.34900569566871,1.0,1.0,0,0,10,14,sms,6,4,4,0,0
CUST_04383,321.7238601100339,2,9.856851780093319,0.4043616115210187,211.41229354827212,37.22327128835232,2.0,3.0,0,1,20,7,push,8,5,2,0,0
CUST_04384,219.99045996544456,6,39.55167524975539,10.045672043063492,1740.1982461195155,8.464629149003166,,2.0,0,0,20,14,sms,7,1,3,1,0
CUST_04385,152.77648055953077,12,28.37160609417429,1.4779273998044609,1733.805650755713,14.501557324707761,3.0,1.0,1,0,30,14,push,10,4,3,0,0
CUST_04386,505.3510965377974,5,59.91516106146107,33.4487570535544,5046.365390274682,13.59925401686019,1.0,2.0,0,0,50,14,email,16,5,1,5,0
CUST_04387,608.7401831233988,10,80.30372054447649,15.754094020683668,16294.700516578288,47.72261780005998,2.0,0.0,0,0,50,30,email,20,2,2,0,0
CUST_04388,220.06965745081982,4,15.099339818842408,0.871222113476271,443.05420555548966,48.287735906265105,5.0,4.0,0,0,10,7,sms,5,1,3,0,0
CUST_04389,845.3508727881355,12,33.43253690774398,,11304.88970179317,37.62926671315588,5.0,2.0,0,1,30,14,email,13,4,5,0,0
CUST_04390,476.13355236766887,1,54.575184859805084,6.731840555643386,866.1692212807071,27.203617870587653,5.0,2.0,0,0,50,7,push,15,5,4,0,0
CUST_04391,318.95645166115906,9,27.03685655903151,3.8353331326078974,2587.0739496421274,38.74314046989262,3.0,,0,0,20,7,sms,12,2,2,1,1
CUST_04392,380.9278663297985,11,94.38827234196313,,13183.545169585981,27.73843386127215,3.0,1.0,1,0,50,14,email,3,3,3,0,1
CUST_04393,124.01518125981094,3,26.026578667807872,13.659051057607506,322.76908710609223,20.564519695036303,6.0,2.0,0,1,50,7,sms,14,4,2,0,0
CUST_04394,501.33781086439615,3,27.657002697146524,1.2760651142576203,1386.550118725814,34.185836222008696,3.0,0.0,0,0,20,30,email,8,2,5,0,0
CUST_04395,131.7719425518529,6,17.39209037305656,0.908119988385362,458.3579066990086,7.938510617382781,5.0,,0,0,50,14,email,7,5,4,0,0
CUST_04396,197.43820582253588,1,36.31941299607566,14.813298992092676,239.02799128242904,41.368654074476765,1.0,6.0,0,0,30,30,email,10,2,2,0,0
CUST_04397,283.3859004885959,0,5.414502489459285,60.18549973589107,0.0,40.436025068514596,0.0,7.0,1,1,20,30,sms,16,3,3,0,0
CUST_04398,988.0146885947909,4,28.54099262248381,9.90812103493956,3759.8559917452753,47.272363782952674,1.0,1.0,0,0,20,30,sms,12,2,3,0,0
CUST_04399,358.81931182040523,1,70.90788863224529,,848.1039933886731,59.59246625489003,3.0,2.0,0,0,20,30,sms,7,6,5,0,0
CUST_04400,143.96695493561197,10,14.324053547504729,44.11800870925124,687.3967905229687,20.056733763696275,3.0,2.0,0,0,20,30,email,5,0,0,0,0
CUST_04401,381.97194441234166,0,12.541189508342883,4.136116380477762,0.0,19.014950777941134,2.0,0.0,0,0,20,30,in_app,9,5,4,1,0
CUST_04402,456.14578477331736,1,64.69824063978463,4.127234773748238,983.7276583362498,60.04537094499693,1.0,0.0,1,0,20,7,email,1,5,2,0,0
CUST_04403,677.864997496485,1,70.17707659876783,35.32652066509937,1585.6861284311462,14.900254702556209,4.0,3.0,1,1,30,30,email,21,4,3,2,0
CUST_04404,294.3916444622804,6,14.68148956424788,15.616384236114618,864.4215711949482,38.3137867614879,3.0,0.0,0,0,50,30,email,8,4,1,0,0
CUST_04405,163.80582739596926,4,93.65779070686601,0.8292627381480954,2045.5589198422276,43.80146454863698,1.0,5.0,0,0,30,14,push,21,2,1,0,0
CUST_04406,1162.260113574595,5,42.925714798378316,16.811828987386374,8315.141026138976,36.61946572078914,3.0,3.0,1,0,20,7,sms,16,0,1,0,0
CUST_04407,382.58273639247875,3,62.131078214547124,25.7246050897376,2377.027791833656,22.15365493558759,4.0,4.0,0,0,30,30,push,22,4,5,1,0
CUST_04408,144.77285402218325,3,20.59149447605099,4.802114483904494,298.1089423879923,13.696604573849655,2.0,1.0,0,0,30,30,in_app,13,4,4,0,1
CUST_04409,292.3908762948134,3,80.91792656855226,7.240689699252032,2365.9663457338356,6.12403568823113,0.0,2.0,1,0,30,14,push,18,4,3,1,0
CUST_04410,197.52233275818162,4,28.196285405317994,3.3036529920090456,742.5861424498507,40.884494744916765,1.0,2.0,1,0,20,7,email,5,3,3,0,0
CUST_04411,705.6974455336334,3,27.46133585519171,15.05006084836772,1937.9394563949968,55.866992576241714,3.0,2.0,0,0,20,30,push,15,4,2,0,0
CUST_04412,453.0554111141327,2,44.23103763485805,16.368363826575393,1335.9407293110194,36.48907833194963,3.0,2.0,0,1,20,7,sms,12,2,2,0,0
CUST_04413,233.01727083056886,3,26.17448087903511,1.0649633406636405,609.9106099839669,4.92377347837077,0.0,2.0,0,0,10,30,push,11,4,3,1,0
CUST_04414,608.9896278006544,4,13.297502757293474,16.984303810027846,1079.7388339789773,39.520508491917234,4.0,1.0,0,0,30,30,email,6,2,5,1,0
CUST_04415,274.37666910853704,5,35.83985331608939,16.114119292592974,1638.9365957011937,43.6261997308851,110.0,,0,0,20,14,push,16,4,2,1,0
CUST_04416,287.2073938679074,1,27.3592362938643,0.5364978375687495,261.92583180590105,43.38530644357534,3.0,5.0,0,0,20,7,sms,11,1,7,1,0
CUST_04417,159.88108580973295,1,20.889637689434043,12.157694618657858,111.32859853195453,10.642094220619484,4.0,2.0,1,0,20,30,sms,20,5,2,0,1
CUST_04418,158.76765743230945,4,69.70808394039513,14.276376356296568,1475.6518921748434,36.870725679999666,2.0,2.0,0,0,20,7,email,4,6,2,1,0
CUST_04419,1112.0634406581735,8,139.12822758436337,8.435880573338764,41258.51078937081,50.53705645809132,4.0,2.0,1,0,30,14,push,3,1,1,0,0
CUST_04420,589.4307315320139,1,19.077791054521374,34.73766548815108,374.8345445760481,56.44875324572538,3.0,5.0,0,0,10,30,sms,4,4,0,0,0
CUST_04421,45.20792293613119,5,37.28028560476864,5.970700079564425,280.89404644289027,20.268358506602805,1.0,0.0,0,0,30,14,email,8,1,4,1,0
CUST_04422,128.87108489944598,0,26.073937258884186,1.0431191632550216,0.0,6.035855214647266,1.0,0.0,0,0,20,14,push,19,1,2,0,0
CUST_04423,105.18874601502779,5,130.71764634077795,16.7144037740744,2291.670883437053,17.785721402634067,4.0,3.0,0,0,20,14,push,13,2,2,1,0
CUST_04424,314.13715224650736,4,44.48005432296568,13.941409057010354,1863.0450129048518,57.07769546290952,,,0,0,20,14,push,14,5,4,0,0
CUST_04425,213.54263736883786,1,57.75289208050006,67.72790020652528,411.09016301826176,29.728097563626317,4.0,2.0,0,0,30,14,email,12,1,4,1,0
CUST_04426,801.8706797783723,3,67.29591485523471,3.9459791308107266,5396.262099127452,16.641055541423317,4.0,2.0,0,0,20,14,email,13,2,6,1,0
CUST_04427,230.3224862187605,3,35.80517059129198,7.550164839613439,824.6735910073216,27.267599864495118,1.0,1.0,0,0,30,14,email,0,2,1,0,1
CUST_04428,1038.2773159595054,4,29.61171309070033,9.275600081817274,4099.355998503373,7.169618484352991,5.0,2.0,0,0,50,7,push,16,2,2,0,0
CUST_04429,280.9487063739044,0,82.38137573963294,29.654128532569935,0.0,35.111669112713535,1.0,2.0,0,0,30,7,sms,18,5,1,0,0
CUST_04430,1187.7705949940423,1,52.81171418750999,8.031078429187897,2090.9400394384684,11.208183205884865,1.0,2.0,0,0,30,7,in_app,23,0,5,0,0
CUST_04431,255.39437079245494,9,19.934667371446036,22.18590611830214,1527.3605490862026,51.95797914681447,88.0,0.0,0,0,10,14,in_app,15,3,2,0,0
CUST_04432,259.40060786041033,5,21.444606781668835,2.5608057482762923,927.1240057487289,8.888104249911176,2.0,3.0,0,0,20,7,push,12,2,1,0,0
CUST_04433,580.4828666589664,1,26.21175818766942,7.909010617606445,507.18255109833257,19.270986647818813,2.0,,1,0,20,14,in_app,12,3,0,0,0
CUST_04434,523.2599987248427,2,66.38898368302327,2.5258794539643143,2315.9133011548242,33.97252717850064,4.0,5.0,0,0,10,14,email,8,4,3,0,0
CUST_04435,88.6693115293062,5,80.16351498111166,44.83995165042541,1184.6739471907324,41.505786162831775,2.0,4.0,0,0,20,14,push,11,0,3,0,0
CUST_04436,319.915330739057,2,120.42618341481929,2.935795159972725,2568.4121531196174,12.71422050718928,1.0,4.0,1,0,10,14,email,2,6,0,0,0
CUST_04437,211.9212404014577,3,21.64507669938187,8.146945752008236,6880.577254076544,47.650612481154255,143.0,3.0,1,0,20,30,email,23,0,2,0,0
CUST_04438,200.08239908857365,8,36.02178572769159,1.2876291095948469,1921.9534154269531,20.124225739796266,1.0,1.0,0,0,10,14,push,4,2,4,0,0
CUST_04439,318.74651324543066,4,26.04638351789938,38.14760936593286,1106.9591905311574,5.900621472797097,0.0,1.0,0,0,10,7,email,5,0,4,2,0
CUST_04440,237.89706639582823,0,29.683537350524947,14.66526375325684,0.0,26.614436870019336,4.0,2.0,0,0,20,7,push,11,6,2,0,0
CUST_04441,344.56963940379745,10,57.8542729002586,49.233730417042494,6644.941983737,18.226372524982906,1.0,3.0,0,0,20,14,email,10,2,0,0,0
CUST_04442,123.5436650228501,2,32.21630186977254,0.6478662793549901,265.34133376494657,39.68934920875376,4.0,5.0,0,1,20,14,email,20,2,3,0,0
CUST_04443,68.73761954426064,3,72.93105938504891,2.885187648513776,501.3107412969372,24.61376542017452,6.0,3.0,0,0,20,14,email,8,2,2,0,0
CUST_04444,595.9602354561856,1,24.29379411834293,7.171718350493655,482.60450876305833,26.32431916739057,5.0,2.0,0,0,20,7,email,16,6,2,1,0
CUST_04445,660.0888682445293,5,51.66857744877031,14.567537002428251,5684.308801993933,8.137051144611712,1.0,1.0,0,0,10,7,email,10,1,0,0,0
CUST_04446,570.6165111268496,2,25.38976219253428,5.996369019855406,14487.817520644301,72.0366080960262,4.0,3.0,0,1,10,30,sms,9,5,2,0,0
CUST_04447,308.04929441726165,3,10.997471906980712,18.665361979772793,338.7763461319065,16.4308174875801,5.0,2.0,0,0,20,14,email,6,4,2,0,0
CUST_04448,223.40119271259624,12,17.941544039626738,2.7071806820059394,1603.2649350232743,32.704815045499,2.0,0.0,1,0,20,7,push,19,5,3,1,0
CUST_04449,178.02646272514195,6,35.67598731375766,13.768250939040504,1270.253965139063,21.122059018203153,4.0,2.0,0,0,30,14,email,6,1,4,2,0
CUST_04450,150.6011127483144,2,104.88858512812924,7.611624780631968,1053.0891756595042,32.37729248247039,6.0,3.0,1,1,30,14,in_app,0,6,2,1,1
CUST_04451,281.1901951134971,7,25.13465251840921,10.646497148712374,1649.110830677669,43.22442435056653,2.0,3.0,1,0,20,14,push,19,5,2,2,1
CUST_04452,649.0571026681741,0,29.91879692764492,12.646756317611088,0.0,14.800962098877141,1.0,2.0,0,0,20,14,push,6,5,3,0,0
CUST_04453,165.3748981677127,0,44.424976953923604,0.9264696625760115,0.0,18.960126364604672,1.0,1.0,1,0,30,30,sms,5,5,2,0,0
CUST_04454,649.8188879277302,2,23.11189010344017,38.660118254802974,1001.2361816616938,35.939239547535294,6.0,5.0,0,0,20,7,push,6,6,0,0,0
CUST_04455,72.6637102983343,13,24.772757390826868,23.133127384296426,780.0348687464508,38.30921101305581,3.0,5.0,0,0,10,7,email,22,6,2,1,0
CUST_04456,358.0249557328025,2,34.57976508056388,,825.3612574813062,42.84037000724476,2.0,0.0,0,0,20,14,push,15,4,3,0,0
CUST_04457,414.4046703298507,3,25.484239397789363,11.893501669854906,1056.0787826247895,4.639464644155606,6.0,0.0,0,0,20,30,sms,16,0,7,1,0
CUST_04458,194.4921810824901,3,11.361202467709907,,220.96650476646684,32.394539558660306,3.0,1.0,0,1,20,30,in_app,5,6,6,2,0
CUST_04459,116.1200786232699,13,22.418757034760542,10.335753771942263,1128.082726122031,75.13366556498454,0.0,3.0,0,0,10,30,email,14,5,6,0,0
CUST_04460,542.7032325614846,2,47.89215977181892,8.335146818098345,1732.748661501148,34.37235668553443,2.0,3.0,0,0,50,30,push,20,1,2,1,1
CUST_04461,309.84142813842027,4,48.79373173118872,7.0377059289946775,2015.7759365059287,31.19269362103373,2.0,1.0,0,0,20,14,in_app,16,4,3,0,0
CUST_04462,1424.4846720971918,4,73.82815923022689,25.339570391814924,14022.27749234787,13.519386998517271,1.0,2.0,1,1,50,30,push,3,4,3,0,1
CUST_04463,655.8097193098479,8,70.33866215610217,3.012007424541722,12301.007542726291,24.12889940183594,3.0,1.0,0,1,30,7,sms,10,1,1,0,1
CUST_04464,659.3665613282254,2,19.295799416354804,2.9094200459630857,848.2003272827365,18.500593736348886,2.0,2.0,0,1,10,7,push,16,6,4,0,0
CUST_04465,16.635603890211215,3,21.173494299187265,11.062061543247514,35.22338641329246,24.678728344740165,2.0,1.0,0,0,50,30,push,4,1,3,0,0
CUST_04466,168.26365764206955,5,21.74168409801062,17.43017566717146,609.7225482716144,24.354961827583224,1.0,1.0,0,0,10,30,push,9,2,2,0,0
CUST_04467,103.41087196881112,3,30.22783013515426,0.34044224393896105,312.58862720014076,48.042872915876316,,3.0,1,0,10,14,in_app,16,5,4,1,0
CUST_04468,34.982343570311386,7,22.783530544536386,11.839601993618368,185.97163509251962,1.1138901636256233,2.0,0.0,1,0,20,30,sms,19,3,1,0,0
CUST_04469,291.18217767381134,4,29.82311548066982,-4.0,1157.8612947571992,43.15560526788976,5.0,3.0,1,0,10,14,in_app,14,3,3,0,0
CUST_04470,533.3210979124821,8,19.62259690100386,21.21309561464533,2790.7053128366524,27.712236029010768,5.0,3.0,0,1,10,7,in_app,19,5,3,0,0
CUST_04471,127.19745187867868,7,53.018624552336206,9.491280855483005,1573.5612538728872,23.861125310508633,5.0,2.0,1,1,20,7,sms,15,2,6,0,0
CUST_04472,37.75774552779854,1,18.749401332707183,26.943314961095183,23.59783747729749,35.89878215254297,1.0,3.0,1,0,10,14,sms,22,5,4,1,0
CUST_04473,137.22549595683228,1,18.20064166948186,7.586973621855875,83.25306932757454,9.263674615858921,4.0,4.0,0,0,50,14,email,0,0,4,0,0
CUST_04474,264.3879265527583,1,45.24704985810894,26.324721622053026,398.7591231538232,25.63916335598299,3.0,3.0,0,0,20,30,email,9,1,4,1,0
CUST_04475,249.19686253549443,8,51.07933347216018,18.90852216804509,3394.3492377777543,4.850636499907984,3.0,,0,0,50,14,email,3,4,2,0,0
CUST_04476,302.4572807353465,1,28.931372816016697,26.426375366612366,291.68347832909785,35.255068695234,3.0,2.0,0,0,10,14,email,9,6,3,2,0
CUST_04477,408.1960225512012,2,55.77874557503452,25.10328491009482,1517.910805774967,10.613046795516007,4.0,0.0,0,0,20,30,push,7,0,2,0,0
CUST_04478,296.7646161071869,3,53.41398290481836,9.993618755281107,1585.1380131504263,61.00800355666167,4.0,1.0,1,0,30,7,email,7,3,3,1,0
CUST_04479,554.1316763144572,4,103.49085735548945,6.8851579259253715,7646.341635949032,7.500971320052353,2.0,5.0,0,0,20,14,push,8,6,1,0,0
CUST_04480,129.42752155591745,4,51.406040282041545,21.73179448540038,887.1141848944391,18.297953157572714,3.0,0.0,1,0,10,30,sms,8,5,4,0,0
CUST_04481,240.9258495212865,5,92.2333566447678,6.730069688592213,3703.566633973413,38.53816176411563,7.0,2.0,1,1,20,14,email,13,5,1,0,0
CUST_04482,457.51562002961043,11,34.36908618231474,1.4047168464796296,5765.611050669376,23.22522986900607,3.0,3.0,0,0,20,14,email,15,4,7,2,1
CUST_04483,370.2020708024966,2,76.69033620113804,29.36841305535182,1892.7280848133983,28.39770923297949,4.0,1.0,1,1,20,14,email,7,3,3,0,0
CUST_04484,959.1260282613739,3,77.66928128180393,7.5925033097874035,7449.462927373208,28.151397397419586,4.0,1.0,0,1,10,30,push,5,6,4,1,0
CUST_04485,134.533458558993,3,30.399670091923095,2.1338940346503414,408.97727565187944,22.34279189594572,0.0,,0,0,30,30,push,10,1,4,1,0
CUST_04486,463.417119972479,2,21.90852370191721,15.597093034119089,676.8523304527512,20.0541438201869,1.0,7.0,0,0,50,14,email,8,1,3,0,0
CUST_04487,176.11610166493713,4,24.346655843849955,33.07823477359968,571.7117487728952,33.82549219322153,5.0,2.0,0,0,20,7,push,21,4,0,0,0
CUST_04488,159.69238756138574,8,42.48174687825265,29.59549989407213,27136.046347066447,9.767363965390906,3.0,1.0,1,0,20,30,sms,18,3,1,0,0
CUST_04489,629.1704213756636,7,16.61283841807307,12.126580039972136,2438.871527807131,18.286424426506777,3.0,1.0,0,1,10,14,email,21,3,4,0,0
CUST_04490,294.18466454942654,0,25.223131259121352,1.3828990670095724,0.0,30.094405684635326,1.0,0.0,0,0,10,30,email,4,4,3,2,0
CUST_04491,365.56003197305466,1,67.92052029402991,17.890700547908853,827.6342523437362,15.128610389424974,0.0,3.0,0,0,20,14,push,9,5,2,1,0
CUST_04492,187.9810739026043,2,49.40740833606975,14.079145618703178,619.1771785172583,28.977101433766407,4.0,2.0,0,1,50,30,in_app,20,4,2,0,0
CUST_04493,197.38651733198475,4,8.072123589986491,3.538651829420583,212.44378172010553,25.844661329172304,3.0,3.0,0,0,30,14,sms,5,4,2,1,0
CUST_04494,67.28221545699766,4,14.8858598842561,,133.5404842660263,25.984695767131516,2.0,0.0,0,1,20,14,push,18,1,4,0,0
CUST_04495,344.3365765066771,2,120.94450787813355,1.3598331063709708,2776.3745193360896,22.336607170958615,3.0,2.0,0,0,10,30,email,20,6,1,0,0
CUST_04496,117.9158563765962,1,67.20451580557445,7.00304637959369,264.1492677862935,17.49269538136652,6.0,2.0,1,0,10,14,email,7,3,2,0,0
CUST_04497,268.26005540572817,1,23.34175159984728,1.489567574243937,208.72198591472588,40.72674684665747,5.0,3.0,0,0,30,7,sms,23,1,2,2,0
CUST_04498,553.7161381109613,5,13.557510823903687,36.446880472961645,1251.168755968251,16.056835399015664,4.0,1.0,0,0,10,7,email,19,2,1,0,0
CUST_04499,48.1558722123358,6,15.647259072142658,0.5403797721585237,150.7014816702828,54.77668804234792,2.0,3.0,0,0,10,14,in_app,5,0,3,0,0
CUST_04500,1671.3086335217884,6,44.947566688057954,8.320742551984143,15024.25125230952,18.40032963195306,1.0,2.0,1,0,30,7,email,13,2,2,0,0
CUST_04501,156.8036230568855,5,108.43566135291299,29.683487379819574,2833.850761451042,27.841703273282793,2.0,1.0,0,0,30,30,in_app,6,0,3,1,0
CUST_04502,274.37018887777515,0,104.37127627592257,4.342903378322636,0.0,44.79959143160191,3.0,3.0,0,1,20,30,email,11,3,0,0,0
CUST_04503,365.22803408989876,2,12.866006830788644,1.6641790638926568,313.2684254264097,44.60640178781844,3.0,1.0,0,1,10,14,in_app,11,1,2,3,0
CUST_04504,152.18153210867968,2,27.730620444050935,2.0373702731251297,281.3392203666631,49.063082478090166,1.0,2.0,0,0,10,14,push,15,1,3,1,0
CUST_04505,203.36429436145468,5,19.80177084935282,7.786271910371837,671.1621926476432,37.144562501922735,,5.0,0,0,30,14,email,14,5,2,0,0
CUST_04506,643.2424820799665,2,35.95147757588449,8.394510627974585,1541.701178023613,30.49609244188946,2.0,0.0,0,0,20,7,email,9,5,5,0,0
CUST_04507,512.5446160748432,8,14.90003426563242,18.9918160917678,2036.5152912481542,47.92353019825211,7.0,2.0,1,1,20,14,email,12,2,3,1,0
CUST_04508,245.04118942829086,8,23.86729170453573,4.075726664466766,1559.5918793897108,110.00999048106894,6.0,1.0,0,1,30,14,in_app,3,0,5,1,0
CUST_04509,299.57523547710576,0,19.68079582872919,18.151859238035495,0.0,14.597433901919803,3.0,3.0,1,1,10,7,email,12,3,1,0,0
CUST_04510,333.7187634260773,9,45.33878066386952,103.26027444149108,4539.120545517804,1.6954237439034143,2.0,2.0,0,0,10,14,in_app,23,4,2,0,0
CUST_04511,449.06664678228094,1,24.31478683926782,29.954201259327412,363.9653264378645,8.439297232197319,5.0,2.0,0,0,20,14,sms,13,6,1,0,0
CUST_04512,472.20055610080567,1,26.503939521851606,15.141490512992881,417.1724993693483,35.5728752364055,4.0,1.0,1,0,20,14,sms,20,2,3,0,0
CUST_04513,463.39978959345535,7,44.994986891026855,42.17930194932246,4865.155740214495,8.303760213988006,3.0,1.0,1,0,20,30,sms,20,6,3,1,0
CUST_04514,214.4492390464379,7,88.72240965306534,70.84102720279165,4439.505755175446,33.520981103153986,2.0,4.0,0,0,10,7,in_app,22,5,3,0,0
CUST_04515,325.72949161428346,1,117.85620772895285,,1279.6414209046397,35.93973617730331,2.0,1.0,1,0,20,14,email,3,1,5,1,0
CUST_04516,596.8875457944971,6,43.53684561610868,4.795438877943947,5197.3201862866035,42.03241729957688,5.0,2.0,0,0,30,14,in_app,15,3,2,0,0
CUST_04517,1160.3198918613782,1,31.401498192547685,36.97360643967131,1214.5260995687397,50.64487085130357,5.0,5.0,1,0,20,7,push,21,6,2,0,0
CUST_04518,318.8921431456787,3,72.94811128370489,27.887229199409308,2326.257954569012,20.668740542253726,5.0,2.0,0,0,20,7,sms,18,5,6,1,0
CUST_04519,191.13343969300672,10,66.7062551048159,1.326096796721172,4249.931995740884,8.397241154204867,0.0,3.0,0,1,20,14,sms,10,0,2,0,0
CUST_04520,149.63585894455602,2,56.2095437166903,41.32116175509397,560.7308903285683,40.91631988888799,4.0,4.0,1,0,30,7,sms,7,1,3,0,0
CUST_04521,465.95636391908477,4,12.837823072806527,6.840796965836654,11963.730719282921,71.05486709376709,52.0,0.0,0,0,10,14,push,9,4,5,2,1
CUST_04522,63.94692500053279,2,68.36802481761151,5.831020624225243,4371.924955446368,29.096326002800136,3.0,4.0,1,0,10,14,email,4,4,3,0,0
CUST_04523,469.2910031006294,2,41.055335995736044,6.307219875381181,1284.4599874714897,45.33522677629414,1.0,4.0,0,0,20,30,in_app,6,2,4,0,0
CUST_04524,475.1388592153024,2,19.371029280534408,5.785341224354217,613.5952502786225,25.946514808635612,3.0,1.0,0,0,20,30,email,16,2,1,0,0
CUST_04525,196.99789853755092,3,22.128676918986844,10.885835961033726,435.93028504568156,18.991960547500284,3.0,3.0,0,0,20,30,push,5,2,4,0,0
CUST_04526,359.2650000673729,1,46.95639350736323,13.004429326434979,562.3262905528813,16.302116680563874,8.0,2.0,1,0,10,7,sms,19,2,5,1,0
CUST_04527,251.57500878860589,3,7.33763668843048,8.317364367476735,184.5966014379495,23.6082945756566,5.0,2.0,1,0,10,14,in_app,7,4,3,0,0
CUST_04528,84.65291286786216,4,30.713923972952923,7.980201558458572,346.66975065500355,64.65102032255255,,3.0,0,0,10,7,email,10,6,5,1,0
CUST_04529,445.19048134464435,6,22.353043012824994,20.051926419231886,1990.2723956794196,3.302866515160413,7.0,4.0,0,0,30,14,push,8,3,1,1,0
CUST_04530,417.027133051167,3,21.027591432180998,0.04548195814674957,876.9076169933725,4.1091939360366005,2.0,0.0,1,0,20,7,push,8,5,1,4,0
CUST_04531,210.27646561587886,2,25.17078822437913,44.0298513287802,352.85495897254845,57.28912701714211,4.0,1.0,0,0,30,7,in_app,19,3,1,0,0
CUST_04532,1148.4860246072146,2,13.631179474577692,18.799213486124174,1043.681275031013,10.576185304487295,2.0,2.0,0,0,50,30,push,17,4,1,0,0
CUST_04533,301.4853808983739,0,62.27051419074249,18.426673708333464,0.0,44.48781858136665,5.0,2.0,0,0,10,14,email,9,0,1,0,0
CUST_04534,42.86298217915466,3,9.237424317015519,8.221770480843603,39.594355388152614,54.441168198446434,3.0,0.0,0,0,20,14,email,9,2,2,0,0
CUST_04535,618.4195098013982,0,36.65583135967212,50.627165653814984,0.0,49.64572657883563,2.0,2.0,0,0,20,7,push,15,2,0,0,0
CUST_04536,522.9962126370959,11,19.914841798585297,0.0048492589715003215,3818.975173173249,25.066254578570284,3.0,0.0,0,0,20,14,email,16,1,2,0,0
CUST_04537,566.4885258006651,6,108.86920504583165,1.193465245959595,12334.6310943007,45.56678730219612,4.0,2.0,1,0,10,30,sms,2,5,2,1,0
CUST_04538,124.12091837717338,10,33.56929678631402,24.44953126252981,1388.8839821310637,12.483816440738407,3.0,,0,0,50,30,push,6,4,4,1,1
CUST_04539,352.2233538631147,7,9.262743821511563,20.13134217870527,761.2627621171176,22.283525105906286,3.0,3.0,1,0,30,14,email,13,1,4,0,0
CUST_04540,297.60076968071803,2,45.97476439807441,4.748539724586618,912.141684717108,45.27626072684989,6.0,3.0,0,0,10,30,push,13,1,5,1,0
CUST_04541,261.3821568789241,1,17.192168723685377,13.5491324849016,149.79087141410878,61.2923323155111,4.0,1.0,0,0,10,14,email,6,2,0,0,0
CUST_04542,730.9563841282377,7,59.79568114254495,11.390998789852787,10198.541470702598,24.075509020889072,5.0,3.0,0,0,30,14,push,3,1,5,8,0
CUST_04543,304.6705615565826,2,47.97277196926256,11.233537619730157,974.3927583534072,35.422982036616695,3.0,3.0,1,1,10,14,push,23,5,5,2,1
CUST_04544,216.35028276186054,16,80.12254686571481,13.578826648973305,9245.085690665506,17.150903671864377,4.0,3.0,1,0,20,14,email,4,3,5,0,0
CUST_04545,214.57723654225632,2,37.04817342409098,76.09236150013065,529.979644818647,45.7493528919409,3.0,2.0,0,0,20,7,push,20,3,2,0,0
CUST_04546,115.42120436791956,8,54.13545197202977,65.54547594722467,1666.2344174968912,130.94736166508355,2.0,4.0,0,0,10,14,email,9,3,2,1,0
CUST_04547,327.51059256302784,13,33.97593547469303,59.997816061306736,4821.907462753296,48.27174506227995,4.0,2.0,0,1,20,30,email,20,6,2,0,0
CUST_04548,768.9333017575742,22,23.247735416246357,11.9338257882082,13109.035831467258,6.363110891404464,2.0,2.0,0,1,10,14,push,14,3,3,0,0
CUST_04549,230.9945729372006,5,62.76847513146833,5.742949552406692,2416.5295178188035,22.23990777216466,2.0,2.0,0,0,10,30,email,2,3,1,1,0
CUST_04550,366.90225894260965,0,15.826877738378863,12.31846006051512,0.0,2.6356173703798462,4.0,4.0,0,0,10,14,sms,21,3,3,0,0
CUST_04551,258.1487814477398,0,32.401854784550686,14.620262326778878,0.0,46.16630273202269,2.0,3.0,0,0,10,7,push,18,1,2,1,0
CUST_04552,280.3808248752138,4,23.543756221068687,5.597250207872948,880.1623719898914,22.204355660280537,3.0,0.0,1,0,20,14,push,11,6,4,0,0
CUST_04553,539.3861295887283,2,54.885897543690696,15.026745470145913,1973.646123006321,59.834485047150956,2.0,1.0,0,0,50,14,push,13,5,3,1,0
CUST_04554,113.9997977728454,1,18.764965855545242,14.5926890116581,71.30674375821688,22.566569585788283,5.0,0.0,1,0,20,14,in_app,8,3,4,0,0
CUST_04555,71.05949755790103,2,25.911851331776994,35.068741038615904,122.75220909540678,25.91382800279159,5.0,0.0,0,0,20,14,email,5,2,1,0,0
CUST_04556,619.0595016896661,5,33.9995776073412,4.069330473361527,3507.9602618766294,8.044306287714969,3.0,2.0,1,0,50,14,email,2,0,2,1,0
CUST_04557,192.55339688084422,5,80.85309218241561,17.940556918617236,38921.34387011039,46.773230755950976,4.0,3.0,0,0,10,30,push,12,6,1,1,0
CUST_04558,218.46106027453678,2,24.05854453806762,8.988334117815468,350.3903432298945,20.297992434547435,4.0,3.0,0,0,30,30,sms,5,3,3,0,0
CUST_04559,1311.544610907002,1,26.035597989878337,,1138.2282745122036,27.53648017871484,3.0,2.0,0,0,10,14,push,9,4,5,0,0
CUST_04560,520.7125387451184,1,14.747579747072253,5.700966949136332,255.97498968146948,22.382039641972472,6.0,2.0,1,0,10,7,email,8,6,3,0,0
CUST_04561,140.64367134433073,0,18.360527977906585,0.884742291177866,0.0,36.595287592866214,7.0,3.0,0,0,20,7,in_app,9,5,5,0,0
CUST_04562,648.8352502315507,5,42.42716119849972,,4588.039625473818,47.89609749547456,3.0,4.0,0,0,10,30,email,5,1,7,0,0
CUST_04563,529.2089713938765,4,33.75879937366963,1.0726599081191739,2382.0612656042595,7.662412027659165,4.0,4.0,1,0,10,14,sms,18,3,2,0,0
CUST_04564,4.151562072174576,2,34.0851528410728,38.943283810380834,141.50662775927134,13.716256299514493,5.0,2.0,0,0,20,14,in_app,17,0,0,0,0
CUST_04565,336.6399735564405,18,94.13490932442156,1.609535275019739,19013.74403142672,54.08117100234623,4.0,1.0,0,0,20,14,push,19,0,2,0,1
CUST_04566,119.4443748834291,11,12.141547541528212,25.502043387172705,531.7545039456,28.475893891122283,0.0,1.0,0,0,20,30,email,11,3,1,1,0
CUST_04567,279.9289299468934,12,133.04574096072687,35.4870928938044,14897.340760451134,45.176736261327086,1.0,1.0,0,1,10,14,push,16,2,3,1,0
CUST_04568,1162.7382757809141,13,67.15240974540365,9.457390941126196,33834.96008615844,16.306866601267703,5.0,1.0,1,0,10,30,push,5,2,4,2,1
CUST_04569,555.315973910349,4,27.235579802277535,0.8315207580261131,2016.5803363886375,31.43724771389347,,0.0,0,0,30,14,email,13,3,4,0,0
CUST_04570,607.7089424686163,0,41.877122361086585,13.587150826640489,0.0,31.87414511893289,1.0,1.0,0,1,20,7,in_app,22,4,2,0,0
CUST_04571,258.5616547086305,1,21.98351709183406,4.013650869729573,189.46981851933586,44.94140463001464,1.0,0.0,1,0,10,30,in_app,8,1,4,0,0
CUST_04572,609.6374227320092,8,40.10656054986546,2.915761530789389,6520.122722204069,12.666650937410138,2.0,2.0,1,0,20,14,push,14,3,5,0,0
CUST_04573,161.62214089814802,6,120.29006557460534,12.547086158508677,3888.307585389265,125.70695208977642,1.0,2.0,0,0,10,7,sms,6,2,3,0,0
CUST_04574,333.4379113612378,5,22.471033393256285,6.6097576505929565,1248.7824067960005,8.213760370926263,2.0,3.0,0,0,10,14,in_app,8,2,2,0,0
CUST_04575,537.675018556651,1,28.812134495936363,19.6610466054807,516.3854983253103,34.7086444874778,2.0,2.0,0,0,50,14,push,22,4,4,0,0
CUST_04576,526.3016345469209,7,21.029795545791607,13.41981207927122,2582.5370129854587,15.64039388206157,1.0,3.0,0,1,50,14,push,4,5,0,0,0
CUST_04577,75.83203200309917,1,23.157804080373083,26.521342041065893,58.536778004811744,14.513801771578,3.0,0.0,0,1,20,14,push,18,2,6,1,0
CUST_04578,999.544149223437,21,26.007464193827563,0.9023956508107933,18196.926069754863,43.75955860710699,4.0,1.0,0,1,20,14,push,20,1,7,2,0
CUST_04579,135.33122910883782,2,17.168368444809794,4.016604402988181,154.89442689529972,25.221994534680963,2.0,1.0,1,0,20,30,in_app,13,4,1,0,0
CUST_04580,1465.3476258832413,19,28.27089301269405,12.554905902640158,26236.90110657522,27.590744833261237,,,0,0,30,14,email,0,6,1,1,1
CUST_04581,548.8692651494583,16,34.21073341963479,31.85757783851748,10014.517393204782,9.865662540495599,4.0,3.0,0,0,20,14,push,17,0,4,0,0
CUST_04582,516.5747918443359,8,26.000351491056126,25.184366120714788,3581.6336424991696,1.3955757593671787,4.0,2.0,0,0,50,7,email,9,4,2,2,1
CUST_04583,146.18315423215566,6,8.335660777214322,17.069561831891104,243.70663700449035,47.82192298526956,2.0,0.0,0,0,10,14,in_app,18,5,0,0,0
CUST_04584,199.4157928977213,0,30.186939850924094,,0.0,9.830420378942597,6.0,,1,1,10,14,email,4,2,2,0,0
CUST_04585,946.608152330852,7,32.18939423698054,14.973059321289382,7109.840034107422,4.245775778214146,1.0,3.0,0,1,50,30,push,14,0,2,0,0
CUST_04586,865.9284162641412,3,103.3917340062258,3.604493518858708,8952.984048281445,3.015104720024831,7.0,0.0,0,0,20,14,push,9,5,3,1,0
CUST_04587,264.3183000208677,2,33.65263072581824,13.565179978492827,593.0004096452197,19.785933911313,6.0,2.0,0,0,20,14,email,0,2,3,0,0
CUST_04588,246.91699822619762,0,58.052724662500154,-3.0,0.0,51.50753416114746,3.0,1.0,0,0,20,14,sms,12,3,4,1,0
CUST_04589,252.71999855520443,6,25.65093889361288,7.278208359995271,1296.5010480266972,45.55090538710078,128.0,3.0,1,0,10,30,push,13,2,0,0,1
CUST_04590,651.8625431301797,0,72.1613513845823,32.80279800427878,0.0,12.071883772883583,1.0,4.0,0,0,30,30,email,22,4,3,0,0
CUST_04591,609.1614610182445,4,18.78904733684527,,1526.0751369138163,61.030702647028555,4.0,,0,0,10,7,email,22,6,2,0,0
CUST_04592,399.54958702740424,7,44.83519890048287,1.1975953951950298,4179.906547828541,28.21482487908899,1.0,4.0,0,0,20,30,push,16,1,5,0,0
CUST_04593,335.91864272696006,0,54.828998771288454,63.74335073332317,0.0,14.854130442813194,3.0,1.0,0,0,30,7,push,9,5,1,1,0
CUST_04594,261.93741706666117,7,50.2074627145185,3.920163730872685,3068.6163902127237,44.47152179197925,1.0,2.0,1,0,20,7,in_app,1,2,2,1,1
CUST_04595,1389.9120999775978,4,121.32706142838798,3.637559928731845,22484.5267645389,30.687905570686635,3.0,4.0,1,0,20,30,push,16,4,3,2,1
CUST_04596,84.89829886485013,1,23.321628807342105,43.18691466364546,65.99888708336096,10.850472542281347,4.0,3.0,0,0,10,7,push,9,5,3,1,0
CUST_04597,220.75350924918502,1,77.3445399904465,8.826468644122782,569.1359541384998,16.028744078583866,4.0,4.0,0,0,20,7,sms,8,6,1,0,0
CUST_04598,379.6045213718125,3,66.24679415851409,24.54941619608469,2514.7582588959726,11.26740919452796,1.0,3.0,1,0,10,14,push,9,3,3,1,0
CUST_04599,68.374640686,1,34.113044398020854,5.099422615302649,77.74890511400805,31.65886677402226,4.0,0.0,1,0,10,14,push,3,5,5,2,0
CUST_04600,188.33551519503075,4,99.83877391779755,30.973747073421837,2507.0915896331467,9.914641331590781,3.0,3.0,1,0,30,30,in_app,6,3,4,0,0
CUST_04601,1152.881208052221,3,30.32780982599853,26.78410539908881,3496.43620297752,45.52633949475698,4.0,1.0,0,0,30,30,in_app,16,1,1,0,0
CUST_04602,581.3954338192292,3,33.56184760727129,10.993254954933807,1951.2704949404351,47.49444728523601,4.0,2.0,1,0,10,14,email,9,1,4,1,0
CUST_04603,187.0483917023288,2,33.006675113247965,18.31454452578996,411.58969969162086,16.727143631677308,1.0,1.0,1,0,50,14,email,2,1,2,0,0
CUST_04604,182.27089333051936,1,15.426527390400969,49.87528345315659,93.726897614537,32.527031115622115,2.0,2.0,0,0,10,30,email,8,2,2,0,0
CUST_04605,85.55875683978287,7,52.2954003903976,9.023443725717025,1044.0102040295933,19.169907416697278,4.0,0.0,1,0,20,30,sms,21,3,2,0,0
CUST_04606,209.67854766233094,6,47.61933542166261,10.224353735065986,1996.9506183719216,14.72976930722503,3.0,1.0,0,0,10,14,in_app,21,4,4,0,0
CUST_04607,452.49199627810555,7,31.099520719419157,19.24544321607868,3283.532983178532,36.48800697558531,3.0,2.0,0,0,10,14,email,17,6,3,0,0
CUST_04608,398.0706506588861,2,95.34679595381438,7.326829746956778,2530.317406904996,20.053448096502848,1.0,2.0,0,0,50,14,in_app,4,1,3,0,0
CUST_04609,218.940178312286,9,25.474245606088445,48.751521389639606,1673.2007626103918,34.743996072055275,,3.0,0,0,20,30,email,22,0,1,0,0
CUST_04610,133.5484738192678,2,11.729670257537084,,104.4319707531557,29.373338104809754,2.0,3.0,1,0,20,14,email,21,4,3,1,0
CUST_04611,259.18053123403143,1,103.68148784324336,7.747070359317923,895.7407699448862,4.7147103938994555,66.0,1.0,0,0,20,7,push,5,0,0,0,0
CUST_04612,254.66430456135222,6,60.743834315551055,18.76864288631837,3093.8572644719625,68.21085775581321,3.0,4.0,1,0,10,7,email,10,5,4,0,0
CUST_04613,530.2209968343911,9,48.212821768242264,,7669.035125446874,8.20834557785674,1.0,3.0,1,0,50,30,in_app,11,6,4,1,1
CUST_04614,356.86965560584514,8,27.013392994473673,4.501353226705076,2570.736067915512,45.37640813307825,5.0,1.0,0,0,20,7,email,0,3,2,1,0
CUST_04615,322.04360251633506,0,40.66041280038718,8.00256676817002,0.0,43.10171245122943,3.0,1.0,1,0,20,7,email,8,1,1,0,0
CUST_04616,691.4117103791169,3,15.545528232771414,31.99476120589653,1074.8360264167334,14.983658763702564,2.0,,0,0,30,30,in_app,7,0,3,0,0
CUST_04617,860.6166257012051,5,28.931015183614345,11.878187454765524,4149.752110905419,19.165015920322283,,,0,0,20,30,push,12,4,0,0,0
CUST_04618,394.5507093695979,11,19.25520616093161,-4.0,2785.6235916129203,13.498206616090371,1.0,3.0,0,0,10,30,email,0,3,0,0,0
CUST_04619,401.7275054936182,3,38.749922594211,16.69932615834332,1556.6909741843178,61.66674422723808,4.0,2.0,1,0,10,14,email,10,3,3,1,0
CUST_04620,273.58713606597746,3,57.632179011602986,14.19526037330329,1576.7422801026194,12.208993104463692,2.0,1.0,0,0,20,30,push,8,3,2,0,0
CUST_04621,144.45051543835066,8,17.66216689341387,12.329948363379735,680.3490964031482,6.931604890339059,4.0,5.0,1,1,20,7,in_app,12,6,0,0,0
CUST_04622,560.0233167749751,0,51.15946956310081,7.4429293330198165,0.0,44.13216182588613,3.0,2.0,1,0,30,30,sms,9,4,4,1,0
CUST_04623,486.2164695017627,3,37.33192864103632,1.1240912733646944,1815.1398543536418,28.027727250337968,3.0,4.0,0,0,10,7,email,5,3,2,0,0
CUST_04624,291.3272472680771,1,49.91449437294245,14.542663028535193,484.71507481490823,45.226431223749245,3.0,1.0,0,1,20,14,email,18,3,1,0,1
CUST_04625,357.6929628023632,13,28.636013551970976,8.165445610968629,4438.590229776353,17.615801626262726,1.0,0.0,0,0,30,30,push,4,0,0,0,0
CUST_04626,660.3165628081629,11,50.52201801713363,8.399294988439289,12232.192603842112,54.0705922762742,3.0,2.0,1,0,50,14,in_app,13,3,3,0,1
CUST_04627,736.7658673483271,11,21.813216797762205,4.000171811991118,5892.785651008802,10.353379506065089,0.0,2.0,0,0,50,14,sms,5,1,0,0,1
CUST_04628,17.71327856942984,10,12.069103316520076,4.303635578067384,71.26112970958322,14.030371957646533,2.0,2.0,1,0,20,7,push,19,0,1,1,0
CUST_04629,176.59807661321682,3,13.841077439009222,23.229468212988316,244.43076539836173,2.192874746608381,2.0,6.0,0,0,50,30,email,11,1,4,3,0
CUST_04630,290.59172497519825,3,24.49184505630565,9.79058498475393,711.712750273714,39.21496384053371,,1.0,0,0,50,30,email,16,5,3,1,1
CUST_04631,115.20928271557818,5,12.58475181050339,1.7361789178262075,241.64670487361158,11.72475987949629,3.0,0.0,0,0,10,7,email,7,3,3,0,0
CUST_04632,364.76825996504573,6,83.95018095516082,0.7040309767401827,6124.472286152946,15.501937203972767,3.0,1.0,0,1,20,30,email,4,0,4,8,0
CUST_04633,184.6971391101846,3,31.509884880982902,3.8178776701916526,581.9785591208802,53.19168253386122,3.0,2.0,0,0,20,7,push,9,1,1,0,0
CUST_04634,373.94381945807356,5,57.487270945755895,10.025114785697562,3582.83494461285,64.66499311424415,1.0,0.0,0,0,20,30,email,10,4,2,0,0
CUST_04635,189.49525161822612,1,53.103403025601764,14.405602337796369,335.4280906040159,19.405705905957532,2.0,4.0,0,0,50,7,sms,17,4,2,0,0
CUST_04636,196.39649840325882,2,33.24320166700699,2.326645580900405,435.25656020757003,6.058059913761013,1.0,0.0,0,0,10,7,in_app,7,0,3,0,0
CUST_04637,371.830053605386,5,276.4193213201137,8.533682957575252,17130.168510670384,41.63148069941634,3.0,3.0,0,0,10,30,push,21,6,6,2,0
CUST_04638,577.075782561816,15,191.82569890752148,1.12978121749025,55348.982656262626,37.51854385383241,6.0,3.0,0,0,20,7,email,22,1,2,0,0
CUST_04639,466.32744729822775,4,76.33530064852285,0.5768389382781142,4746.299452022455,18.317353966233103,,5.0,0,0,20,30,push,8,5,4,0,0
CUST_04640,292.50999066048774,6,19.23798743363686,29.854759299342852,1125.4607049079398,37.44790488531682,2.0,5.0,0,0,20,14,push,7,6,2,0,0
CUST_04641,47.383911300798346,6,78.23992894513819,16.108834052110907,741.4627706634386,11.003979020032025,0.0,0.0,0,0,10,30,sms,18,0,3,0,0
CUST_04642,192.40470055716924,4,11.59855515935822,,297.5488709776171,13.461802992421312,0.0,4.0,0,0,20,14,in_app,11,0,3,0,0
CUST_04643,175.01106944536699,8,76.55794084423705,3.0111466221342544,3572.9298937826848,43.36208849835824,1.0,3.0,0,1,30,7,email,11,3,2,0,0
CUST_04644,507.24435282387697,3,7.144386412087225,5.832608838175133,362.39496619228845,3.7348382078790134,1.0,2.0,1,0,10,14,email,18,0,4,1,0
CUST_04645,338.14210775372754,3,27.34752628932636,8.799175518362569,924.735018132329,33.500931173721,3.0,1.0,0,1,30,30,in_app,10,3,7,1,1
CUST_04646,347.6221826554382,4,68.40695774801222,16.095674554153035,3170.636794824313,45.294302172220455,3.0,1.0,1,0,10,14,email,11,5,3,0,0
CUST_04647,150.48936903147253,8,41.72581436990249,11.480729197769824,1674.47772716026,23.204404763724625,1.0,0.0,0,0,10,30,email,18,3,0,0,0
CUST_04648,756.8498596965884,2,13.63793159743071,12.026269194318617,688.1244410711402,20.058938503163006,6.0,0.0,0,0,20,30,push,6,6,1,1,0
CUST_04649,345.8609471470073,9,36.678076638262745,2.560807923542803,3805.6542976920223,33.627002912755636,4.0,4.0,0,0,20,7,in_app,22,2,2,0,0
CUST_04650,142.4894635638802,10,41.73642914279272,-5.0,1982.3337998761438,14.183986244023112,,,0,0,30,7,push,14,0,3,0,0
CUST_04651,151.82585937697505,7,37.44492804461852,26.041887744919297,1326.5252885927468,27.93043708633182,3.0,2.0,0,0,20,14,push,15,5,2,0,0
CUST_04652,384.0542417594622,0,25.93600003708569,10.683752872649375,0.0,20.006562205556843,3.0,0.0,0,0,50,30,sms,22,4,1,1,1
CUST_04653,137.65994783322273,0,55.31526275594284,3.3423129694766778,0.0,60.717630349711925,2.0,2.0,0,0,10,30,in_app,3,2,7,1,0
CUST_04654,176.96691752524384,3,65.82152762623407,8.00110997604003,1164.8232850817324,25.867136560165925,4.0,2.0,0,0,50,30,in_app,7,6,4,2,0
CUST_04655,109.95666366893796,3,30.189251764424785,21.085744370357432,331.95094026777485,13.781034413697881,,1.0,0,0,30,7,email,14,4,2,0,0
CUST_04656,504.3259827031753,14,82.41709676329718,2.175255128586542,19397.038881123186,21.176289129696613,5.0,,0,0,50,30,in_app,4,2,1,0,0
CUST_04657,140.6238366690276,0,30.151768052869688,13.029067118085667,0.0,24.127261920101077,1.0,3.0,0,0,10,14,sms,9,3,2,0,0
CUST_04658,841.7056421090384,6,24.68291704725037,50.42159758738244,4155.150108476,18.582802846556536,7.0,,0,0,10,30,push,14,4,6,1,0
CUST_04659,419.62458760634627,3,74.74976111305551,7.177843062240619,3136.683768073882,19.86233099230508,3.0,0.0,0,0,50,14,email,5,6,3,0,0
CUST_04660,109.54204412881604,3,73.13110679461464,0.6693325150598951,12016.396391527252,20.681853810418108,5.0,4.0,0,0,20,7,in_app,9,1,4,0,0
CUST_04661,463.2947169295196,3,22.826787109966926,15.040152911843522,1057.5529872522534,52.66014526977464,2.0,1.0,0,0,10,30,email,12,2,3,0,0
CUST_04662,757.7470041130078,4,20.923009002317812,0.7237350259536969,2113.9129851381085,12.561469097065267,3.0,1.0,0,1,30,14,in_app,17,3,3,0,0
CUST_04663,282.7569608661603,7,95.4527098557403,3.190579505285737,6297.647567224652,21.429259279579306,0.0,2.0,0,0,20,14,email,2,3,2,1,0
CUST_04664,817.90886966844,7,31.137186837937566,0.744114572558938,5942.388967963594,15.370842840189772,4.0,2.0,0,0,20,14,email,5,0,2,0,0
CUST_04665,425.391417164455,2,33.1808015020228,2.8067063469740625,940.9885449065305,34.3354670520857,2.0,2.0,1,0,10,7,push,9,5,2,1,0
CUST_04666,184.862565135057,4,28.464324681242857,28.958312690936005,701.5984100548891,54.83355584640469,2.0,1.0,0,1,20,30,in_app,3,3,3,0,0
CUST_04667,1164.826727370261,1,73.18324507478381,19.911968174966244,2841.5266619598738,44.2618613977457,4.0,2.0,0,1,20,14,in_app,11,1,3,0,0
CUST_04668,83.1591320447516,3,119.88139733721707,6.2748962932885854,996.9232950874966,23.810925861414237,5.0,0.0,0,0,10,14,sms,19,0,1,0,0
CUST_04669,231.2709073771848,1,34.5356449484152,34.11547890075024,266.23633146920906,29.862852710848216,2.0,1.0,0,0,30,14,email,13,4,5,2,0
CUST_04670,292.5152134487835,2,141.26438902625944,16.412532340580835,2754.7988605818846,54.37605799159486,6.0,2.0,0,0,10,30,sms,22,3,2,0,1
CUST_04671,1037.3863208068376,1,23.7431833031681,,821.0284523705297,39.88648531547875,4.0,4.0,0,0,10,14,email,12,2,4,0,0
CUST_04672,512.5926912405748,3,27.947249255603907,1.0616954520354498,1432.5555708701156,29.149496053138968,1.0,3.0,1,0,20,30,email,12,5,2,0,0
CUST_04673,453.25545852143847,8,49.59314190428023,,5994.229939558213,18.590782713032592,4.0,1.0,0,0,50,7,push,19,4,5,0,0
CUST_04674,161.32729385151845,6,20.283455669880304,7.062686769327476,654.4550026358056,57.12614379776687,3.0,2.0,0,0,20,30,email,23,0,1,0,0
CUST_04675,274.46515033655226,1,49.211502738463366,5.410868508612823,450.2280832466667,18.155303479395606,2.0,1.0,0,0,10,7,push,21,6,4,0,0
CUST_04676,188.58178098274087,0,24.261802306008793,5.100913303034148,0.0,5.436206053182232,2.0,2.0,1,0,30,30,push,5,2,5,1,0
CUST_04677,442.4251306574985,2,13.111958180094517,0.11608643460920685,386.7373207335982,23.66055972390642,1.0,1.0,0,0,20,30,push,23,5,2,0,0
CUST_04678,677.7767912224625,0,11.640590682391702,20.359494184534295,0.0,16.33576324323962,5.0,4.0,1,0,50,14,sms,9,4,0,0,0
CUST_04679,1340.0660579392897,4,27.268325905556697,2.355252648084175,4872.181067048424,17.979441207963838,1.0,4.0,0,0,10,14,email,8,5,3,0,0
CUST_04680,206.8111408328087,11,42.545199034365275,11.029702388560862,3226.2344213938645,23.080431015716616,3.0,1.0,1,0,30,30,email,16,5,5,0,0
CUST_04681,80.74270520845933,2,14.633100977920414,0.2431816644882479,78.7677439030564,117.48134416662103,3.0,2.0,0,0,10,30,email,11,6,2,0,0
CUST_04682,234.43468088801353,5,36.861028454633654,,1440.2505738276711,46.83755894089555,1.0,3.0,1,0,50,30,push,4,5,2,1,0
CUST_04683,615.4518103470485,3,36.92367824230086,6.918449826484952,2272.474461889599,5.7960832124815,,3.0,0,0,30,30,push,19,0,1,0,0
CUST_04684,144.33695503033584,4,29.946569004284758,14.944116831021457,576.3195444912398,68.65211000443102,3.0,1.0,0,0,20,14,email,20,3,3,1,0
CUST_04685,300.7116688768022,5,18.996444135997802,1.4129286494222932,952.0754031434737,14.364475422710218,2.0,2.0,0,0,10,30,email,20,0,3,1,0
CUST_04686,457.3929763531631,5,38.249946228862655,4.645517773012513,2915.8761251613228,28.554942778839543,1.0,,0,0,20,30,email,12,2,6,0,0
CUST_04687,210.33814195144618,3,30.404739382144324,1.7531788033205336,639.5276388158198,21.097239233461572,2.0,3.0,1,0,20,7,email,8,2,2,0,0
CUST_04688,357.135617894386,2,59.68292730676364,15.57987485197027,1420.993274763117,24.602470403219858,2.0,2.0,0,0,30,7,email,20,0,3,0,0
CUST_04689,131.9806470997267,2,15.24598344887386,1.7236477510886863,134.14498408360635,16.403776345183772,2.0,7.0,0,0,30,30,in_app,21,2,5,0,0
CUST_04690,710.0537116667966,1,35.45906597256727,14.399807943939779,839.2613802019732,68.01121831528812,3.0,2.0,0,0,30,14,push,21,2,4,0,0
CUST_04691,248.92314786074076,5,15.438959462694116,2.1700199856688216,640.5190648580317,48.284949095943205,5.0,1.0,0,1,10,30,push,15,1,1,0,0
CUST_04692,349.43110728418395,0,28.72464904256222,,0.0,62.874198648383114,2.0,1.0,0,0,20,14,email,12,2,1,0,0
CUST_04693,49.77780452013527,9,17.166366046241205,8.077595303524845,256.3512040112646,16.865774938283366,6.0,0.0,0,0,20,30,sms,0,6,1,0,0
CUST_04694,115.51802377664792,3,19.098932818478595,2.0302541939730814,220.62709754336115,30.705198592939553,3.0,0.0,1,1,30,14,sms,4,3,5,0,0
CUST_04695,601.3693647718641,2,33.03911988176374,0.6406449130791484,1324.5809690611816,32.5884469037209,4.0,1.0,0,0,20,14,push,11,0,1,0,0
CUST_04696,207.87992646538626,2,23.585313764561636,5.994241167948617,326.86088606934237,25.692817017817017,3.0,2.0,0,0,30,14,sms,17,6,3,2,0
CUST_04697,138.17944433651252,8,79.83938268886837,33.29938309037761,2941.909742964802,14.997063816568138,,0.0,0,0,10,14,email,2,3,2,0,0
CUST_04698,74.12200728062288,2,67.18828337973811,2.3290349075724444,332.0086953230334,22.45959593097393,,2.0,0,0,50,14,push,12,1,1,0,0
CUST_04699,700.9704768270425,6,53.66984867247196,23.46926767576358,7524.195883035575,22.720973303842822,3.0,5.0,0,0,10,14,email,10,6,4,1,0
CUST_04700,497.0614523476737,5,53.036124543762995,8.103091213679393,4393.702182102489,38.284489635692545,3.0,1.0,1,0,20,14,push,5,6,4,0,1
CUST_04701,474.1927955415196,0,35.807534876762254,24.362780660830694,0.0,4.808306163457339,3.0,2.0,0,0,20,30,push,10,0,1,0,0
CUST_04702,892.6720916133155,2,72.44861965193041,31.106825129369042,4311.524055945752,18.58572375021671,1.0,1.0,0,0,20,14,in_app,9,0,1,0,0
CUST_04703,231.46024410943738,0,27.75939466808156,91.90965998577825,0.0,33.79554268242739,6.0,0.0,0,1,20,14,email,19,5,3,0,0
CUST_04704,81.7510536710666,7,118.1107994022489,,2252.9925369153607,2.261542900592611,5.0,3.0,0,0,30,7,email,6,4,4,0,0
CUST_04705,314.3480956100595,2,18.81557732961327,23.86669717346999,394.309393424516,9.064968057589423,3.0,,0,0,10,7,in_app,23,1,1,0,0
CUST_04706,1007.1732286410436,3,16.82228750297146,1.0835432276195753,1694.2957617495645,3.0503769350750045,2.0,2.0,0,1,50,7,in_app,21,3,2,1,0
CUST_04707,319.28623828678536,6,14.339464612644704,5.670508139334528,915.6787430435606,34.65664534774046,7.0,2.0,1,0,20,7,push,17,6,8,2,1
CUST_04708,665.7784306979576,6,15.918469143362085,15.58672001586497,2119.634681076294,31.412994196422172,4.0,1.0,1,0,20,7,push,19,2,6,0,0
CUST_04709,85.02042011062217,7,12.45829293899081,8.893784937466274,247.1488365579792,7.0458678260303245,5.0,0.0,0,0,20,30,push,4,3,7,0,0
CUST_04710,158.44923148611502,1,37.6547050749277,12.494999102654013,198.87863603195365,55.51401300121751,3.0,2.0,1,0,20,7,email,18,0,3,0,0
CUST_04711,576.7965977574339,6,55.27347469513983,50.80592092464949,6376.310430077654,49.934117858649444,4.0,2.0,0,0,30,7,email,6,3,1,0,0
CUST_04712,344.12154114840945,3,33.80073158112332,25.61045520144074,1163.1559843639873,24.2712596418881,4.0,3.0,0,1,20,14,email,21,4,3,0,0
CUST_04713,278.7035794158113,3,14.423018751812394,6.780559295814223,401.9746952111481,3.7619392248400247,2.0,1.0,0,0,10,14,email,9,6,4,1,0
CUST_04714,659.5344308848807,3,24.982917976084103,13.742284926720979,1647.7094589200283,37.36691380735843,3.0,6.0,1,0,20,30,push,16,4,3,0,1
CUST_04715,571.4512856408262,4,54.86587497905741,0.7454663301701243,4180.423305945493,38.796529799244624,4.0,0.0,1,0,30,14,email,18,0,2,0,1
CUST_04716,351.1040906012146,1,26.973171746028,9.046806835945032,315.67969788398455,29.499223419952525,5.0,2.0,1,0,20,14,push,11,2,6,0,0
CUST_04717,18.081277781387552,7,20.511202123968808,14.06258281582113,86.53604008785548,21.86668019669507,3.0,3.0,0,0,30,7,push,10,5,5,0,0
CUST_04718,304.26150915639346,2,13.352844079767696,18.814110934689722,270.8504327493422,14.484843402129343,0.0,1.0,0,0,30,14,sms,10,6,3,0,0
CUST_04719,415.98756437149336,10,25.696473272959704,34.76811400230397,3563.1377765852276,13.73308491268467,1.0,0.0,0,0,20,14,email,20,2,3,1,0
CUST_04720,51.3735848386897,2,21.7249729801118,4.991409899842866,74.40598283413433,26.935212891038397,0.0,4.0,1,0,20,30,email,23,1,3,1,0
CUST_04721,405.82622739951665,4,31.442991329191514,34.86792647094716,1701.3854065708674,68.8165145460861,1.0,2.0,0,0,10,14,email,16,2,0,0,0
CUST_04722,680.0425369770873,7,44.07213139810887,16.249288326997235,6993.215610723417,22.330836213017566,5.0,2.0,1,0,10,14,push,11,0,3,0,0
CUST_04723,303.82113959718873,9,27.952795502897484,1.2123882011520744,2547.795055385246,8.973809145642404,2.0,2.0,0,0,20,30,email,7,0,0,0,0
CUST_04724,124.13426568462204,13,36.99875701280458,7.178592820461398,1990.219197645578,15.804445431095097,1.0,1.0,0,0,10,14,in_app,11,4,2,0,0
CUST_04725,21.840829630279444,0,43.956613459495166,9.710999442995094,0.0,117.89628981557061,5.0,0.0,1,0,10,14,push,5,3,0,0,0
CUST_04726,411.7172342633613,5,15.83328910690129,6.519252282334556,1086.4730000642676,8.901236882373114,3.0,2.0,0,0,20,14,sms,21,4,3,0,0
CUST_04727,59.12027398618268,4,102.68076212110384,1.8484495830635703,809.4019719612943,20.701882959336405,1.0,4.0,0,0,20,7,in_app,19,4,3,1,0
CUST_04728,471.4221866231784,4,21.224229616359153,12.030527415784038,1334.0763646848607,15.896451628087044,4.0,1.0,0,0,30,14,email,18,1,3,1,0
CUST_04729,975.093261049298,3,45.14744774085755,2.1191930605491365,4402.297204568555,17.53440674615791,2.0,2.0,0,0,10,14,push,4,3,2,0,0
CUST_04730,165.02572479499105,11,16.750187292860318,,1013.5443261005784,44.00877010103413,5.0,2.0,0,1,30,30,in_app,12,3,4,1,0
CUST_04731,253.92839475141517,2,35.377837621850794,30.065351762502946,598.895834472853,37.56092417832354,0.0,,1,0,10,30,sms,10,0,1,0,0
CUST_04732,1012.1703000526139,13,36.16309677446168,9.671518188666335,15861.39208898339,18.663709512336208,2.0,1.0,1,0,30,14,email,6,3,2,0,1
CUST_04733,332.6904167273066,7,89.60934301114976,1.0522921144629769,6956.172922775901,47.89052138050734,5.0,2.0,0,0,10,14,in_app,15,3,2,0,0
CUST_04734,209.6123833536455,1,28.801532485401268,12.051309831905398,201.23859561674684,26.64121530680406,3.0,1.0,0,1,20,30,email,21,2,2,0,0
CUST_04735,615.4190916451126,2,72.21745166601367,13.456026702900054,2962.933233681531,14.32266483351854,3.0,2.0,0,0,10,30,email,13,3,2,1,0
CUST_04736,219.28716590250625,12,39.42006543385601,32.89557819976552,3457.725771472654,59.3320297885098,2.0,1.0,0,0,20,7,push,21,2,1,0,0
CUST_04737,155.46102802551377,0,100.61126312861826,1.048573689895544,0.0,22.209632006047546,3.0,3.0,1,0,10,14,push,20,4,0,0,0
CUST_04738,466.26676236021507,10,11.380944478291797,17.669935880169074,1768.8520448314941,16.88265894349799,2.0,0.0,1,0,20,14,sms,10,3,5,1,1
CUST_04739,649.6735783264852,3,44.225498390277856,12.410635664874837,2873.2137792484023,36.60662383369247,1.0,1.0,0,0,30,14,email,2,3,1,0,0
CUST_04740,154.4687237126904,11,6.660956629451771,2.8814795620631286,377.266805394233,22.678141013166133,2.0,3.0,0,0,20,7,push,10,0,5,1,1
CUST_04741,353.7498235008176,11,31.981522624505747,1.9470771161546798,4148.267927358981,64.44458219250033,3.0,3.0,0,0,20,14,in_app,10,1,5,1,0
CUST_04742,262.8814156230961,2,61.10510915433706,17.760142581117446,1070.8931730863956,20.428164432245406,5.0,1.0,0,1,30,14,sms,9,0,4,0,0
CUST_04743,297.2206963027426,3,78.83603010669243,6.228661264222175,2343.169976205511,36.79047209789286,3.0,3.0,0,0,10,30,push,6,1,2,1,0
CUST_04744,125.28878959792277,7,51.58210098432554,145.74169319361079,1507.9537660235926,54.9358744413174,6.0,6.0,0,1,30,30,in_app,11,0,1,0,0
CUST_04745,491.8003189710565,4,27.817426428908075,33.66518988103784,1824.0825587587851,19.989743157147526,4.0,4.0,1,0,20,30,push,17,6,1,0,0
CUST_04746,839.3832153477392,2,45.928107916667315,12.510899602696355,2570.0855265286777,35.83231573762435,3.0,,0,0,20,30,push,11,4,5,0,0
CUST_04747,151.31802949211044,1,149.8785821216858,15.397092195256356,755.9777236574984,15.730739420649728,6.0,3.0,0,0,20,7,push,8,5,4,0,0
CUST_04748,491.51254341524907,3,34.6475568702737,2.595431163040316,1702.9708800432713,41.87776212072525,3.0,2.0,0,0,20,7,email,5,4,2,0,1
CUST_04749,605.6589150057621,9,58.94600535270534,33.66540797244903,10710.352093753008,22.995034416209872,2.0,4.0,1,0,20,7,email,15,3,1,0,0
CUST_04750,351.80584838531416,1,25.594785166234384,9.213203913247575,300.1465036548981,42.50993119286793,1.0,2.0,0,0,10,7,push,20,2,2,0,0
CUST_04751,476.834147225572,6,62.944707495599204,11.051909905213442,6002.837184205423,23.920947343530077,3.0,1.0,1,0,50,14,email,11,0,2,0,0
CUST_04752,167.402206399315,1,57.033201174539,30.96877703396064,318.2494571544611,40.92818311072548,2.0,0.0,0,0,10,7,push,5,6,3,0,0
CUST_04753,807.910332085362,0,22.95858177116058,0.09404916855459941,0.0,11.496600257323786,2.0,4.0,0,0,20,14,email,6,4,2,0,0
CUST_04754,653.0675216256412,6,52.793267492062995,-24.0,6895.513671912222,11.244378602895042,3.0,1.0,1,0,10,30,email,16,1,3,6,0
CUST_04755,704.3941658469769,3,54.31879694062028,14.783271893611518,57392.765491199316,28.473376245305765,6.0,0.0,0,0,20,14,push,5,1,2,0,0
CUST_04756,105.9190651680553,2,51.622913281194556,2.6029845175981,364.5233810663809,44.747537356561985,7.0,1.0,0,0,30,14,email,11,1,3,1,0
CUST_04757,434.5946132875582,4,32.307921083158625,1.061172564511206,1872.113129234703,40.18924331829416,3.0,,0,0,20,14,push,1,3,4,1,0
CUST_04758,178.40313897655355,3,69.23145799866137,11.483643628848233,1235.1109422884615,12.19292840436611,3.0,1.0,0,0,10,30,sms,8,4,7,2,0
CUST_04759,854.4922116590377,9,18.89778683005341,11.895476001577894,4844.403499162012,32.80350440855595,1.0,3.0,1,0,20,7,email,5,2,1,0,0
CUST_04760,154.2212869948186,3,33.30970607130042,6.0127728904262305,513.7065739735074,52.03306432015039,,2.0,0,1,20,30,in_app,10,2,0,0,0
CUST_04761,362.5037539208248,11,35.404591147768045,32.08548828952075,4705.908972269238,36.09440223586589,2.0,3.0,1,1,20,14,push,15,6,4,1,0
CUST_04762,35.56952295787186,6,66.87490371608928,5.373383321605869,475.74168460698155,14.991567251440546,4.0,2.0,1,0,30,30,sms,9,4,3,0,0
CUST_04763,361.11126893332954,6,18.543417306446717,10.899922700982867,1339.2473907782476,18.35321969723715,2.0,3.0,0,0,20,14,push,15,5,1,0,1
CUST_04764,107.13536590415346,2,38.26964739361053,3.1001058794120304,273.3355117691598,3.4706514552573564,4.0,1.0,0,1,30,14,push,11,4,4,0,0
CUST_04765,450.7246874897006,4,24.64564406624423,0.1683457342727941,1481.12002929871,31.359321790175954,2.0,1.0,1,0,20,30,sms,18,5,1,0,0
CUST_04766,269.11673095055147,4,35.36319538252134,8.32761614166567,1268.9103383079705,31.05081475210467,2.0,1.0,0,0,10,7,email,5,3,1,0,0
CUST_04767,224.6567188661326,8,41.90377886903764,11.228261235232234,2510.3907916826606,15.888896629959989,3.0,3.0,0,1,20,30,email,15,0,1,1,0
CUST_04768,868.9700207204604,5,15.378096558505236,21.702125676521927,2227.1841475142564,31.358529545409514,,5.0,0,0,30,7,email,20,1,1,0,0
CUST_04769,1218.215658395435,4,70.69934270665044,8.934102095911564,11483.606176467554,35.224663868827996,1.0,1.0,1,0,10,7,sms,21,6,6,2,0
CUST_04770,78.16178573588735,2,42.806878650154836,4.901171310308713,223.05747180503553,23.377109554039826,4.0,0.0,0,0,10,14,email,21,3,3,0,0
CUST_04771,230.6647626948488,0,19.783383899871744,13.904083537129111,0.0,26.139444670222307,1.0,2.0,1,0,10,7,push,21,4,2,0,0
CUST_04772,547.3783991584365,0,26.985305532088308,7.198995553444933,0.0,62.90069762325737,2.0,2.0,1,0,10,30,push,21,4,3,0,0
CUST_04773,398.6446732536763,4,81.16774051219308,3.987335666403797,4314.278319362986,30.42268388552227,0.0,2.0,1,0,30,14,in_app,18,3,2,1,0
CUST_04774,526.4624203062173,2,42.500275648818565,36.1772942760148,1491.6531987838941,28.459302703645516,6.0,,0,0,20,14,in_app,6,2,1,0,0
CUST_04775,284.5981940170146,7,18.56117723376245,11.540409216271522,1232.5780878969879,49.14116560692673,,,0,0,10,7,in_app,11,6,3,0,0
CUST_04776,671.6344478315169,5,20.695099719111212,3.3561047714395538,2316.5903121105734,10.042981351571173,3.0,1.0,0,0,50,7,push,7,0,3,1,0
CUST_04777,350.8452639838889,1,48.176684958682124,16.671420957579755,563.4187250732493,38.6976920049777,2.0,3.0,0,1,20,30,email,9,3,1,0,1
CUST_04778,415.9410529048739,7,51.773439390256364,24.374184108437785,5024.763074914311,25.57034152748497,3.0,,0,0,10,7,email,21,4,3,1,1
CUST_04779,107.26127034231818,6,41.17038807029249,21.315383848387558,883.1976249811588,37.583136581430686,4.0,2.0,0,1,10,30,in_app,22,3,1,0,0
CUST_04780,324.46492992218975,1,27.80239204870064,13.727023915109902,300.69670625836324,12.622757418017027,,2.0,0,0,20,14,in_app,4,4,3,0,0
CUST_04781,551.5266652441725,1,53.82887927129018,10.997718356765722,989.6020759441944,7.969491508052923,1.0,1.0,0,0,10,30,push,11,0,3,0,0
CUST_04782,382.6308456016516,5,27.463708190134472,22.530540832767105,1751.4103146913596,61.644853379761365,4.0,1.0,1,1,10,14,sms,8,2,2,1,1
CUST_04783,335.4918910158069,19,19.829786279387505,18.471301073173066,4213.397248296977,18.044572384493517,2.0,4.0,0,1,20,14,sms,8,4,1,0,0
CUST_04784,434.96364982810553,11,85.79568688616652,,13683.26853942265,51.18611331514988,3.0,5.0,1,1,20,14,in_app,13,1,2,0,1
CUST_04785,349.3641347296652,3,44.40169687167587,16.081917201289663,1551.2360408101918,18.409444831420643,4.0,2.0,0,0,20,14,sms,11,4,5,1,0
CUST_04786,292.0394644448059,5,20.67913979842118,2.7701300719120905,1006.5208186516987,30.058921625936858,5.0,1.0,0,0,30,7,email,23,5,1,0,0
CUST_04787,563.5259569915439,6,35.89338949849702,0.3020233719288804,4045.371333362154,12.121709751516962,7.0,3.0,0,0,20,14,push,16,1,0,0,0
CUST_04788,276.51700311272674,9,33.66223769145922,40.13434839131244,2792.454325353173,27.164436850311404,3.0,,1,0,20,7,email,23,0,2,0,1
CUST_04789,100.80047166864833,0,26.844192517692264,41.066363326556555,0.0,33.35129644034803,5.0,2.0,0,0,20,14,email,4,4,3,1,0
CUST_04790,842.8626914062156,4,38.09678618432602,23.265467823663464,4281.381298299755,117.3703017611125,1.0,3.0,1,0,30,14,email,13,4,2,0,0
CUST_04791,183.0997724517076,6,18.970467037257613,6.985494431506784,694.6976395648977,18.68093419434425,3.0,4.0,1,1,20,30,push,23,3,4,0,0
CUST_04792,74.0775471710543,4,55.93465193111778,2.451037377619768,552.4669089231842,28.214962346633364,3.0,0.0,1,0,20,14,push,8,2,3,0,0
CUST_04793,474.080449791067,4,32.99325993651747,6.631908092399544,2085.527934770372,70.99081136217261,5.0,3.0,0,0,20,14,sms,12,2,3,0,0
CUST_04794,915.3052159922983,0,12.607947966987298,19.432194063992206,0.0,105.07709084882228,1.0,4.0,0,0,30,30,in_app,17,1,2,0,0
CUST_04795,482.13697248264657,7,28.878826410643182,6.124034745748237,3248.828318045193,64.27218773027337,4.0,1.0,0,0,20,14,email,18,4,4,0,0
CUST_04796,763.5110790314386,1,22.884964280825145,23.83812939794489,582.4307923882913,23.460737162656358,7.0,3.0,1,0,20,7,email,20,1,3,0,0
CUST_04797,139.25793607175822,13,5.5055474834201386,16.767536932327662,332.2328444439988,59.516746136905915,2.0,1.0,1,0,20,14,sms,17,1,2,2,1
CUST_04798,102.22168312985524,2,30.159847035818373,14.912957566697747,205.53268846268864,16.70841443410407,2.0,0.0,0,0,20,7,in_app,23,2,2,1,0
CUST_04799,229.97945370843462,0,61.686598730803446,39.93973946526306,0.0,8.698010150633264,3.0,4.0,1,0,10,30,in_app,17,1,0,0,0
CUST_04800,638.0528895349227,4,31.041065078387874,33.58236892414191,2640.778835667595,6.158847246205949,3.0,3.0,1,0,20,30,email,2,3,2,0,0
CUST_04801,451.8680525349349,0,50.64732587112606,18.65450849335211,0.0,18.32838734755282,4.0,0.0,0,0,10,30,email,17,5,5,1,0
CUST_04802,476.01363412656445,0,33.284672656061154,3.3330511511154652,0.0,39.765433986671006,1.0,6.0,0,0,50,14,in_app,9,5,1,1,1
CUST_04803,335.3413911348354,11,25.18321057682291,41.93459952054494,3096.490051626875,10.2465461540866,1.0,1.0,0,0,20,14,email,11,5,3,2,0
CUST_04804,233.6710726022198,9,21.34973041139403,,1496.6443214996025,8.743598556588923,1.0,0.0,0,0,20,30,push,10,4,3,0,0
CUST_04805,346.8662428279228,10,15.337842602639444,6.99216202780481,1773.3932788878642,6.716889925401798,2.0,2.0,1,1,10,30,email,13,0,6,0,1
CUST_04806,268.9883139448082,5,57.71166132138255,26.297994022687313,2587.2937456320824,66.42019939451396,2.0,2.0,1,0,30,14,email,21,3,2,0,0
CUST_04807,220.56399975898546,2,51.338924444041915,3.5103586961110502,754.901234580149,50.21240370658268,2.0,1.0,1,0,10,30,email,5,5,3,0,0
CUST_04808,406.6124140830186,9,28.022982742340105,15.266682994986308,3418.3477988009035,12.268707442180423,2.0,0.0,1,0,20,7,email,18,6,3,0,0
CUST_04809,249.00491802528617,0,9.830017870138589,9.182811626881364,0.0,8.261997011411014,3.0,1.0,0,0,20,14,email,22,1,4,2,0
CUST_04810,373.3218639113765,7,43.958691870510094,14.673820906558138,3829.172849647764,15.399839365597067,4.0,1.0,1,0,10,14,sms,16,1,1,0,0
CUST_04811,40.8517451082577,5,19.242738178379824,47.56942837453073,131.01657254135196,39.06904356251259,5.0,3.0,1,1,50,30,push,17,5,4,0,0
CUST_04812,350.75515589363476,8,36.10131979530145,24.782384925445314,3376.726414071179,46.8106354581909,5.0,3.0,1,0,20,30,in_app,9,5,7,1,1
CUST_04813,247.7623032951882,2,13.134624654414996,5.260875257298737,216.95099048637496,34.44890330589421,2.0,1.0,0,0,30,14,push,11,6,5,0,0
CUST_04814,791.2517444529609,1,34.99479691889143,0.8846982540867381,922.9898036283315,15.535719093882255,2.0,2.0,0,0,50,14,push,17,3,6,0,0
CUST_04815,70.5501248026253,2,30.60641879075125,51.1888806202565,143.95244436326115,21.530014365408775,3.0,2.0,0,0,10,14,push,12,1,6,1,0
CUST_04816,331.5125551323826,10,7.800358437838475,13.198384958233433,861.9722522254244,8.81749823053022,7.0,3.0,0,0,20,30,in_app,1,4,3,1,0
CUST_04817,556.1731418139663,8,87.42446965641508,2.8511658832213924,12966.17118939417,25.657504568231815,3.0,,1,0,30,7,sms,14,5,1,0,0
CUST_04818,277.50817520085053,0,27.237189793394208,14.797023834225081,0.0,25.55885683777348,2.0,3.0,0,0,20,30,in_app,22,0,3,0,0
CUST_04819,241.042285824707,2,28.34460608919414,0.6470020714893969,455.4832428360176,35.017538462907936,3.0,3.0,0,0,30,14,sms,16,1,3,0,0
CUST_04820,554.8484500794098,3,45.64098846831952,3.1149965965728326,2532.3831711739304,7.970993328799886,1.0,3.0,0,1,20,14,push,21,6,3,0,0
CUST_04821,443.97168744983696,2,32.123872363866866,15.020803631060671,950.8059880539437,4.971148427593925,,0.0,0,0,50,14,email,6,4,4,0,0
CUST_04822,468.0830352870444,2,41.197929159844634,7.724445392583862,1285.603448578714,15.36244824571818,1.0,2.0,0,0,10,7,email,11,2,4,2,0
CUST_04823,220.92658848178098,3,16.66599553067233,5.8976773416608355,368.1961536244047,27.56994944436372,4.0,,0,0,30,14,email,10,0,1,0,0
CUST_04824,198.63823687573583,10,30.40755400944678,15.984684879611864,2013.3676387134067,22.1876756485548,2.0,4.0,0,1,20,30,push,15,6,0,0,0
CUST_04825,373.6588828918194,4,10.531909917127772,30.193970122933564,524.7122259134984,5.021370942435994,4.0,2.0,0,0,20,14,push,5,2,5,1,0
CUST_04826,587.0879912623891,3,28.714772123550553,17.025616986886945,1685.8097885572543,45.94951109245385,4.0,0.0,0,0,20,7,sms,10,1,3,0,0
CUST_04827,88.44921403164182,4,78.81006616184563,9.338665625409325,929.4251213062581,34.23863908942323,1.0,4.0,1,0,30,14,in_app,16,6,6,0,1
CUST_04828,285.29626651776715,7,13.415464214334802,16.132103385846797,893.0557659222335,17.042291824868474,5.0,5.0,0,0,10,30,email,12,2,6,1,0
CUST_04829,206.1715376940686,1,26.8308146845707,17.843763064648357,184.39167737008458,39.271026293871145,7.0,1.0,1,0,10,30,email,4,2,2,0,0
CUST_04830,312.355847220495,11,9.259417633803803,22.378198213484705,15907.282818763477,17.562123746161816,5.0,2.0,0,0,10,30,email,12,5,4,1,0
CUST_04831,520.1527240832834,3,33.27372572440426,5.501926499451393,1730.7419075948897,48.25771490154554,5.0,2.0,0,0,20,14,push,17,5,1,1,0
CUST_04832,151.6082116657785,2,43.803107308284616,1.8229192617427905,442.72738429421486,20.66530049966014,1.0,0.0,0,0,20,30,email,15,6,3,0,0
CUST_04833,480.01386360383833,6,41.68266960415698,17.179901972542474,4001.6518564027333,38.113801156041035,2.0,2.0,0,0,50,30,email,18,4,3,1,1
CUST_04834,227.0798608613676,3,23.077985515763437,1.9360024615615208,524.0545739880218,34.03708757638555,2.0,2.0,0,1,10,30,push,9,5,2,1,1
CUST_04835,651.398464902789,1,9.147660245821333,9.298858467628973,198.62572805267618,21.05166895393878,1.0,2.0,0,0,20,30,push,18,3,5,1,0
CUST_04836,159.6146769564658,1,15.722057655750923,3.9341458696312688,83.64903846045378,40.09207968882515,,,0,0,50,30,email,13,4,2,0,0
CUST_04837,581.4791855942433,9,70.37832397022042,6.0536019476755625,12277.059151707474,49.21924458372985,2.0,0.0,1,0,20,14,push,17,4,2,0,0
CUST_04838,98.1892878220595,7,56.114118799085325,9.540862085595414,1285.6212510504135,29.938560862635278,1.0,4.0,0,1,20,14,email,10,6,3,0,0
CUST_04839,355.4483795179975,5,31.349437718805632,33.97596322842798,1857.1844726583086,20.177916641948567,6.0,1.0,0,0,10,30,sms,6,2,4,1,0
CUST_04840,487.1586911686597,3,36.502323962780174,17.111388273761325,1778.2424366322393,51.36119926790443,1.0,2.0,1,0,20,14,push,23,1,3,0,0
CUST_04841,163.38749342272513,0,17.875458539537057,,0.0,34.04155966700668,3.0,4.0,0,0,20,30,push,19,3,1,0,0
CUST_04842,211.88247065808415,3,71.83556892710067,31.73504057449436,1522.0697825403188,23.65465741995542,6.0,2.0,0,0,20,14,sms,18,2,3,1,0
CUST_04843,314.935026848494,4,21.509835306385522,10.413506705302549,903.2267412964277,4.839672735063365,1.0,0.0,1,0,10,30,email,21,0,2,0,0
CUST_04844,240.35746506707477,3,43.05013891711601,,1034.7422260903427,16.55551606937632,3.0,2.0,0,0,20,14,email,23,6,4,1,0
CUST_04845,195.69218035782572,4,14.928306856153398,11.243800251982252,389.51372236417825,16.563623057374045,6.0,1.0,0,0,20,14,email,9,1,3,1,0
CUST_04846,560.6787042133179,5,29.757344485757184,3.177967364058307,2780.718224517276,27.813467997652154,1.0,0.0,0,1,10,7,push,4,6,0,0,0
CUST_04847,696.8324814065745,0,70.03970973880124,6.866978674699599,0.0,34.215587437532236,5.0,1.0,0,0,30,14,sms,16,3,3,0,0
CUST_04848,669.2914902997537,0,18.762123712989098,24.56168644433928,0.0,35.6169750326017,1.0,0.0,1,0,20,14,in_app,20,2,6,0,1
CUST_04849,430.8387627026084,0,51.91534713946677,16.12118995377207,0.0,23.95387141594736,3.0,4.0,0,0,20,7,sms,16,0,3,0,0
CUST_04850,473.1078779548724,1,17.314430671979775,9.749647251588206,273.0531184405702,44.294729674304705,2.0,1.0,1,0,20,14,push,12,2,1,0,0
CUST_04851,140.2794647345833,2,19.27585702005447,3.8512678647388627,180.26712700490677,27.787528598115358,2.0,1.0,0,1,30,14,push,12,1,2,0,0
CUST_04852,293.15369890217914,2,32.93759911450868,4.972825306068353,643.7186008916907,8.766310628950496,1.0,,0,0,50,14,email,5,6,1,1,0
CUST_04853,334.7855352274758,5,59.32222751485854,57.41275295555628,3310.037281574668,26.45268252971762,4.0,3.0,1,0,10,14,email,6,5,1,0,0
CUST_04854,383.61918938612644,1,27.69047841584887,6.29962520996914,354.0866294533991,21.759134241621524,2.0,1.0,0,0,20,7,email,5,6,2,0,0
CUST_04855,378.73464835410437,6,47.9973197345281,14.36167417100402,3635.6496023192026,36.58539859912865,6.0,3.0,0,0,20,14,push,10,1,4,2,0
CUST_04856,315.5368051416015,8,65.7908762328478,,5535.851438394485,41.6258157955108,2.0,4.0,0,0,30,14,email,12,1,6,0,0
CUST_04857,427.2862287544914,3,20.8491014137611,0.3506275591838491,890.8533916005915,64.65359849562722,5.0,1.0,1,0,30,30,email,11,5,4,2,0
CUST_04858,366.5470665753561,4,13.261971349565796,43.41790042495555,648.1515593586345,30.36931024894722,3.0,4.0,1,0,50,14,email,8,5,1,0,0
CUST_04859,365.93351989994625,12,26.75417952784937,,3916.1004346644004,135.03750050376865,1.0,6.0,0,0,30,30,email,6,4,4,0,0
CUST_04860,173.04670461377236,11,71.08334774441475,16.125241699650577,4510.2709960314605,12.166874654346167,2.0,0.0,0,0,10,7,email,13,5,6,1,0
CUST_04861,112.33883543588804,1,20.336264733493596,24.99204916897757,76.15174324255302,18.888877561203124,3.0,2.0,1,0,10,7,email,8,5,2,0,0
CUST_04862,385.0070733507556,1,60.88396522106162,20.7186884633261,781.3585754583374,11.878926557082675,1.0,1.0,1,0,50,30,email,4,6,2,1,0
CUST_04863,219.5445022742086,3,28.289753771949236,24.851899104018056,621.085991132251,45.5343468309088,3.0,2.0,0,0,10,14,in_app,13,6,3,0,0
CUST_04864,180.0494068602658,8,94.9857851053089,20.189960746789684,4560.5691382313435,28.08125193337884,4.0,1.0,0,0,20,14,email,18,1,3,1,0
CUST_04865,495.94711989247537,0,127.38999808551658,8.847279426977039,0.0,33.903128524375084,5.0,1.0,1,0,20,14,email,2,3,2,0,0
CUST_04866,295.57831031131724,0,61.49018129220711,33.99012269534596,0.0,26.4165109045424,3.0,,0,1,10,30,email,8,2,1,1,0
CUST_04867,765.8284061173254,7,12.330036940708409,36.5316516209785,2203.2949254564414,50.33558178586939,6.0,6.0,1,0,30,30,email,6,6,2,0,0
CUST_04868,459.70278195336857,7,7.830785661450217,8.615932622889007,839.9612558048167,33.69947552147408,1.0,0.0,0,0,30,14,email,16,1,2,1,1
CUST_04869,163.92545935379326,5,34.35358354892868,9.947313000884323,938.5711606178415,38.44050038820677,1.0,2.0,0,0,50,7,push,21,6,1,0,0
CUST_04870,500.21344816428683,10,57.05353313408332,9.972664595651043,9512.98151298507,47.369004622997544,4.0,4.0,1,0,50,30,email,6,2,1,1,1
CUST_04871,412.9242467772259,0,44.72828177247213,4.904720471875812,0.0,40.53421039297788,3.0,3.0,0,0,20,14,email,22,4,1,0,0
CUST_04872,158.57525317149958,1,21.452565341336033,1.8314403838516833,113.39486600601663,9.42118233279735,1.0,1.0,0,0,50,30,email,8,6,2,0,0
CUST_04873,198.26174647149583,8,13.577426326393518,4.5567556204289215,717.8358016156919,19.38826775955376,2.0,,1,1,20,30,sms,6,4,3,1,0
CUST_04874,483.88863409649264,13,57.85122199114275,27.878473981189828,12130.537809046386,9.237175286710542,5.0,4.0,0,0,30,14,in_app,23,3,5,0,0
CUST_04875,55.57734671604538,1,101.00389412395884,11.747923988587635,187.11761477993332,6.681473117047688,4.0,2.0,0,0,30,7,push,18,1,0,0,0
CUST_04876,33.83569151501893,1,22.152857277169343,28.476627744510715,24.985241500218137,44.45680452580476,4.0,2.0,0,0,10,14,email,9,5,6,2,1
CUST_04877,350.94115155851415,0,54.332772405052246,20.506904768031276,0.0,44.54950834713154,3.0,,0,0,20,7,push,13,3,1,0,0
CUST_04878,331.879882133516,3,157.868186948149,6.429805028189615,5239.327527698356,37.68536227886541,3.0,2.0,0,0,50,30,push,12,5,2,1,1
CUST_04879,374.15709339151715,1,29.55248273647294,3.0742601309816218,368.5757014393901,14.428626075298052,2.0,3.0,1,0,20,7,sms,5,2,2,0,0
CUST_04880,332.58410222870316,8,29.913461490147355,12.562879943372604,39794.966937014164,14.055789515739264,0.0,6.0,0,0,20,30,email,22,2,0,0,0
CUST_04881,423.4149288799981,0,46.33229450737255,41.19953585732549,0.0,16.68356012634009,4.0,3.0,1,0,20,14,in_app,13,6,4,1,0
CUST_04882,703.2517918486523,2,27.92127938685567,27.43399753820585,1309.0459839675393,63.10765898121411,4.0,1.0,0,0,50,14,email,17,5,2,1,1
CUST_04883,310.47253810283723,7,73.96113789996092,21.64839977289942,5358.010514447456,5.277074105530871,1.0,2.0,0,0,20,30,sms,18,6,3,0,0
CUST_04884,81.35409600709372,2,25.986977431122828,21.669920712755978,140.94313712438296,6.83901891161971,4.0,4.0,0,0,10,14,sms,13,5,3,0,0
CUST_04885,48.15409601256161,10,32.50424118883216,11.253806260660404,521.7374503408279,12.694917536690916,0.0,4.0,0,0,10,14,sms,8,4,5,0,0
CUST_04886,235.41352706506981,4,13.93680729893602,2.7863865134479995,437.45506163583167,23.176741081771937,3.0,2.0,0,0,50,14,email,12,5,4,1,1
CUST_04887,240.34628745131616,1,28.75034853213252,5.043519742596642,230.33465108764827,37.87450624513694,4.0,1.0,0,0,10,30,email,23,4,1,1,0
CUST_04888,95.94541205174231,1,18.091680728291585,,57.860458739483384,43.594427747456436,2.0,2.0,1,0,30,14,push,19,4,2,1,1
CUST_04889,26.118282143993486,6,40.75743996051196,5.704712970535662,212.90286327110522,41.114249342995905,3.0,2.0,0,0,20,14,sms,23,2,2,1,1
CUST_04890,221.7332585619594,8,12.200301774975943,22.819122666527388,721.3900448012461,60.01034184443738,4.0,2.0,1,0,10,14,push,5,5,6,2,0
CUST_04891,912.2162800738267,1,59.61651045357109,7.007317645040711,1812.7717132313007,40.070323333366815,0.0,2.0,0,1,20,7,sms,4,5,0,0,0
CUST_04892,411.13157650375456,16,19.634656220029793,1.8138224268870933,4305.294488453386,46.80777085512808,1.0,5.0,0,0,20,14,email,16,3,4,0,0
CUST_04893,385.8064579344253,1,96.59019355939301,22.886405568605575,1242.1706816116653,16.455416342270848,6.0,1.0,1,0,10,30,push,15,3,3,1,0
CUST_04894,271.1411750975835,0,75.37340063363345,17.966391374773682,0.0,10.887844270927658,0.0,4.0,1,0,50,14,push,8,2,4,0,1
CUST_04895,235.09833227626942,2,45.667518090041916,4.378501406243442,715.757156144348,18.862150458603743,1.0,0.0,0,0,50,14,email,10,1,4,0,0
CUST_04896,441.04415460487473,1,13.160318151309156,59.54099229499627,193.47604644584447,62.953701483099564,3.0,3.0,1,0,10,14,push,6,3,1,0,0
CUST_04897,107.36979977180764,4,22.720479196811354,7.742335139499144,325.26577361082076,26.460632350568268,3.0,3.0,1,1,50,7,email,9,3,2,0,0
CUST_04898,1070.6553148694752,6,19.340985086603016,17.113123876750326,62122.585433348344,39.4636540971283,3.0,,1,0,50,7,sms,22,1,3,1,1
CUST_04899,115.2488142359058,4,20.84937854502478,36.19411099726031,320.3821539826188,38.61544243622724,3.0,2.0,0,1,50,14,email,9,4,1,0,1
CUST_04900,469.415730120609,10,85.2912032104552,2.543981131690231,13345.677475967019,36.93342647670379,3.0,2.0,1,1,30,14,sms,6,2,2,0,1
CUST_04901,125.4709980146463,0,30.217273328202154,31.68217256685689,0.0,25.4628978938632,2.0,0.0,0,0,20,30,email,7,2,8,12,0
CUST_04902,338.8055418005371,2,22.315504568151997,18.25652236675163,504.04110771767324,14.647185090141793,3.0,2.0,0,0,20,14,push,11,4,1,0,0
CUST_04903,504.96859019007854,2,21.141846266463286,2.7509619618246135,711.731220212756,32.61140403660195,0.0,3.0,0,0,10,30,email,11,0,6,0,0
CUST_04904,65.76559540106678,3,24.068341532787034,16.382544500967686,158.28688112199637,31.149835103714874,3.0,4.0,0,0,10,14,email,4,3,3,0,0
CUST_04905,138.50082819700813,1,45.58468002243811,31.140783507554872,210.4505312067763,19.901899944123663,3.0,5.0,0,1,30,7,in_app,4,3,1,0,0
CUST_04906,146.89854395988144,5,12.475238600452414,24.06790545748191,305.4323976597615,12.018654043441835,0.0,0.0,0,0,10,30,push,7,3,3,1,0
CUST_04907,251.10065624615274,1,35.12479059625119,21.444729168660597,293.9952656409123,6.957159659326989,4.0,1.0,0,0,10,14,email,17,3,3,0,0
CUST_04908,370.4278089938701,7,42.69697607362831,2.639179595306159,3690.4343694441604,38.434340419277376,2.0,3.0,0,0,30,30,email,10,6,2,1,0
CUST_04909,924.4613647811656,2,11.69055444887137,3.172377526957591,720.4977280568103,14.282366637117816,3.0,0.0,0,0,20,14,push,4,6,1,0,0
CUST_04910,196.80801579349108,6,14.146734851184334,11.901689757716632,556.8381632036435,16.375290771913104,2.0,4.0,0,0,20,14,sms,16,2,1,0,0
CUST_04911,885.8107332690539,7,32.18097997458133,13.017724302686199,6651.460076006812,51.26322760636801,2.0,6.0,0,0,10,14,email,0,0,3,0,0
CUST_04912,400.84003053154316,1,78.6171279406652,43.13569307139694,1050.4297321346157,2.6024393739542955,6.0,2.0,0,0,30,7,push,13,1,1,0,0
CUST_04913,111.57573185080733,4,68.14493775694064,9.485899720270409,1013.7761736211153,5.371721540059782,1.0,3.0,0,0,30,7,push,9,2,3,0,0
CUST_04914,272.1211553414029,3,22.986753866114952,5.403847549541074,625.5182019595661,29.04050400885254,4.0,1.0,0,0,20,14,email,2,2,1,0,0
CUST_04915,82.8058416173114,2,77.13622854949399,3.175135473914886,425.8220216150756,64.64188880249651,1.0,4.0,1,0,20,14,push,4,2,1,0,0
CUST_04916,235.5214026931086,8,27.336532098129787,0.8354016107647213,1716.8902358711239,60.611692752985036,6.0,1.0,1,0,10,14,sms,17,4,2,1,0
CUST_04917,222.6683719003051,5,27.196162477972955,1.0668595562002974,1009.2875368177342,5.021012928039605,2.0,2.0,0,0,10,30,in_app,7,1,2,0,0
CUST_04918,342.9790115492352,9,35.03716312086578,12.8056178319335,54076.55208607738,24.763782746878974,6.0,2.0,0,0,20,14,in_app,7,5,1,0,0
CUST_04919,470.5236868305379,9,54.79938371879903,2.908540648672928,7735.322419023202,15.222034914672495,3.0,3.0,0,0,30,30,sms,11,4,2,1,0
CUST_04920,288.8099730190595,0,22.979467111195778,28.619387295052302,0.0,24.233623553415296,115.0,2.0,0,1,30,30,email,5,0,6,0,0
CUST_04921,123.92969224132162,3,26.080043909420393,13.612634314264639,323.20918153346236,43.0017311996434,6.0,2.0,1,0,20,14,email,23,4,1,0,0
CUST_04922,763.668705240783,1,15.659839381540552,30.024608118041286,398.6309754926566,28.71424741748064,2.0,2.0,1,0,30,14,sms,9,3,4,0,1
CUST_04923,963.8006973668091,7,40.8789764884309,8.365138158504559,9193.143411011255,13.128169820340874,6.0,0.0,1,0,10,7,push,10,1,2,0,0
CUST_04924,267.4755766344707,1,57.97451479975659,,516.892225872285,27.855174491125734,3.0,3.0,1,0,20,14,email,3,5,2,1,0
CUST_04925,388.1854848142612,8,60.145995441872834,11.180138588120276,6226.080640063933,68.10082095453794,2.0,1.0,0,0,20,14,push,12,2,0,0,0
CUST_04926,256.07886305783813,0,14.585847461311893,64.77366936551998,0.0,15.353477385146544,3.0,2.0,0,1,10,14,sms,18,1,2,0,0
CUST_04927,345.0321880780515,13,26.318236539449636,23.904937018343933,3934.9434538102146,22.77801311645788,3.0,1.0,0,0,20,30,email,10,1,0,0,1
CUST_04928,358.6809088192749,0,69.91503748219,13.572848361003564,0.0,28.416343639286012,2.0,2.0,0,0,20,14,push,5,5,4,1,0
CUST_04929,97.43754463725362,2,38.0652390085565,13.993391389475763,247.26556166826347,19.078136768697107,3.0,0.0,1,0,10,14,email,1,1,2,1,0
CUST_04930,239.07669554970693,2,33.8000692266256,4.291284464790582,538.7205906701992,60.086707691602015,,2.0,1,0,20,14,email,9,6,1,0,0
CUST_04931,616.4166605479836,0,33.32540154703718,19.90640397488032,0.0,32.266169207890584,1.0,2.0,1,0,20,7,in_app,20,4,3,0,0
CUST_04932,580.422697250219,5,45.82707749505568,60.97137540734859,4433.1793211291715,21.80249279101652,5.0,2.0,0,0,30,30,sms,4,0,3,0,0
CUST_04933,235.57110546883942,6,39.3127761564125,2.0791291364729236,1852.1908276430247,9.16945603063512,3.0,,0,0,30,14,sms,22,1,1,0,0
CUST_04934,363.7147300581709,2,23.447607076031666,15.211083860312048,568.5493385445943,18.980342529709734,4.0,4.0,0,1,20,30,push,20,1,4,1,0
CUST_04935,249.978174135309,1,56.18420736399896,10.943474614900179,468.160852403068,41.522808231877036,2.0,0.0,0,0,20,14,email,2,2,2,0,0
CUST_04936,483.2434037354027,7,16.091142577848405,28.497975505415997,1814.3856521725959,17.953745213948494,5.0,0.0,0,0,10,30,email,4,2,0,0,0
CUST_04937,65.14669740430374,1,73.20580012197418,0.0007030633504426824,158.9705369595398,9.8143928557742,2.0,3.0,0,0,20,14,push,10,6,2,0,0
CUST_04938,441.8943959643143,9,19.344873962766783,2.202895386415106,2564.5174184347857,16.550745975571814,3.0,3.0,0,0,20,14,email,4,1,3,0,0
CUST_04939,797.8492187040202,0,46.004258358924965,0.5666617907775338,0.0,19.60099907826175,4.0,3.0,1,0,20,30,email,22,3,0,0,1
CUST_04940,171.43740072039395,2,29.99834547842687,2.66777226771211,342.8558916489257,9.261612149875223,1.0,2.0,0,0,10,30,push,1,4,2,0,0
CUST_04941,726.7795123690148,8,24.882713362831385,18.461749237015834,4822.46567580175,39.90638069542755,5.0,2.0,0,1,20,7,email,22,3,2,0,0
CUST_04942,377.15533086200753,6,74.77940804467991,2.2566134704647403,5640.690476551264,43.08481356624152,3.0,2.0,1,0,30,14,in_app,15,2,4,1,0
CUST_04943,288.25067983213995,4,51.714782374783006,14.606058966654583,1987.576156920316,17.964199281349224,3.0,3.0,0,1,10,14,in_app,12,1,1,0,0
CUST_04944,234.11666705714353,1,31.964605159318427,,249.44822745657348,36.08909188569899,2.0,2.0,0,0,30,14,email,15,2,3,1,0
CUST_04945,743.8661302437713,0,94.35863870217833,0.5285573746026254,0.0,5.98019090505136,4.0,,0,0,10,30,email,4,1,4,1,0
CUST_04946,250.6209475637337,10,59.611560049742565,0.40727564955841344,4979.9685551396315,17.6582520372506,4.0,,1,0,30,30,push,17,4,1,0,1
CUST_04947,877.8706859566574,10,20.424060477599035,68.851673535164,5976.561327163374,55.66556915867606,3.0,1.0,1,0,30,14,email,7,0,1,0,0
CUST_04948,812.0119983263104,2,8.531720345614234,-13.0,461.8572858002303,46.582542022948246,2.0,2.0,0,0,20,30,push,18,6,0,0,0
CUST_04949,208.0275486416021,0,35.308237686234946,,0.0,26.45588606718861,3.0,0.0,1,0,10,14,push,19,3,1,0,0
CUST_04950,265.47854769877813,5,75.9517927336883,5.494213793053123,3360.595271676363,44.746309886487424,3.0,1.0,0,0,10,14,push,10,3,2,0,0
CUST_04951,45.12215862352283,7,47.76964514640982,63.00073032662864,502.94288465999705,29.94122462882735,3.0,1.0,0,0,20,7,push,10,3,2,0,0
CUST_04952,295.53318633963175,5,85.1469198184416,3.8663466460646694,4193.95675349153,23.92288767893904,1.0,1.0,0,0,50,14,email,6,4,2,0,0
CUST_04953,324.2418309987105,1,23.12726654072914,20.964975349256093,249.96090830537432,29.901803651200666,6.0,1.0,0,0,20,30,email,13,2,2,1,0
CUST_04954,661.1925556597917,1,30.866316291321283,4.139901318035459,680.2859517487394,3.217182445585734,2.0,0.0,1,0,30,14,email,4,0,6,0,0
CUST_04955,841.2084093848569,8,31.319316127921333,,7025.6192274640525,41.85008688353133,2.0,1.0,0,1,10,14,email,8,6,3,0,0
CUST_04956,515.3293618123331,7,38.27254264945442,31.89224384445512,4602.025161645019,33.468571615735534,3.0,1.0,1,0,30,14,sms,5,4,0,0,0
CUST_04957,624.9582792251954,5,52.48175940982908,0.43276743235282095,5466.485008579581,16.764051195466685,3.0,2.0,1,0,10,30,in_app,21,2,1,0,0
CUST_04958,265.31307072012027,5,88.18367018326195,5.505970090751785,3899.38005394859,36.10999752687345,2.0,,0,0,10,14,sms,16,4,2,0,0
CUST_04959,103.60614515515574,6,100.04464466413347,10.017827314338854,2073.047995413638,16.47699203924722,2.0,2.0,0,0,20,14,email,17,5,1,0,0
CUST_04960,376.64440137179355,0,90.01195198332542,14.732241373903449,0.0,38.691707553685795,6.0,1.0,0,0,20,7,push,18,3,4,0,0
CUST_04961,653.69368172165,7,49.474068684860164,0.42972182471111126,7546.206758616408,11.375294576507834,7.0,2.0,0,0,20,30,push,5,2,4,1,0
CUST_04962,12.765734885532174,1,26.968418755337794,7.931559307087122,11.475722803755195,21.735337950267716,3.0,,1,0,20,14,in_app,20,4,5,1,0
CUST_04963,335.9256906841889,2,37.922289742362686,6.330485447772013,849.2714249352746,8.820279539396859,63.0,2.0,1,0,20,14,push,15,3,1,0,0
CUST_04964,52.93920528003016,14,49.06469121244219,0.4085115962683571,1212.1413547118254,23.985647682451493,1.0,1.0,0,0,20,30,sms,6,4,1,0,0
CUST_04965,159.60367316290814,4,35.91089886617857,6.586128284472673,764.2015154165084,47.647426523257266,2.0,3.0,0,1,30,7,email,22,5,4,2,0
CUST_04966,346.0034629920531,4,19.138909474647363,40.255110970207554,882.9505274825871,6.442217088544211,3.0,2.0,1,0,20,14,email,10,6,3,0,0
CUST_04967,850.307087048663,1,25.092701092754446,4.816068939382604,711.2167190787612,40.37158409740184,2.0,2.0,1,0,30,7,email,9,4,0,0,0
CUST_04968,311.12601136041894,13,55.747089354534545,13.213538820876222,7515.893474192655,21.256593708095696,4.0,5.0,1,0,20,30,email,8,6,3,0,1
CUST_04969,492.11151329785343,1,28.56264160316358,5.3093732930206246,468.5334927705685,19.53318531543199,0.0,3.0,0,0,30,14,push,15,1,2,1,0
CUST_04970,373.9663686452648,5,33.59925550737375,1.6919232436687275,2094.165261879496,40.986203971916765,2.0,0.0,0,0,10,14,push,10,0,1,0,0
CUST_04971,168.19023530043995,1,31.593366350235065,5.13151380054716,177.12319067930125,46.12291219631589,1.0,2.0,1,0,20,30,email,5,1,2,0,1
CUST_04972,428.636989572375,0,19.388505475793497,9.544674551671267,0.0,12.461667707796732,1.0,2.0,0,0,50,30,push,18,2,4,0,0
CUST_04973,100.87728260433954,5,29.881440351025034,5.26909479472205,502.39308381917795,50.96029977098413,3.0,2.0,0,0,10,7,push,5,4,3,0,0
CUST_04974,307.73954142815336,4,25.16136405177631,14.679248388539872,1032.4195513333952,38.46927728598411,3.0,2.0,0,0,50,14,email,9,3,4,1,0
CUST_04975,734.4750597574922,5,21.865623132767173,44.66506211857977,2676.625809512329,34.92538624075156,5.0,2.0,0,0,30,14,push,13,3,2,0,0
CUST_04976,353.2237865162131,7,17.54930964150081,1.0768160239295688,1446.3945072071606,18.386884303566553,1.0,5.0,0,0,20,30,email,2,5,3,0,0
CUST_04977,374.0850234034105,2,31.175672494985207,18.934856853012523,777.4901449935735,56.398176134633395,1.0,4.0,0,0,20,14,push,16,5,0,0,0
CUST_04978,235.24514078468243,8,47.98565254347783,0.01885795553151368,3010.237756862746,22.12693272798623,3.0,1.0,1,0,10,7,push,3,6,7,0,0
CUST_04979,70.36946603825399,0,64.86758622512575,0.015330317044044344,0.0,4.676831052515993,3.0,2.0,0,1,20,30,push,1,3,3,1,0
CUST_04980,257.27714544785437,4,14.346577106854173,2.1393493506843755,492.13952066653053,27.901090999098592,4.0,4.0,1,0,50,14,push,10,1,6,1,0
CUST_04981,560.376089282276,4,86.82045722058236,9.806892458325343,6486.947771595877,46.66733893766942,3.0,3.0,1,0,50,14,sms,11,2,0,0,1
CUST_04982,409.2298856763393,0,39.47893716624328,0.7379172383350743,0.0,14.281701004115966,3.0,4.0,1,0,10,7,in_app,8,0,4,0,0
CUST_04983,106.73388219656258,3,16.840433749669288,19.210203623449488,179.74448719762182,39.980404688590085,4.0,3.0,1,0,10,30,push,10,6,1,0,0
CUST_04984,49.79376940470636,0,25.99180510127476,0.4457820977695162,0.0,18.94235932684955,2.0,1.0,0,0,10,30,email,4,4,3,1,0
CUST_04985,166.48472394038922,11,10.735634542470756,10.26078322328711,655.3503561469884,15.990938242557046,7.0,2.0,0,0,20,14,in_app,14,2,3,0,0
CUST_04986,259.33837783331904,9,12.515213169750202,16.909743701144595,973.7025245043625,50.57500947039121,4.0,2.0,1,0,50,14,email,17,2,3,0,0
CUST_04987,274.0727966852927,3,93.02376640195034,4.068287118276031,2549.5283815981898,135.74031270156672,1.0,,0,1,10,14,email,6,6,3,1,0
CUST_04988,276.8933985949261,5,21.76753052013909,12.987462905165048,1004.5475841233488,27.507079661186168,3.0,1.0,0,0,20,14,in_app,5,0,0,0,0
CUST_04989,308.8114339213952,4,45.701696995216636,4.5527296882936845,1881.760877564529,18.378460935513015,,1.0,0,0,50,7,in_app,1,1,1,0,0
CUST_04990,419.0339813488812,3,30.97824969948681,3.6138335331041875,1298.093930679574,30.61230328146054,1.0,,0,0,20,7,email,11,5,1,0,0
CUST_04991,222.52877262789895,3,33.47121568442855,25.588357852553,744.8308544619565,68.43853828777618,1.0,3.0,0,1,20,14,push,16,2,3,0,1
CUST_04992,136.1624299276413,1,41.29809130407812,6.0725297758246395,187.44161544456236,43.62353158599992,5.0,1.0,0,1,10,14,push,16,1,6,1,0
CUST_04993,453.96146723090465,2,9.483824079968368,25.22848134434393,287.0193796201483,19.862199461393452,1.0,3.0,0,0,20,30,push,1,2,3,0,0
CUST_04994,569.6541564502539,3,73.04862258206145,3.667603438709,4161.245147683719,19.102926703085487,5.0,7.0,0,0,20,30,push,23,1,8,3,1
CUST_04995,194.5510121675346,3,31.211106356327647,6.597717498436257,607.2152332492117,12.820050472245685,1.0,0.0,0,0,20,14,email,23,4,3,0,0
CUST_04996,1075.4709061644483,2,24.46960453465238,1.6247868814544189,1754.423184157886,47.36576097755227,5.0,1.0,0,0,30,14,sms,19,3,3,1,0
CUST_04997,820.2945819525185,1,43.851278841633274,10.29258507021012,1199.0322148493628,20.923060249588364,2.0,1.0,0,1,50,30,in_app,16,0,3,0,0
CUST_04998,114.24866763958386,7,21.48443505159123,7.209158281776297,572.7325519144769,40.706309345708576,3.0,3.0,1,0,20,14,in_app,9,2,4,1,0
CUST_04999,54.18398029232535,1,37.5219907901695,0.08961646625278258,67.7696936501119,23.629185367517387,4.0,1.0,1,0,10,30,sms,9,1,2,0,0
CUST_04133,260.1660174348522,3,63.42770876514704,,1650.1734384445974,43.75355150208169,2.0,,0,0,20,14,email,12,0,3,1,0
CUST_02955,881.773124131169,5,168.3921468089715,8.842722678192517,24747.27822848354,26.11808169343357,2.0,1.0,1,0,10,14,email,11,5,2,0,1
CUST_01965,292.5610124270687,0,34.69816514731679,11.309292009495447,0.0,29.364862877322786,3.0,1.0,0,0,30,14,in_app,10,0,1,0,0
CUST_02885,935.2281211383978,1,78.37846515057316,4.161245882815342,2443.3914900160644,7.1644916434523696,4.0,2.0,0,0,30,7,email,20,4,1,0,0
CUST_01285,361.97816367152797,2,33.59911351823145,2.748078009954184,810.8096941547087,27.834484972429795,2.0,2.0,0,0,30,30,push,23,2,1,0,0
CUST_00157,119.36494753763783,14,28.577444171109597,10.384549403824801,1591.8677246473267,18.94111826110285,5.0,0.0,0,0,20,14,sms,22,0,3,1,0
CUST_00168,266.0925961007388,3,48.155436485475406,-24.0,1281.3805110784388,23.033026612019082,1.0,0.0,0,0,20,14,email,12,4,1,0,0
CUST_02452,799.5266030600085,5,28.21050944459926,2.462845268896231,3759.1754644721227,35.229486165010435,2.0,2.0,1,0,20,7,sms,9,4,1,0,0
CUST_01078,204.34219941991793,1,38.303762358023455,1.0999748250329757,260.9025015432125,13.403289636678986,1.0,4.0,0,0,10,30,email,12,3,4,0,0
CUST_03942,737.0648023864605,2,25.968338367970148,7.643521037475354,1276.0232124995105,35.347509681884034,2.0,2.0,1,0,20,30,email,5,5,2,1,0
CUST_00721,233.74847581067456,7,30.38060690863924,0.7438841688763529,1656.9981304561236,3.6474238636013587,3.0,2.0,0,0,10,30,push,0,3,2,0,0
CUST_00589,308.91814957938124,0,21.46033760315976,,0.0,49.24294460359711,6.0,1.0,1,0,10,14,email,5,4,2,1,0
CUST_00862,333.94438211778765,4,14.736204801155923,6.244164924786525,656.1430409444254,6.0351182002028905,4.0,4.0,0,0,30,14,email,8,2,2,0,0
CUST_01126,94.33994542453382,0,41.930899555420524,,0.0,25.864081758713176,1.0,1.0,1,0,10,30,email,19,6,4,1,0
CUST_04335,184.05055771911492,1,99.71316356277124,4.8231741696101516,9176.131682832687,16.800051333990513,4.0,1.0,0,0,20,14,in_app,23,5,1,0,0
CUST_04844,240.35746506707477,3,43.05013891711601,,1034.7422260903427,16.55551606937632,3.0,2.0,0,0,20,14,email,0,6,4,1,0
CUST_00496,384.62561411783275,2,24.635086037764694,8.353106207765984,631.6856730747261,4.881898944839173,3.0,5.0,0,1,10,14,push,10,4,2,0,0
CUST_02674,148.92187190282948,3,13.056930416167052,18.13440234915066,194.44625188805878,21.891460105846477,5.0,3.0,0,0,10,14,sms,20,5,2,0,0
CUST_02949,198.52444804225243,4,31.87235421446853,50.04439299133185,843.6588704312697,5.300608008360236,3.0,4.0,0,1,10,14,push,6,0,2,0,0
CUST_04981,560.376089282276,4,86.82045722058236,9.806892458325343,6486.947771595877,46.66733893766942,3.0,3.0,1,0,50,14,sms,12,2,0,0,1
CUST_01862,82.39699124696614,7,38.034312067063446,25.77347639425724,731.2463383106478,10.724018745195755,2.0,1.0,0,0,20,14,sms,18,4,2,0,0
CUST_04684,144.33695503033584,4,29.946569004284758,14.944116831021457,576.3195444912398,68.65211000443102,3.0,1.0,0,0,20,14,email,21,3,3,1,0
CUST_00004,836.9485942015172,2,49.31491527289745,14.63894111945555,2751.6032673878967,20.39521133515913,3.0,2.0,0,0,20,14,email,9,5,2,1,0
CUST_02054,259.7796229475589,7,17.737157836239277,2.2361567795266932,16127.132612008523,10.33356755709711,3.0,6.0,0,0,30,7,sms,7,0,2,0,0
CUST_02634,608.4286452704127,1,17.972766278863606,17.53024960014202,364.5048612936914,6.490528593359711,4.0,3.0,0,0,30,14,sms,17,1,2,0,0
CUST_02047,779.99177017361,5,33.44849610524785,14.914291275883631,4348.258614462895,24.863421570793832,3.0,1.0,0,0,20,14,sms,20,1,1,0,0
CUST_04413,233.01727083056886,3,26.17448087903511,1.0649633406636405,609.9106099839669,4.92377347837077,0.0,2.0,0,0,10,30,push,12,4,3,1,0
CUST_02318,360.2576530166232,10,45.68312953197211,27.85910531853893,5485.899009214219,24.076403492743587,3.0,2.0,1,0,10,30,push,11,1,4,1,0
CUST_00472,212.56772543771726,10,34.045918920137474,6.643664593609545,2412.3545150968553,33.90752742276831,1.0,3.0,0,0,20,30,email,22,0,2,0,0
CUST_00466,319.530187438065,9,49.42189335749326,27.70747081814901,4737.536054419164,35.112111578360036,1.0,0.0,0,0,10,7,in_app,19,6,3,2,0
CUST_00146,549.506213702474,5,19.792870805209446,5.528493189748414,1812.7175824121468,5.780104890725105,3.0,1.0,0,0,20,14,in_app,7,3,4,0,1
CUST_02179,16.831613763884828,4,39.65767573785348,38.4792585328028,89.00035743905813,21.937943942138148,3.0,,0,0,20,14,in_app,5,0,4,1,0
CUST_04426,801.8706797783723,3,67.29591485523471,3.9459791308107266,5396.262099127452,16.641055541423317,4.0,2.0,0,0,20,14,email,14,2,6,1,0
CUST_01740,163.7769002139136,3,27.242144027988218,4.879819521253614,446.16339040848885,32.56439668227118,2.0,3.0,0,1,20,14,email,19,3,1,1,0
CUST_04752,167.402206399315,1,57.033201174539,30.96877703396064,318.2494571544611,40.92818311072548,2.0,0.0,0,0,10,7,push,6,6,3,0,0
CUST_00863,204.21161466570382,6,64.03952925318038,13.893289836659651,2615.5231342447078,28.800652807923317,2.0,0.0,0,0,10,14,sms,8,2,3,0,0
CUST_04632,364.76825996504573,6,83.95018095516082,0.7040309767401827,6124.472286152946,15.501937203972767,3.0,1.0,0,1,20,30,email,5,0,4,8,0
CUST_04630,290.59172497519825,3,24.49184505630565,9.79058498475393,711.712750273714,39.21496384053371,,1.0,0,0,50,30,email,17,5,3,1,1
CUST_02391,423.89668085652,3,16.640429602739456,4.0101739414816615,705.3822876627835,19.742765453125067,2.0,3.0,0,0,10,7,sms,15,1,0,0,0
CUST_04634,373.94381945807356,5,57.487270945755895,10.025114785697562,3582.83494461285,64.66499311424415,1.0,0.0,0,0,20,30,email,11,4,2,0,0
CUST_01507,431.794745249818,0,4.822386035733276,11.021587872933653,0.0,10.074631750549203,5.0,,0,0,20,14,sms,13,5,1,0,0
CUST_02292,320.45855971815257,4,13.268238861038558,10.045105069734355,566.9227620539783,12.381155091495408,3.0,2.0,1,0,10,30,in_app,6,2,3,0,0
CUST_03108,231.53821039628585,2,33.04854861355922,1.1689908232644781,510.1334534785437,27.89779145348698,5.0,4.0,0,0,10,7,sms,12,0,2,1,0
CUST_01480,129.18126634638514,9,64.08862137739422,7.12570953131968,2483.714780377739,21.036514378906386,1.0,0.0,1,0,20,14,email,18,6,1,0,0
CUST_01708,258.8525215725841,17,22.990013008662988,9.559579959249904,3372.2462750247246,25.580048211715184,6.0,6.0,0,0,30,7,email,6,5,2,0,0
CUST_02231,251.41292831993985,2,15.080116826638712,7.994626867508056,252.7557553861358,44.12671330793883,5.0,0.0,0,0,10,14,push,15,5,2,0,0
CUST_04643,175.01106944536699,8,76.55794084423705,3.0111466221342544,3572.9298937826848,43.36208849835824,1.0,3.0,0,1,30,7,email,12,3,2,0,0
CUST_01279,148.6468682663774,1,57.55996507566577,15.802055829722754,285.2036182006591,41.18141980968097,1.0,,0,0,50,14,push,11,3,2,0,0
CUST_01893,410.23647459697247,2,22.69170539480326,,620.5976815838128,39.96063978574384,2.0,2.0,0,0,20,14,email,13,1,3,0,0
CUST_03112,148.26477016684316,8,48.36844301189733,16.682636059434287,1912.3562897298689,48.584480643041786,1.0,2.0,0,0,30,14,email,15,3,1,0,0
CUST_00940,132.64886228860144,4,39.46396228228172,12.51904138900142,697.97995975266,11.240742452619736,1.0,3.0,0,0,10,30,email,11,4,5,2,0
CUST_02709,118.98622097013788,8,19.89064788388217,15.878035695073043,631.1234731602158,29.98868333180219,3.0,2.0,0,0,10,14,email,13,1,2,0,0
CUST_03530,76.0122110177462,3,17.6671548119093,24.337190358082108,134.29194996460396,32.09969085165758,4.0,2.0,0,0,30,7,push,20,5,2,0,0
CUST_00252,499.5415392407526,7,27.460915142415598,36.79182695604531,3200.835824480462,37.623072438065904,5.0,3.0,0,0,20,30,email,17,2,8,2,0
CUST_04774,526.4624203062173,2,42.500275648818565,36.1772942760148,1491.6531987838941,28.459302703645516,6.0,,0,0,20,14,in_app,7,2,1,0,0
CUST_03449,571.7785624280474,2,66.65782354933951,43.37303157008837,2540.900968241586,6.612825402263314,68.0,1.0,0,0,30,14,email,13,0,2,0,0
CUST_04084,493.66299729915033,9,14.388000314745142,9.587161800772762,2130.847008155462,0.9129788174611844,1.0,1.0,1,0,30,7,push,12,4,5,2,0
CUST_02355,372.80275008160487,3,60.14048295047075,4.9016836307897895,2242.0537435171364,52.64563568371562,2.0,0.0,0,0,50,7,push,4,5,3,1,0
CUST_03431,330.21453331552453,4,108.58973400917604,16.128330639275195,4781.0544451596015,27.45993274491759,3.0,3.0,1,0,50,7,in_app,16,0,1,0,0
CUST_01996,152.81959844440573,3,17.394775652422716,7.634133171025638,265.82626302337655,11.080328424581335,4.0,2.0,1,0,20,14,push,10,6,1,0,0
CUST_02735,158.83777158380545,6,68.73857491738836,12.220487770611449,2183.6564123448866,32.89184476601097,1.0,2.0,0,1,20,14,sms,12,3,4,1,0
CUST_04847,696.8324814065745,0,70.03970973880124,6.866978674699599,0.0,34.215587437532236,5.0,1.0,0,0,30,14,sms,17,3,3,0,0
CUST_03367,162.1619007396555,4,15.209965010997413,24.057043616017904,328.8635781822661,115.89575011084517,2.0,2.0,1,0,50,7,push,7,0,1,0,0
CUST_01499,469.0173558275967,0,27.53264825660797,2.766660974903167,0.0,9.203987308837569,4.0,3.0,0,1,50,14,email,0,3,4,0,0
CUST_03532,61.43440438565809,1,40.84484233236956,31.159692005275335,83.6426186971746,42.000940900387796,2.0,1.0,0,0,20,30,email,19,3,0,0,0
CUST_04845,195.69218035782572,4,14.928306856153398,11.243800251982252,389.51372236417825,16.563623057374045,6.0,1.0,0,0,20,14,email,10,1,3,1,0
CUST_01278,320.2661029148254,1,13.50454679198471,2.1631297499941606,144.1682857566617,32.60353888618292,2.0,3.0,0,0,50,7,push,9,6,0,0,0
CUST_04399,358.81931182040523,1,70.90788863224529,,848.1039933886731,59.59246625489003,3.0,2.0,0,0,20,30,sms,8,6,5,0,0
CUST_03293,330.21821406977506,0,45.493737517355996,20.295378746463147,0.0,49.95263215869529,0.0,2.0,0,0,10,14,push,21,0,2,0,0
CUST_00847,459.8303697466393,14,80.8907878032274,5.359101986694765,17358.152403505665,22.320855292149684,4.0,0.0,1,0,10,7,email,23,2,3,0,0
CUST_01162,206.51980297227274,4,51.187993473775634,,1409.5112435666836,19.71585579748686,5.0,2.0,0,0,50,7,email,9,1,2,1,0
CUST_03777,157.17698337400518,7,32.82236768284284,,1203.748172569057,25.364783006681428,4.0,2.0,1,0,20,7,email,9,3,4,1,0
CUST_00322,385.4890045872322,0,47.321654196007024,9.877860632634421,0.0,9.816947556571803,0.0,0.0,1,0,20,30,sms,6,4,3,0,0
CUST_00040,531.1959342053862,2,26.634670070646592,5.473098135806444,943.2152300286238,11.735575307192356,3.0,2.0,0,0,10,14,email,7,6,2,2,0
CUST_03955,158.4403708455206,4,39.74645247997415,6.885485976616172,839.6590227627955,35.42086120192485,4.0,3.0,0,0,50,14,email,17,3,3,0,1
CUST_03571,97.7654693634398,4,22.264536930068257,36.893254383133964,290.2270537503683,35.84028329944455,2.0,1.0,0,0,20,14,email,16,0,1,0,0
CUST_01685,254.50362492753902,0,13.82830708575107,38.453968768634084,0.0,54.70832491563256,4.0,7.0,0,0,30,7,email,12,1,6,0,0
CUST_01240,723.7061898767955,6,52.584415422796795,4.594525075929157,7611.133386506175,41.99652991140212,2.0,3.0,0,0,10,14,push,5,1,3,0,0
CUST_01743,136.15465027455417,0,81.52884949137939,12.580665195620655,0.0,30.555806730473055,4.0,2.0,0,0,10,30,sms,5,5,1,0,0
CUST_01114,158.0586298341696,2,44.0304293226049,,463.9592886494117,31.728216555363165,6.0,4.0,1,0,20,30,sms,12,1,2,1,0
CUST_04347,83.91065778068916,8,14.018184329035066,4.874144361656858,313.6733514507416,27.348297143962945,,1.0,1,0,10,14,sms,12,0,2,0,0
CUST_01744,4.654887322581392,2,85.10238253590694,35.582734923252175,26.409466772524354,26.366381408656842,1.0,1.0,0,0,10,14,email,10,1,4,0,0
CUST_00929,347.47587386610815,0,32.951916342423196,3.2602085261137272,0.0,24.83847518398392,3.0,2.0,0,0,50,7,push,6,5,3,1,0
CUST_01425,136.33257375190757,2,22.90007905958117,2.565976831193498,208.1351144876576,49.33915552756585,4.0,,0,0,30,7,in_app,15,0,2,0,0
CUST_01111,389.30429913544117,12,29.754436430263993,5.6888619066362995,4633.4120082615855,27.47433516534646,4.0,3.0,0,0,20,30,push,16,1,3,0,0
CUST_03468,215.70413725085896,2,55.33062625831612,67.46177883789208,795.6696667066534,25.575096073797926,4.0,3.0,0,0,20,14,email,10,0,5,0,0
CUST_04463,655.8097193098479,8,70.33866215610217,3.012007424541722,12301.007542726291,24.12889940183594,3.0,1.0,0,1,30,7,sms,11,1,1,0,1
CUST_02427,428.0850560697239,5,17.939831185699436,16.708413875606585,1279.9622731685874,25.030667655981944,3.0,1.0,0,0,20,7,push,5,6,2,0,0
CUST_01464,421.01998261755085,8,44.49943793431514,7.8124456797260065,4996.040689492304,148.70997008459435,4.0,2.0,0,0,20,30,push,5,2,1,0,0
CUST_02255,719.4775638522648,8,8.002711242114527,5.587671323006165,1535.405650317251,71.92636301720981,1.0,5.0,0,0,20,14,sms,0,3,4,1,1
CUST_01648,284.3318573242265,3,18.65368414785242,0.46644867320765826,530.383665969836,43.73726244336009,5.0,3.0,0,1,30,14,email,20,5,1,0,0
CUST_04841,163.38749342272513,0,17.875458539537057,,0.0,34.04155966700668,3.0,4.0,0,0,20,30,push,20,3,1,0,0
CUST_03442,372.88486573526427,9,36.22451109706971,0.9370078447184035,4052.2715870269285,44.48384416034755,3.0,2.0,0,0,50,7,email,9,6,3,1,1
CUST_02739,382.5447216640935,9,33.9609033669655,9.844924744932149,3897.4692977930986,27.988559865705376,5.0,2.0,1,0,20,30,email,8,3,1,0,0
CUST_03452,53.40637264551419,3,21.82006123329571,11.167835664175161,116.53303213733284,31.323241687125737,1.0,3.0,1,0,30,14,push,4,1,4,1,1
CUST_02253,883.5934416696207,1,42.810052788655305,,1260.8893960528694,59.30249085523626,1.0,0.0,0,1,30,14,push,9,0,2,0,0
CUST_00772,137.78594075787817,3,28.88837491526333,6.396349999602823,398.04119146658473,38.47447771612241,0.0,0.0,0,0,20,14,in_app,13,6,2,0,0
CUST_00703,307.9901877289149,2,14.623057380553885,3.716470557735749,300.2505458538324,44.907674102572685,1.0,0.0,0,0,20,14,push,5,0,2,1,0
CUST_04430,1187.7705949940423,1,52.81171418750999,8.031078429187897,2090.9400394384684,11.208183205884865,1.0,2.0,0,0,30,7,in_app,0,0,5,0,0
CUST_03102,480.84163287064547,0,60.25995923435281,0.1871586888866801,0.0,28.22584545715166,4.0,1.0,0,0,50,14,email,4,6,2,0,0
